[2025-11-04T01:24:39.965+0700][0.004s][info][gc] Using G1
[2025-11-04T01:24:39.966+0700][0.005s][info][gc,init] Version: 17.0.12+8-LTS-286 (release)
[2025-11-04T01:24:39.966+0700][0.005s][info][gc,init] CPUs: 28 total, 28 available
[2025-11-04T01:24:39.966+0700][0.005s][info][gc,init] Memory: 32522M
[2025-11-04T01:24:39.966+0700][0.005s][info][gc,init] Large Page Support: Disabled
[2025-11-04T01:24:39.966+0700][0.005s][info][gc,init] NUMA Support: Disabled
[2025-11-04T01:24:39.966+0700][0.005s][info][gc,init] Compressed Oops: Enabled (Zero based)
[2025-11-04T01:24:39.966+0700][0.005s][info][gc,init] Heap Region Size: 4M
[2025-11-04T01:24:39.966+0700][0.005s][info][gc,init] Heap Min Capacity: 8M
[2025-11-04T01:24:39.966+0700][0.005s][info][gc,init] Heap Initial Capacity: 512M
[2025-11-04T01:24:39.966+0700][0.005s][info][gc,init] Heap Max Capacity: 8132M
[2025-11-04T01:24:39.966+0700][0.005s][info][gc,init] Pre-touch: Disabled
[2025-11-04T01:24:39.966+0700][0.005s][info][gc,init] Parallel Workers: 20
[2025-11-04T01:24:39.966+0700][0.005s][info][gc,init] Concurrent Workers: 5
[2025-11-04T01:24:39.966+0700][0.005s][info][gc,init] Concurrent Refinement Workers: 20
[2025-11-04T01:24:39.966+0700][0.005s][info][gc,init] Periodic GC: Disabled
[2025-11-04T01:24:39.972+0700][0.011s][info][gc,metaspace] CDS archive(s) mapped at: [0x000002a808000000-0x000002a808bd0000-0x000002a808bd0000), size 12386304, SharedBaseAddress: 0x000002a808000000, ArchiveRelocationMode: 1.
[2025-11-04T01:24:39.972+0700][0.011s][info][gc,metaspace] Compressed class space mapped at: 0x000002a809000000-0x000002a849000000, reserved size: 1073741824
[2025-11-04T01:24:39.972+0700][0.011s][info][gc,metaspace] Narrow klass base: 0x000002a808000000, Narrow klass shift: 0, Narrow klass range: 0x100000000
[2025-11-04T01:24:40.734+0700][0.773s][info][gc,start    ] GC(0) Pause Young (Normal) (G1 Evacuation Pause)
[2025-11-04T01:24:40.735+0700][0.774s][info][gc,task     ] GC(0) Using 12 workers of 20 for evacuation
[2025-11-04T01:24:40.740+0700][0.779s][info][gc,phases   ] GC(0)   Pre Evacuate Collection Set: 0.1ms
[2025-11-04T01:24:40.740+0700][0.779s][info][gc,phases   ] GC(0)   Merge Heap Roots: 0.1ms
[2025-11-04T01:24:40.740+0700][0.779s][info][gc,phases   ] GC(0)   Evacuate Collection Set: 4.2ms
[2025-11-04T01:24:40.740+0700][0.779s][info][gc,phases   ] GC(0)   Post Evacuate Collection Set: 0.4ms
[2025-11-04T01:24:40.740+0700][0.779s][info][gc,phases   ] GC(0)   Other: 0.4ms
[2025-11-04T01:24:40.740+0700][0.779s][info][gc,heap     ] GC(0) Eden regions: 6->0(5)
[2025-11-04T01:24:40.740+0700][0.779s][info][gc,heap     ] GC(0) Survivor regions: 0->1(1)
[2025-11-04T01:24:40.740+0700][0.779s][info][gc,heap     ] GC(0) Old regions: 0->5
[2025-11-04T01:24:40.740+0700][0.779s][info][gc,heap     ] GC(0) Archive regions: 0->0
[2025-11-04T01:24:40.740+0700][0.779s][info][gc,heap     ] GC(0) Humongous regions: 0->0
[2025-11-04T01:24:40.740+0700][0.779s][info][gc,metaspace] GC(0) Metaspace: 224K(448K)->224K(448K) NonClass: 214K(320K)->214K(320K) Class: 9K(128K)->9K(128K)
[2025-11-04T01:24:40.740+0700][0.779s][info][gc          ] GC(0) Pause Young (Normal) (G1 Evacuation Pause) 23M->22M(512M) 5.445ms
[2025-11-04T01:24:40.740+0700][0.779s][info][gc,cpu      ] GC(0) User=0.00s Sys=0.00s Real=0.01s
[2025-11-04T01:24:40.742+0700][0.781s][info][gc,start    ] GC(1) Pause Young (Normal) (G1 Evacuation Pause)
[2025-11-04T01:24:40.742+0700][0.781s][info][gc,task     ] GC(1) Using 12 workers of 20 for evacuation
[2025-11-04T01:24:40.748+0700][0.786s][info][gc,phases   ] GC(1)   Pre Evacuate Collection Set: 0.1ms
[2025-11-04T01:24:40.748+0700][0.787s][info][gc,phases   ] GC(1)   Merge Heap Roots: 0.1ms
[2025-11-04T01:24:40.748+0700][0.787s][info][gc,phases   ] GC(1)   Evacuate Collection Set: 5.0ms
[2025-11-04T01:24:40.748+0700][0.787s][info][gc,phases   ] GC(1)   Post Evacuate Collection Set: 0.3ms
[2025-11-04T01:24:40.748+0700][0.787s][info][gc,phases   ] GC(1)   Other: 0.1ms
[2025-11-04T01:24:40.748+0700][0.787s][info][gc,heap     ] GC(1) Eden regions: 5->0(5)
[2025-11-04T01:24:40.748+0700][0.787s][info][gc,heap     ] GC(1) Survivor regions: 1->1(1)
[2025-11-04T01:24:40.748+0700][0.787s][info][gc,heap     ] GC(1) Old regions: 5->10
[2025-11-04T01:24:40.748+0700][0.787s][info][gc,heap     ] GC(1) Archive regions: 0->0
[2025-11-04T01:24:40.748+0700][0.787s][info][gc,heap     ] GC(1) Humongous regions: 0->0
[2025-11-04T01:24:40.748+0700][0.787s][info][gc,metaspace] GC(1) Metaspace: 225K(448K)->225K(448K) NonClass: 215K(320K)->215K(320K) Class: 9K(128K)->9K(128K)
[2025-11-04T01:24:40.748+0700][0.787s][info][gc          ] GC(1) Pause Young (Normal) (G1 Evacuation Pause) 42M->42M(512M) 5.896ms
[2025-11-04T01:24:40.748+0700][0.787s][info][gc,cpu      ] GC(1) User=0.00s Sys=0.00s Real=0.01s
[2025-11-04T01:24:40.750+0700][0.789s][info][gc,start    ] GC(2) Pause Young (Normal) (G1 Evacuation Pause)
[2025-11-04T01:24:40.750+0700][0.789s][info][gc,task     ] GC(2) Using 12 workers of 20 for evacuation
[2025-11-04T01:24:40.755+0700][0.794s][info][gc,phases   ] GC(2)   Pre Evacuate Collection Set: 0.1ms
[2025-11-04T01:24:40.755+0700][0.794s][info][gc,phases   ] GC(2)   Merge Heap Roots: 0.1ms
[2025-11-04T01:24:40.755+0700][0.794s][info][gc,phases   ] GC(2)   Evacuate Collection Set: 5.1ms
[2025-11-04T01:24:40.755+0700][0.794s][info][gc,phases   ] GC(2)   Post Evacuate Collection Set: 0.2ms
[2025-11-04T01:24:40.755+0700][0.794s][info][gc,phases   ] GC(2)   Other: 0.1ms
[2025-11-04T01:24:40.755+0700][0.794s][info][gc,heap     ] GC(2) Eden regions: 5->0(6)
[2025-11-04T01:24:40.755+0700][0.794s][info][gc,heap     ] GC(2) Survivor regions: 1->1(1)
[2025-11-04T01:24:40.755+0700][0.794s][info][gc,heap     ] GC(2) Old regions: 10->15
[2025-11-04T01:24:40.755+0700][0.794s][info][gc,heap     ] GC(2) Archive regions: 0->0
[2025-11-04T01:24:40.755+0700][0.794s][info][gc,heap     ] GC(2) Humongous regions: 0->0
[2025-11-04T01:24:40.755+0700][0.794s][info][gc,metaspace] GC(2) Metaspace: 225K(448K)->225K(448K) NonClass: 215K(320K)->215K(320K) Class: 9K(128K)->9K(128K)
[2025-11-04T01:24:40.755+0700][0.794s][info][gc          ] GC(2) Pause Young (Normal) (G1 Evacuation Pause) 62M->62M(512M) 5.708ms
[2025-11-04T01:24:40.755+0700][0.794s][info][gc,cpu      ] GC(2) User=0.00s Sys=0.00s Real=0.01s
[2025-11-04T01:24:40.758+0700][0.796s][info][gc,start    ] GC(3) Pause Young (Normal) (G1 Evacuation Pause)
[2025-11-04T01:24:40.758+0700][0.796s][info][gc,task     ] GC(3) Using 12 workers of 20 for evacuation
[2025-11-04T01:24:40.765+0700][0.804s][info][gc,phases   ] GC(3)   Pre Evacuate Collection Set: 0.0ms
[2025-11-04T01:24:40.765+0700][0.804s][info][gc,phases   ] GC(3)   Merge Heap Roots: 0.0ms
[2025-11-04T01:24:40.765+0700][0.804s][info][gc,phases   ] GC(3)   Evacuate Collection Set: 7.3ms
[2025-11-04T01:24:40.765+0700][0.804s][info][gc,phases   ] GC(3)   Post Evacuate Collection Set: 0.3ms
[2025-11-04T01:24:40.765+0700][0.804s][info][gc,phases   ] GC(3)   Other: 0.1ms
[2025-11-04T01:24:40.765+0700][0.804s][info][gc,heap     ] GC(3) Eden regions: 6->0(9)
[2025-11-04T01:24:40.765+0700][0.804s][info][gc,heap     ] GC(3) Survivor regions: 1->1(1)
[2025-11-04T01:24:40.765+0700][0.804s][info][gc,heap     ] GC(3) Old regions: 15->21
[2025-11-04T01:24:40.765+0700][0.804s][info][gc,heap     ] GC(3) Archive regions: 0->0
[2025-11-04T01:24:40.765+0700][0.804s][info][gc,heap     ] GC(3) Humongous regions: 0->0
[2025-11-04T01:24:40.765+0700][0.804s][info][gc,metaspace] GC(3) Metaspace: 225K(448K)->225K(448K) NonClass: 215K(320K)->215K(320K) Class: 9K(128K)->9K(128K)
[2025-11-04T01:24:40.766+0700][0.804s][info][gc          ] GC(3) Pause Young (Normal) (G1 Evacuation Pause) 86M->86M(512M) 7.882ms
[2025-11-04T01:24:40.766+0700][0.804s][info][gc,cpu      ] GC(3) User=0.00s Sys=0.00s Real=0.01s
[2025-11-04T01:24:40.890+0700][0.929s][info][gc,start    ] GC(4) Pause Young (Normal) (G1 Evacuation Pause)
[2025-11-04T01:24:40.891+0700][0.929s][info][gc,task     ] GC(4) Using 12 workers of 20 for evacuation
[2025-11-04T01:24:40.903+0700][0.942s][info][gc,phases   ] GC(4)   Pre Evacuate Collection Set: 0.1ms
[2025-11-04T01:24:40.903+0700][0.942s][info][gc,phases   ] GC(4)   Merge Heap Roots: 0.2ms
[2025-11-04T01:24:40.903+0700][0.942s][info][gc,phases   ] GC(4)   Evacuate Collection Set: 11.3ms
[2025-11-04T01:24:40.903+0700][0.942s][info][gc,phases   ] GC(4)   Post Evacuate Collection Set: 0.5ms
[2025-11-04T01:24:40.903+0700][0.942s][info][gc,phases   ] GC(4)   Other: 0.2ms
[2025-11-04T01:24:40.903+0700][0.942s][info][gc,heap     ] GC(4) Eden regions: 9->0(12)
[2025-11-04T01:24:40.903+0700][0.942s][info][gc,heap     ] GC(4) Survivor regions: 1->2(2)
[2025-11-04T01:24:40.903+0700][0.942s][info][gc,heap     ] GC(4) Old regions: 21->29
[2025-11-04T01:24:40.903+0700][0.942s][info][gc,heap     ] GC(4) Archive regions: 0->0
[2025-11-04T01:24:40.903+0700][0.942s][info][gc,heap     ] GC(4) Humongous regions: 0->0
[2025-11-04T01:24:40.903+0700][0.942s][info][gc,metaspace] GC(4) Metaspace: 225K(448K)->225K(448K) NonClass: 215K(320K)->215K(320K) Class: 9K(128K)->9K(128K)
[2025-11-04T01:24:40.903+0700][0.942s][info][gc          ] GC(4) Pause Young (Normal) (G1 Evacuation Pause) 122M->122M(512M) 12.453ms
[2025-11-04T01:24:40.903+0700][0.942s][info][gc,cpu      ] GC(4) User=0.00s Sys=0.17s Real=0.01s
[2025-11-04T01:24:40.911+0700][0.950s][info][gc,start    ] GC(5) Pause Young (Normal) (G1 Evacuation Pause)
[2025-11-04T01:24:40.911+0700][0.950s][info][gc,task     ] GC(5) Using 12 workers of 20 for evacuation
[2025-11-04T01:24:40.925+0700][0.964s][info][gc,phases   ] GC(5)   Pre Evacuate Collection Set: 0.1ms
[2025-11-04T01:24:40.925+0700][0.964s][info][gc,phases   ] GC(5)   Merge Heap Roots: 0.2ms
[2025-11-04T01:24:40.925+0700][0.964s][info][gc,phases   ] GC(5)   Evacuate Collection Set: 10.1ms
[2025-11-04T01:24:40.925+0700][0.964s][info][gc,phases   ] GC(5)   Post Evacuate Collection Set: 3.2ms
[2025-11-04T01:24:40.925+0700][0.964s][info][gc,phases   ] GC(5)   Other: 0.1ms
[2025-11-04T01:24:40.925+0700][0.964s][info][gc,heap     ] GC(5) Eden regions: 12->0(17)
[2025-11-04T01:24:40.925+0700][0.964s][info][gc,heap     ] GC(5) Survivor regions: 2->2(2)
[2025-11-04T01:24:40.925+0700][0.964s][info][gc,heap     ] GC(5) Old regions: 29->41
[2025-11-04T01:24:40.925+0700][0.964s][info][gc,heap     ] GC(5) Archive regions: 0->0
[2025-11-04T01:24:40.925+0700][0.964s][info][gc,heap     ] GC(5) Humongous regions: 0->0
[2025-11-04T01:24:40.925+0700][0.964s][info][gc,metaspace] GC(5) Metaspace: 225K(448K)->225K(448K) NonClass: 215K(320K)->215K(320K) Class: 9K(128K)->9K(128K)
[2025-11-04T01:24:40.925+0700][0.964s][info][gc          ] GC(5) Pause Young (Normal) (G1 Evacuation Pause) 170M->170M(1536M) 13.732ms
[2025-11-04T01:24:40.925+0700][0.964s][info][gc,cpu      ] GC(5) User=0.06s Sys=0.00s Real=0.01s
[2025-11-04T01:24:41.048+0700][1.087s][info][gc,start    ] GC(6) Pause Young (Normal) (G1 Evacuation Pause)
[2025-11-04T01:24:41.049+0700][1.087s][info][gc,task     ] GC(6) Using 20 workers of 20 for evacuation
[2025-11-04T01:24:41.063+0700][1.102s][info][gc,phases   ] GC(6)   Pre Evacuate Collection Set: 0.2ms
[2025-11-04T01:24:41.063+0700][1.102s][info][gc,phases   ] GC(6)   Merge Heap Roots: 0.1ms
[2025-11-04T01:24:41.063+0700][1.102s][info][gc,phases   ] GC(6)   Evacuate Collection Set: 13.2ms
[2025-11-04T01:24:41.063+0700][1.102s][info][gc,phases   ] GC(6)   Post Evacuate Collection Set: 0.7ms
[2025-11-04T01:24:41.063+0700][1.102s][info][gc,phases   ] GC(6)   Other: 0.3ms
[2025-11-04T01:24:41.063+0700][1.102s][info][gc,heap     ] GC(6) Eden regions: 17->0(19)
[2025-11-04T01:24:41.063+0700][1.102s][info][gc,heap     ] GC(6) Survivor regions: 2->3(3)
[2025-11-04T01:24:41.063+0700][1.102s][info][gc,heap     ] GC(6) Old regions: 41->57
[2025-11-04T01:24:41.063+0700][1.102s][info][gc,heap     ] GC(6) Archive regions: 0->0
[2025-11-04T01:24:41.063+0700][1.102s][info][gc,heap     ] GC(6) Humongous regions: 0->0
[2025-11-04T01:24:41.063+0700][1.102s][info][gc,metaspace] GC(6) Metaspace: 225K(448K)->225K(448K) NonClass: 215K(320K)->215K(320K) Class: 9K(128K)->9K(128K)
[2025-11-04T01:24:41.063+0700][1.102s][info][gc          ] GC(6) Pause Young (Normal) (G1 Evacuation Pause) 238M->238M(1536M) 14.566ms
[2025-11-04T01:24:41.063+0700][1.102s][info][gc,cpu      ] GC(6) User=0.02s Sys=0.19s Real=0.01s
[2025-11-04T01:24:41.187+0700][1.226s][info][gc,start    ] GC(7) Pause Young (Normal) (G1 Evacuation Pause)
[2025-11-04T01:24:41.187+0700][1.226s][info][gc,task     ] GC(7) Using 20 workers of 20 for evacuation
[2025-11-04T01:24:41.207+0700][1.246s][info][gc,phases   ] GC(7)   Pre Evacuate Collection Set: 0.2ms
[2025-11-04T01:24:41.207+0700][1.246s][info][gc,phases   ] GC(7)   Merge Heap Roots: 0.3ms
[2025-11-04T01:24:41.207+0700][1.246s][info][gc,phases   ] GC(7)   Evacuate Collection Set: 18.3ms
[2025-11-04T01:24:41.207+0700][1.246s][info][gc,phases   ] GC(7)   Post Evacuate Collection Set: 0.5ms
[2025-11-04T01:24:41.207+0700][1.246s][info][gc,phases   ] GC(7)   Other: 0.3ms
[2025-11-04T01:24:41.207+0700][1.246s][info][gc,heap     ] GC(7) Eden regions: 19->0(24)
[2025-11-04T01:24:41.207+0700][1.246s][info][gc,heap     ] GC(7) Survivor regions: 3->3(3)
[2025-11-04T01:24:41.207+0700][1.246s][info][gc,heap     ] GC(7) Old regions: 57->76
[2025-11-04T01:24:41.207+0700][1.246s][info][gc,heap     ] GC(7) Archive regions: 0->0
[2025-11-04T01:24:41.207+0700][1.246s][info][gc,heap     ] GC(7) Humongous regions: 0->0
[2025-11-04T01:24:41.207+0700][1.246s][info][gc,metaspace] GC(7) Metaspace: 226K(448K)->226K(448K) NonClass: 216K(320K)->216K(320K) Class: 9K(128K)->9K(128K)
[2025-11-04T01:24:41.207+0700][1.246s][info][gc          ] GC(7) Pause Young (Normal) (G1 Evacuation Pause) 314M->314M(1536M) 19.744ms
[2025-11-04T01:24:41.207+0700][1.246s][info][gc,cpu      ] GC(7) User=0.02s Sys=0.17s Real=0.02s
[2025-11-04T01:24:41.330+0700][1.369s][info][gc,start    ] GC(8) Pause Young (Normal) (G1 Evacuation Pause)
[2025-11-04T01:24:41.330+0700][1.369s][info][gc,task     ] GC(8) Using 20 workers of 20 for evacuation
[2025-11-04T01:24:41.348+0700][1.387s][info][gc,phases   ] GC(8)   Pre Evacuate Collection Set: 0.1ms
[2025-11-04T01:24:41.348+0700][1.387s][info][gc,phases   ] GC(8)   Merge Heap Roots: 0.1ms
[2025-11-04T01:24:41.348+0700][1.387s][info][gc,phases   ] GC(8)   Evacuate Collection Set: 17.1ms
[2025-11-04T01:24:41.348+0700][1.387s][info][gc,phases   ] GC(8)   Post Evacuate Collection Set: 0.6ms
[2025-11-04T01:24:41.348+0700][1.387s][info][gc,phases   ] GC(8)   Other: 0.1ms
[2025-11-04T01:24:41.348+0700][1.387s][info][gc,heap     ] GC(8) Eden regions: 24->0(31)
[2025-11-04T01:24:41.348+0700][1.387s][info][gc,heap     ] GC(8) Survivor regions: 3->4(4)
[2025-11-04T01:24:41.348+0700][1.387s][info][gc,heap     ] GC(8) Old regions: 76->99
[2025-11-04T01:24:41.348+0700][1.387s][info][gc,heap     ] GC(8) Archive regions: 0->0
[2025-11-04T01:24:41.348+0700][1.387s][info][gc,heap     ] GC(8) Humongous regions: 0->0
[2025-11-04T01:24:41.348+0700][1.387s][info][gc,metaspace] GC(8) Metaspace: 227K(448K)->227K(448K) NonClass: 217K(320K)->217K(320K) Class: 9K(128K)->9K(128K)
[2025-11-04T01:24:41.348+0700][1.387s][info][gc          ] GC(8) Pause Young (Normal) (G1 Evacuation Pause) 410M->410M(1536M) 18.233ms
[2025-11-04T01:24:41.348+0700][1.387s][info][gc,cpu      ] GC(8) User=0.08s Sys=0.11s Real=0.02s
[2025-11-04T01:24:41.490+0700][1.528s][info][gc,start    ] GC(9) Pause Young (Normal) (G1 Evacuation Pause)
[2025-11-04T01:24:41.490+0700][1.528s][info][gc,task     ] GC(9) Using 20 workers of 20 for evacuation
[2025-11-04T01:24:41.518+0700][1.557s][info][gc,phases   ] GC(9)   Pre Evacuate Collection Set: 0.2ms
[2025-11-04T01:24:41.518+0700][1.557s][info][gc,phases   ] GC(9)   Merge Heap Roots: 0.2ms
[2025-11-04T01:24:41.518+0700][1.557s][info][gc,phases   ] GC(9)   Evacuate Collection Set: 23.3ms
[2025-11-04T01:24:41.518+0700][1.557s][info][gc,phases   ] GC(9)   Post Evacuate Collection Set: 4.5ms
[2025-11-04T01:24:41.518+0700][1.557s][info][gc,phases   ] GC(9)   Other: 0.2ms
[2025-11-04T01:24:41.518+0700][1.557s][info][gc,heap     ] GC(9) Eden regions: 31->0(41)
[2025-11-04T01:24:41.518+0700][1.557s][info][gc,heap     ] GC(9) Survivor regions: 4->5(5)
[2025-11-04T01:24:41.518+0700][1.557s][info][gc,heap     ] GC(9) Old regions: 99->129
[2025-11-04T01:24:41.518+0700][1.557s][info][gc,heap     ] GC(9) Archive regions: 0->0
[2025-11-04T01:24:41.518+0700][1.557s][info][gc,heap     ] GC(9) Humongous regions: 0->0
[2025-11-04T01:24:41.518+0700][1.557s][info][gc,metaspace] GC(9) Metaspace: 227K(448K)->227K(448K) NonClass: 217K(320K)->217K(320K) Class: 9K(128K)->9K(128K)
[2025-11-04T01:24:41.518+0700][1.557s][info][gc          ] GC(9) Pause Young (Normal) (G1 Evacuation Pause) 534M->534M(3716M) 28.399ms
[2025-11-04T01:24:41.518+0700][1.557s][info][gc,cpu      ] GC(9) User=0.09s Sys=0.09s Real=0.03s
[2025-11-04T01:24:41.690+0700][1.729s][info][gc,start    ] GC(10) Pause Young (Normal) (G1 Evacuation Pause)
[2025-11-04T01:24:41.690+0700][1.729s][info][gc,task     ] GC(10) Using 20 workers of 20 for evacuation
[2025-11-04T01:24:41.721+0700][1.760s][info][gc,phases   ] GC(10)   Pre Evacuate Collection Set: 0.1ms
[2025-11-04T01:24:41.721+0700][1.760s][info][gc,phases   ] GC(10)   Merge Heap Roots: 0.1ms
[2025-11-04T01:24:41.721+0700][1.760s][info][gc,phases   ] GC(10)   Evacuate Collection Set: 30.3ms
[2025-11-04T01:24:41.721+0700][1.760s][info][gc,phases   ] GC(10)   Post Evacuate Collection Set: 0.5ms
[2025-11-04T01:24:41.721+0700][1.760s][info][gc,phases   ] GC(10)   Other: 0.2ms
[2025-11-04T01:24:41.721+0700][1.760s][info][gc,heap     ] GC(10) Eden regions: 41->0(45)
[2025-11-04T01:24:41.721+0700][1.760s][info][gc,heap     ] GC(10) Survivor regions: 5->6(6)
[2025-11-04T01:24:41.721+0700][1.760s][info][gc,heap     ] GC(10) Old regions: 129->169
[2025-11-04T01:24:41.721+0700][1.760s][info][gc,heap     ] GC(10) Archive regions: 0->0
[2025-11-04T01:24:41.721+0700][1.760s][info][gc,heap     ] GC(10) Humongous regions: 0->0
[2025-11-04T01:24:41.721+0700][1.760s][info][gc,metaspace] GC(10) Metaspace: 227K(448K)->227K(448K) NonClass: 217K(320K)->217K(320K) Class: 9K(128K)->9K(128K)
[2025-11-04T01:24:41.721+0700][1.760s][info][gc          ] GC(10) Pause Young (Normal) (G1 Evacuation Pause) 698M->698M(3716M) 31.393ms
[2025-11-04T01:24:41.721+0700][1.760s][info][gc,cpu      ] GC(10) User=0.14s Sys=0.25s Real=0.03s
[2025-11-04T01:24:41.967+0700][2.006s][info][gc,start    ] GC(11) Pause Young (Normal) (G1 Evacuation Pause)
[2025-11-04T01:24:41.967+0700][2.006s][info][gc,task     ] GC(11) Using 20 workers of 20 for evacuation
[2025-11-04T01:24:42.002+0700][2.040s][info][gc,phases   ] GC(11)   Pre Evacuate Collection Set: 0.2ms
[2025-11-04T01:24:42.002+0700][2.040s][info][gc,phases   ] GC(11)   Merge Heap Roots: 0.1ms
[2025-11-04T01:24:42.002+0700][2.040s][info][gc,phases   ] GC(11)   Evacuate Collection Set: 33.3ms
[2025-11-04T01:24:42.002+0700][2.040s][info][gc,phases   ] GC(11)   Post Evacuate Collection Set: 0.7ms
[2025-11-04T01:24:42.002+0700][2.040s][info][gc,phases   ] GC(11)   Other: 0.2ms
[2025-11-04T01:24:42.002+0700][2.040s][info][gc,heap     ] GC(11) Eden regions: 45->0(55)
[2025-11-04T01:24:42.002+0700][2.040s][info][gc,heap     ] GC(11) Survivor regions: 6->7(7)
[2025-11-04T01:24:42.002+0700][2.040s][info][gc,heap     ] GC(11) Old regions: 169->213
[2025-11-04T01:24:42.002+0700][2.040s][info][gc,heap     ] GC(11) Archive regions: 0->0
[2025-11-04T01:24:42.002+0700][2.040s][info][gc,heap     ] GC(11) Humongous regions: 0->0
[2025-11-04T01:24:42.002+0700][2.040s][info][gc,metaspace] GC(11) Metaspace: 229K(448K)->229K(448K) NonClass: 219K(320K)->219K(320K) Class: 9K(128K)->9K(128K)
[2025-11-04T01:24:42.002+0700][2.040s][info][gc          ] GC(11) Pause Young (Normal) (G1 Evacuation Pause) 878M->878M(3716M) 34.518ms
[2025-11-04T01:24:42.002+0700][2.040s][info][gc,cpu      ] GC(11) User=0.22s Sys=0.16s Real=0.04s
[2025-11-04T01:24:42.753+0700][2.791s][info][gc,start    ] GC(12) Pause Young (Normal) (G1 Evacuation Pause)
[2025-11-04T01:24:42.753+0700][2.791s][info][gc,task     ] GC(12) Using 20 workers of 20 for evacuation
[2025-11-04T01:24:42.780+0700][2.819s][info][gc,phases   ] GC(12)   Pre Evacuate Collection Set: 0.1ms
[2025-11-04T01:24:42.780+0700][2.819s][info][gc,phases   ] GC(12)   Merge Heap Roots: 0.2ms
[2025-11-04T01:24:42.780+0700][2.819s][info][gc,phases   ] GC(12)   Evacuate Collection Set: 26.4ms
[2025-11-04T01:24:42.780+0700][2.819s][info][gc,phases   ] GC(12)   Post Evacuate Collection Set: 0.6ms
[2025-11-04T01:24:42.780+0700][2.819s][info][gc,phases   ] GC(12)   Other: 0.1ms
[2025-11-04T01:24:42.780+0700][2.819s][info][gc,heap     ] GC(12) Eden regions: 55->0(67)
[2025-11-04T01:24:42.780+0700][2.819s][info][gc,heap     ] GC(12) Survivor regions: 7->8(8)
[2025-11-04T01:24:42.780+0700][2.819s][info][gc,heap     ] GC(12) Old regions: 213->243
[2025-11-04T01:24:42.780+0700][2.819s][info][gc,heap     ] GC(12) Archive regions: 0->0
[2025-11-04T01:24:42.780+0700][2.819s][info][gc,heap     ] GC(12) Humongous regions: 0->0
[2025-11-04T01:24:42.780+0700][2.819s][info][gc,metaspace] GC(12) Metaspace: 238K(448K)->238K(448K) NonClass: 228K(320K)->228K(320K) Class: 9K(128K)->9K(128K)
[2025-11-04T01:24:42.780+0700][2.819s][info][gc          ] GC(12) Pause Young (Normal) (G1 Evacuation Pause) 1098M->1000M(3716M) 27.605ms
[2025-11-04T01:24:42.780+0700][2.819s][info][gc,cpu      ] GC(12) User=0.02s Sys=0.36s Real=0.03s
[2025-11-04T01:24:42.802+0700][2.840s][info][gc,start    ] GC(13) Pause Young (Normal) (G1 Evacuation Pause)
[2025-11-04T01:24:42.802+0700][2.840s][info][gc,task     ] GC(13) Using 20 workers of 20 for evacuation
[2025-11-04T01:24:42.829+0700][2.867s][info][gc,phases   ] GC(13)   Pre Evacuate Collection Set: 0.1ms
[2025-11-04T01:24:42.829+0700][2.868s][info][gc,phases   ] GC(13)   Merge Heap Roots: 0.2ms
[2025-11-04T01:24:42.829+0700][2.868s][info][gc,phases   ] GC(13)   Evacuate Collection Set: 26.1ms
[2025-11-04T01:24:42.829+0700][2.868s][info][gc,phases   ] GC(13)   Post Evacuate Collection Set: 0.8ms
[2025-11-04T01:24:42.829+0700][2.868s][info][gc,phases   ] GC(13)   Other: 0.1ms
[2025-11-04T01:24:42.829+0700][2.868s][info][gc,heap     ] GC(13) Eden regions: 67->0(97)
[2025-11-04T01:24:42.829+0700][2.868s][info][gc,heap     ] GC(13) Survivor regions: 8->10(10)
[2025-11-04T01:24:42.829+0700][2.868s][info][gc,heap     ] GC(13) Old regions: 243->307
[2025-11-04T01:24:42.829+0700][2.868s][info][gc,heap     ] GC(13) Archive regions: 0->0
[2025-11-04T01:24:42.829+0700][2.868s][info][gc,heap     ] GC(13) Humongous regions: 0->0
[2025-11-04T01:24:42.829+0700][2.868s][info][gc,metaspace] GC(13) Metaspace: 238K(448K)->238K(448K) NonClass: 228K(320K)->228K(320K) Class: 9K(128K)->9K(128K)
[2025-11-04T01:24:42.829+0700][2.868s][info][gc          ] GC(13) Pause Young (Normal) (G1 Evacuation Pause) 1267M->1265M(3716M) 27.392ms
[2025-11-04T01:24:42.829+0700][2.868s][info][gc,cpu      ] GC(13) User=0.20s Sys=0.23s Real=0.03s
[2025-11-04T01:24:42.867+0700][2.906s][info][gc,start    ] GC(14) Pause Young (Normal) (G1 Evacuation Pause)
[2025-11-04T01:24:42.867+0700][2.906s][info][gc,task     ] GC(14) Using 20 workers of 20 for evacuation
[2025-11-04T01:24:42.901+0700][2.940s][info][gc,phases   ] GC(14)   Pre Evacuate Collection Set: 0.2ms
[2025-11-04T01:24:42.901+0700][2.940s][info][gc,phases   ] GC(14)   Merge Heap Roots: 0.2ms
[2025-11-04T01:24:42.901+0700][2.940s][info][gc,phases   ] GC(14)   Evacuate Collection Set: 30.9ms
[2025-11-04T01:24:42.901+0700][2.940s][info][gc,phases   ] GC(14)   Post Evacuate Collection Set: 2.7ms
[2025-11-04T01:24:42.901+0700][2.940s][info][gc,phases   ] GC(14)   Other: 0.1ms
[2025-11-04T01:24:42.901+0700][2.940s][info][gc,heap     ] GC(14) Eden regions: 97->0(97)
[2025-11-04T01:24:42.901+0700][2.940s][info][gc,heap     ] GC(14) Survivor regions: 10->14(14)
[2025-11-04T01:24:42.901+0700][2.940s][info][gc,heap     ] GC(14) Old regions: 307->399
[2025-11-04T01:24:42.901+0700][2.940s][info][gc,heap     ] GC(14) Archive regions: 0->0
[2025-11-04T01:24:42.901+0700][2.940s][info][gc,heap     ] GC(14) Humongous regions: 0->0
[2025-11-04T01:24:42.901+0700][2.940s][info][gc,metaspace] GC(14) Metaspace: 238K(448K)->238K(448K) NonClass: 228K(320K)->228K(320K) Class: 9K(128K)->9K(128K)
[2025-11-04T01:24:42.901+0700][2.940s][info][gc          ] GC(14) Pause Young (Normal) (G1 Evacuation Pause) 1652M->1651M(4972M) 34.269ms
[2025-11-04T01:24:42.901+0700][2.940s][info][gc,cpu      ] GC(14) User=0.36s Sys=0.27s Real=0.03s
[2025-11-04T01:24:42.981+0700][3.019s][info][gc,start    ] GC(15) Pause Young (Normal) (G1 Evacuation Pause)
[2025-11-04T01:24:42.981+0700][3.019s][info][gc,task     ] GC(15) Using 20 workers of 20 for evacuation
[2025-11-04T01:24:43.019+0700][3.058s][info][gc,phases   ] GC(15)   Pre Evacuate Collection Set: 0.1ms
[2025-11-04T01:24:43.019+0700][3.058s][info][gc,phases   ] GC(15)   Merge Heap Roots: 0.1ms
[2025-11-04T01:24:43.019+0700][3.058s][info][gc,phases   ] GC(15)   Evacuate Collection Set: 37.7ms
[2025-11-04T01:24:43.019+0700][3.058s][info][gc,phases   ] GC(15)   Post Evacuate Collection Set: 0.7ms
[2025-11-04T01:24:43.019+0700][3.058s][info][gc,phases   ] GC(15)   Other: 0.1ms
[2025-11-04T01:24:43.019+0700][3.058s][info][gc,heap     ] GC(15) Eden regions: 97->0(114)
[2025-11-04T01:24:43.019+0700][3.058s][info][gc,heap     ] GC(15) Survivor regions: 14->14(14)
[2025-11-04T01:24:43.019+0700][3.058s][info][gc,heap     ] GC(15) Old regions: 399->496
[2025-11-04T01:24:43.019+0700][3.058s][info][gc,heap     ] GC(15) Archive regions: 0->0
[2025-11-04T01:24:43.019+0700][3.058s][info][gc,heap     ] GC(15) Humongous regions: 0->0
[2025-11-04T01:24:43.019+0700][3.058s][info][gc,metaspace] GC(15) Metaspace: 238K(448K)->238K(448K) NonClass: 228K(320K)->228K(320K) Class: 9K(128K)->9K(128K)
[2025-11-04T01:24:43.019+0700][3.058s][info][gc          ] GC(15) Pause Young (Normal) (G1 Evacuation Pause) 2038M->2038M(4972M) 38.779ms
[2025-11-04T01:24:43.019+0700][3.058s][info][gc,cpu      ] GC(15) User=0.16s Sys=0.25s Real=0.04s
[2025-11-04T01:24:43.059+0700][3.098s][info][gc,start    ] GC(16) Pause Young (Normal) (G1 Evacuation Pause)
[2025-11-04T01:24:43.059+0700][3.098s][info][gc,task     ] GC(16) Using 20 workers of 20 for evacuation
[2025-11-04T01:24:43.099+0700][3.138s][info][gc,phases   ] GC(16)   Pre Evacuate Collection Set: 0.2ms
[2025-11-04T01:24:43.099+0700][3.138s][info][gc,phases   ] GC(16)   Merge Heap Roots: 0.2ms
[2025-11-04T01:24:43.099+0700][3.138s][info][gc,phases   ] GC(16)   Evacuate Collection Set: 38.5ms
[2025-11-04T01:24:43.099+0700][3.138s][info][gc,phases   ] GC(16)   Post Evacuate Collection Set: 0.9ms
[2025-11-04T01:24:43.099+0700][3.138s][info][gc,phases   ] GC(16)   Other: 0.1ms
[2025-11-04T01:24:43.099+0700][3.138s][info][gc,heap     ] GC(16) Eden regions: 114->0(135)
[2025-11-04T01:24:43.099+0700][3.138s][info][gc,heap     ] GC(16) Survivor regions: 14->16(16)
[2025-11-04T01:24:43.099+0700][3.138s][info][gc,heap     ] GC(16) Old regions: 496->608
[2025-11-04T01:24:43.099+0700][3.138s][info][gc,heap     ] GC(16) Archive regions: 0->0
[2025-11-04T01:24:43.099+0700][3.138s][info][gc,heap     ] GC(16) Humongous regions: 0->0
[2025-11-04T01:24:43.099+0700][3.138s][info][gc,metaspace] GC(16) Metaspace: 238K(448K)->238K(448K) NonClass: 228K(320K)->228K(320K) Class: 9K(128K)->9K(128K)
[2025-11-04T01:24:43.099+0700][3.138s][info][gc          ] GC(16) Pause Young (Normal) (G1 Evacuation Pause) 2493M->2493M(4972M) 40.009ms
[2025-11-04T01:24:43.099+0700][3.138s][info][gc,cpu      ] GC(16) User=0.27s Sys=0.39s Real=0.04s
[2025-11-04T01:24:43.139+0700][3.178s][info][gc,start    ] GC(17) Pause Young (Concurrent Start) (G1 Evacuation Pause)
[2025-11-04T01:24:43.139+0700][3.178s][info][gc,task     ] GC(17) Using 20 workers of 20 for evacuation
[2025-11-04T01:24:43.185+0700][3.223s][info][gc,phases   ] GC(17)   Pre Evacuate Collection Set: 0.1ms
[2025-11-04T01:24:43.185+0700][3.223s][info][gc,phases   ] GC(17)   Merge Heap Roots: 0.2ms
[2025-11-04T01:24:43.185+0700][3.223s][info][gc,phases   ] GC(17)   Evacuate Collection Set: 44.3ms
[2025-11-04T01:24:43.185+0700][3.223s][info][gc,phases   ] GC(17)   Post Evacuate Collection Set: 0.9ms
[2025-11-04T01:24:43.185+0700][3.223s][info][gc,phases   ] GC(17)   Other: 0.2ms
[2025-11-04T01:24:43.185+0700][3.223s][info][gc,heap     ] GC(17) Eden regions: 135->0(121)
[2025-11-04T01:24:43.185+0700][3.223s][info][gc,heap     ] GC(17) Survivor regions: 16->19(19)
[2025-11-04T01:24:43.185+0700][3.223s][info][gc,heap     ] GC(17) Old regions: 608->739
[2025-11-04T01:24:43.185+0700][3.223s][info][gc,heap     ] GC(17) Archive regions: 0->0
[2025-11-04T01:24:43.185+0700][3.223s][info][gc,heap     ] GC(17) Humongous regions: 0->0
[2025-11-04T01:24:43.185+0700][3.223s][info][gc,metaspace] GC(17) Metaspace: 238K(448K)->238K(448K) NonClass: 228K(320K)->228K(320K) Class: 9K(128K)->9K(128K)
[2025-11-04T01:24:43.185+0700][3.223s][info][gc          ] GC(17) Pause Young (Concurrent Start) (G1 Evacuation Pause) 3032M->3031M(4972M) 45.799ms
[2025-11-04T01:24:43.185+0700][3.223s][info][gc,cpu      ] GC(17) User=0.34s Sys=0.58s Real=0.05s
[2025-11-04T01:24:43.185+0700][3.223s][info][gc          ] GC(18) Concurrent Mark Cycle
[2025-11-04T01:24:43.185+0700][3.223s][info][gc,marking  ] GC(18) Concurrent Clear Claimed Marks
[2025-11-04T01:24:43.185+0700][3.223s][info][gc,marking  ] GC(18) Concurrent Clear Claimed Marks 0.006ms
[2025-11-04T01:24:43.185+0700][3.223s][info][gc,marking  ] GC(18) Concurrent Scan Root Regions
[2025-11-04T01:24:43.186+0700][3.225s][info][gc,marking  ] GC(18) Concurrent Scan Root Regions 1.428ms
[2025-11-04T01:24:43.186+0700][3.225s][info][gc,marking  ] GC(18) Concurrent Mark
[2025-11-04T01:24:43.186+0700][3.225s][info][gc,marking  ] GC(18) Concurrent Mark From Roots
[2025-11-04T01:24:43.186+0700][3.225s][info][gc,task     ] GC(18) Using 5 workers of 5 for marking
[2025-11-04T01:24:43.191+0700][3.229s][info][gc,marking  ] GC(18) Concurrent Mark From Roots 4.345ms
[2025-11-04T01:24:43.191+0700][3.229s][info][gc,marking  ] GC(18) Concurrent Preclean
[2025-11-04T01:24:43.191+0700][3.229s][info][gc,marking  ] GC(18) Concurrent Preclean 0.045ms
[2025-11-04T01:24:43.191+0700][3.230s][info][gc,start    ] GC(18) Pause Remark
[2025-11-04T01:24:43.192+0700][3.230s][info][gc          ] GC(18) Pause Remark 3109M->3109M(5188M) 0.933ms
[2025-11-04T01:24:43.192+0700][3.230s][info][gc,cpu      ] GC(18) User=0.00s Sys=0.00s Real=0.00s
[2025-11-04T01:24:43.192+0700][3.230s][info][gc,marking  ] GC(18) Concurrent Mark 5.527ms
[2025-11-04T01:24:43.192+0700][3.230s][info][gc,marking  ] GC(18) Concurrent Rebuild Remembered Sets
[2025-11-04T01:24:43.193+0700][3.231s][info][gc,marking  ] GC(18) Concurrent Rebuild Remembered Sets 1.013ms
[2025-11-04T01:24:43.193+0700][3.232s][info][gc,start    ] GC(18) Pause Cleanup
[2025-11-04T01:24:43.193+0700][3.232s][info][gc          ] GC(18) Pause Cleanup 3115M->3115M(5188M) 0.162ms
[2025-11-04T01:24:43.193+0700][3.232s][info][gc,cpu      ] GC(18) User=0.00s Sys=0.00s Real=0.00s
[2025-11-04T01:24:43.193+0700][3.232s][info][gc,marking  ] GC(18) Concurrent Cleanup for Next Mark
[2025-11-04T01:24:43.202+0700][3.240s][info][gc,marking  ] GC(18) Concurrent Cleanup for Next Mark 8.429ms
[2025-11-04T01:24:43.202+0700][3.240s][info][gc          ] GC(18) Concurrent Mark Cycle 16.953ms
[2025-11-04T01:24:43.253+0700][3.292s][info][gc,start    ] GC(19) Pause Young (Prepare Mixed) (G1 Evacuation Pause)
[2025-11-04T01:24:43.253+0700][3.292s][info][gc,task     ] GC(19) Using 20 workers of 20 for evacuation
[2025-11-04T01:24:43.296+0700][3.335s][info][gc,phases   ] GC(19)   Pre Evacuate Collection Set: 0.1ms
[2025-11-04T01:24:43.296+0700][3.335s][info][gc,phases   ] GC(19)   Merge Heap Roots: 0.2ms
[2025-11-04T01:24:43.296+0700][3.335s][info][gc,phases   ] GC(19)   Evacuate Collection Set: 39.6ms
[2025-11-04T01:24:43.296+0700][3.335s][info][gc,phases   ] GC(19)   Post Evacuate Collection Set: 3.1ms
[2025-11-04T01:24:43.296+0700][3.335s][info][gc,phases   ] GC(19)   Other: 0.1ms
[2025-11-04T01:24:43.296+0700][3.335s][info][gc,heap     ] GC(19) Eden regions: 121->0(61)
[2025-11-04T01:24:43.296+0700][3.335s][info][gc,heap     ] GC(19) Survivor regions: 19->18(18)
[2025-11-04T01:24:43.296+0700][3.335s][info][gc,heap     ] GC(19) Old regions: 739->861
[2025-11-04T01:24:43.296+0700][3.335s][info][gc,heap     ] GC(19) Archive regions: 0->0
[2025-11-04T01:24:43.297+0700][3.335s][info][gc,heap     ] GC(19) Humongous regions: 0->0
[2025-11-04T01:24:43.297+0700][3.335s][info][gc,metaspace] GC(19) Metaspace: 238K(448K)->238K(448K) NonClass: 228K(320K)->228K(320K) Class: 9K(128K)->9K(128K)
[2025-11-04T01:24:43.297+0700][3.335s][info][gc          ] GC(19) Pause Young (Prepare Mixed) (G1 Evacuation Pause) 3514M->3514M(6368M) 43.256ms
[2025-11-04T01:24:43.297+0700][3.335s][info][gc,cpu      ] GC(19) User=0.66s Sys=0.27s Real=0.04s
[2025-11-04T01:24:43.347+0700][3.385s][info][gc,start    ] GC(20) Pause Young (Mixed) (G1 Evacuation Pause)
[2025-11-04T01:24:43.347+0700][3.385s][info][gc,task     ] GC(20) Using 20 workers of 20 for evacuation
[2025-11-04T01:24:43.399+0700][3.438s][info][gc,phases   ] GC(20)   Pre Evacuate Collection Set: 0.1ms
[2025-11-04T01:24:43.399+0700][3.438s][info][gc,phases   ] GC(20)   Merge Heap Roots: 0.2ms
[2025-11-04T01:24:43.399+0700][3.438s][info][gc,phases   ] GC(20)   Evacuate Collection Set: 46.0ms
[2025-11-04T01:24:43.399+0700][3.438s][info][gc,phases   ] GC(20)   Merge Optional Heap Roots: 0.3ms
[2025-11-04T01:24:43.399+0700][3.438s][info][gc,phases   ] GC(20)   Evacuate Optional Collection Set: 5.2ms
[2025-11-04T01:24:43.399+0700][3.438s][info][gc,phases   ] GC(20)   Post Evacuate Collection Set: 0.6ms
[2025-11-04T01:24:43.399+0700][3.438s][info][gc,phases   ] GC(20)   Other: 0.1ms
[2025-11-04T01:24:43.399+0700][3.438s][info][gc,heap     ] GC(20) Eden regions: 61->0(170)
[2025-11-04T01:24:43.399+0700][3.438s][info][gc,heap     ] GC(20) Survivor regions: 18->10(10)
[2025-11-04T01:24:43.399+0700][3.438s][info][gc,heap     ] GC(20) Old regions: 861->930
[2025-11-04T01:24:43.399+0700][3.438s][info][gc,heap     ] GC(20) Archive regions: 0->0
[2025-11-04T01:24:43.399+0700][3.438s][info][gc,heap     ] GC(20) Humongous regions: 0->0
[2025-11-04T01:24:43.399+0700][3.438s][info][gc,metaspace] GC(20) Metaspace: 238K(448K)->238K(448K) NonClass: 228K(320K)->228K(320K) Class: 9K(128K)->9K(128K)
[2025-11-04T01:24:43.399+0700][3.438s][info][gc          ] GC(20) Pause Young (Mixed) (G1 Evacuation Pause) 3757M->3757M(6368M) 52.642ms
[2025-11-04T01:24:43.399+0700][3.438s][info][gc,cpu      ] GC(20) User=0.94s Sys=0.31s Real=0.05s
[2025-11-04T01:24:43.505+0700][3.544s][info][gc,start    ] GC(21) Pause Young (Concurrent Start) (G1 Evacuation Pause)
[2025-11-04T01:24:43.505+0700][3.544s][info][gc,task     ] GC(21) Using 20 workers of 20 for evacuation
[2025-11-04T01:24:43.564+0700][3.603s][info][gc,phases   ] GC(21)   Pre Evacuate Collection Set: 0.1ms
[2025-11-04T01:24:43.564+0700][3.603s][info][gc,phases   ] GC(21)   Merge Heap Roots: 0.1ms
[2025-11-04T01:24:43.564+0700][3.603s][info][gc,phases   ] GC(21)   Evacuate Collection Set: 57.9ms
[2025-11-04T01:24:43.564+0700][3.603s][info][gc,phases   ] GC(21)   Post Evacuate Collection Set: 1.0ms
[2025-11-04T01:24:43.564+0700][3.603s][info][gc,phases   ] GC(21)   Other: 0.2ms
[2025-11-04T01:24:43.564+0700][3.603s][info][gc,heap     ] GC(21) Eden regions: 170->0(116)
[2025-11-04T01:24:43.564+0700][3.603s][info][gc,heap     ] GC(21) Survivor regions: 10->23(23)
[2025-11-04T01:24:43.564+0700][3.603s][info][gc,heap     ] GC(21) Old regions: 930->1086
[2025-11-04T01:24:43.564+0700][3.603s][info][gc,heap     ] GC(21) Archive regions: 0->0
[2025-11-04T01:24:43.564+0700][3.603s][info][gc,heap     ] GC(21) Humongous regions: 0->0
[2025-11-04T01:24:43.564+0700][3.603s][info][gc,metaspace] GC(21) Metaspace: 238K(448K)->238K(448K) NonClass: 228K(320K)->228K(320K) Class: 9K(128K)->9K(128K)
[2025-11-04T01:24:43.564+0700][3.603s][info][gc          ] GC(21) Pause Young (Concurrent Start) (G1 Evacuation Pause) 4436M->4435M(6368M) 59.352ms
[2025-11-04T01:24:43.564+0700][3.603s][info][gc,cpu      ] GC(21) User=0.47s Sys=0.19s Real=0.06s
[2025-11-04T01:24:43.564+0700][3.603s][info][gc          ] GC(22) Concurrent Mark Cycle
[2025-11-04T01:24:43.564+0700][3.603s][info][gc,marking  ] GC(22) Concurrent Clear Claimed Marks
[2025-11-04T01:24:43.564+0700][3.603s][info][gc,marking  ] GC(22) Concurrent Clear Claimed Marks 0.052ms
[2025-11-04T01:24:43.564+0700][3.603s][info][gc,marking  ] GC(22) Concurrent Scan Root Regions
[2025-11-04T01:24:43.565+0700][3.603s][info][gc,marking  ] GC(22) Concurrent Scan Root Regions 0.103ms
[2025-11-04T01:24:43.565+0700][3.603s][info][gc,marking  ] GC(22) Concurrent Mark
[2025-11-04T01:24:43.565+0700][3.603s][info][gc,marking  ] GC(22) Concurrent Mark From Roots
[2025-11-04T01:24:43.565+0700][3.603s][info][gc,task     ] GC(22) Using 5 workers of 5 for marking
[2025-11-04T01:24:43.571+0700][3.610s][info][gc,marking  ] GC(22) Concurrent Mark From Roots 6.491ms
[2025-11-04T01:24:43.571+0700][3.610s][info][gc,marking  ] GC(22) Concurrent Preclean
[2025-11-04T01:24:43.571+0700][3.610s][info][gc,marking  ] GC(22) Concurrent Preclean 0.048ms
[2025-11-04T01:24:43.571+0700][3.610s][info][gc,start    ] GC(22) Pause Remark
[2025-11-04T01:24:43.575+0700][3.613s][info][gc          ] GC(22) Pause Remark 4559M->4559M(7608M) 3.386ms
[2025-11-04T01:24:43.575+0700][3.614s][info][gc,cpu      ] GC(22) User=0.00s Sys=0.00s Real=0.00s
[2025-11-04T01:24:43.575+0700][3.614s][info][gc,marking  ] GC(22) Concurrent Mark 10.227ms
[2025-11-04T01:24:43.575+0700][3.614s][info][gc,marking  ] GC(22) Concurrent Rebuild Remembered Sets
[2025-11-04T01:24:43.577+0700][3.615s][info][gc,marking  ] GC(22) Concurrent Rebuild Remembered Sets 1.780ms
[2025-11-04T01:24:43.577+0700][3.616s][info][gc,start    ] GC(22) Pause Cleanup
[2025-11-04T01:24:43.577+0700][3.616s][info][gc          ] GC(22) Pause Cleanup 4569M->4569M(7608M) 0.263ms
[2025-11-04T01:24:43.577+0700][3.616s][info][gc,cpu      ] GC(22) User=0.00s Sys=0.00s Real=0.00s
[2025-11-04T01:24:43.577+0700][3.616s][info][gc,marking  ] GC(22) Concurrent Cleanup for Next Mark
[2025-11-04T01:24:43.589+0700][3.628s][info][gc,marking  ] GC(22) Concurrent Cleanup for Next Mark 11.474ms
[2025-11-04T01:24:43.589+0700][3.628s][info][gc          ] GC(22) Concurrent Mark Cycle 24.490ms
[2025-11-04T01:24:43.651+0700][3.689s][info][gc,start    ] GC(23) Pause Young (Prepare Mixed) (G1 Evacuation Pause)
[2025-11-04T01:24:43.651+0700][3.689s][info][gc,task     ] GC(23) Using 20 workers of 20 for evacuation
[2025-11-04T01:24:43.690+0700][3.729s][info][gc,phases   ] GC(23)   Pre Evacuate Collection Set: 0.2ms
[2025-11-04T01:24:43.690+0700][3.729s][info][gc,phases   ] GC(23)   Merge Heap Roots: 0.1ms
[2025-11-04T01:24:43.690+0700][3.729s][info][gc,phases   ] GC(23)   Evacuate Collection Set: 38.5ms
[2025-11-04T01:24:43.690+0700][3.729s][info][gc,phases   ] GC(23)   Post Evacuate Collection Set: 0.7ms
[2025-11-04T01:24:43.690+0700][3.729s][info][gc,phases   ] GC(23)   Other: 0.1ms
[2025-11-04T01:24:43.690+0700][3.729s][info][gc,heap     ] GC(23) Eden regions: 116->0(77)
[2025-11-04T01:24:43.690+0700][3.729s][info][gc,heap     ] GC(23) Survivor regions: 23->18(18)
[2025-11-04T01:24:43.690+0700][3.729s][info][gc,heap     ] GC(23) Old regions: 1086->1207
[2025-11-04T01:24:43.690+0700][3.729s][info][gc,heap     ] GC(23) Archive regions: 0->0
[2025-11-04T01:24:43.690+0700][3.729s][info][gc,heap     ] GC(23) Humongous regions: 0->0
[2025-11-04T01:24:43.690+0700][3.729s][info][gc,metaspace] GC(23) Metaspace: 238K(448K)->238K(448K) NonClass: 228K(320K)->228K(320K) Class: 9K(128K)->9K(128K)
[2025-11-04T01:24:43.691+0700][3.729s][info][gc          ] GC(23) Pause Young (Prepare Mixed) (G1 Evacuation Pause) 4898M->4899M(7608M) 39.751ms
[2025-11-04T01:24:43.691+0700][3.729s][info][gc,cpu      ] GC(23) User=0.52s Sys=0.08s Real=0.04s
[2025-11-04T01:24:43.711+0700][3.750s][info][gc,start    ] GC(24) Pause Young (Mixed) (G1 Evacuation Pause)
[2025-11-04T01:24:43.711+0700][3.750s][info][gc,task     ] GC(24) Using 20 workers of 20 for evacuation
[2025-11-04T01:24:43.788+0700][3.827s][info][gc,phases   ] GC(24)   Pre Evacuate Collection Set: 0.2ms
[2025-11-04T01:24:43.788+0700][3.827s][info][gc,phases   ] GC(24)   Merge Heap Roots: 0.1ms
[2025-11-04T01:24:43.788+0700][3.827s][info][gc,phases   ] GC(24)   Evacuate Collection Set: 64.5ms
[2025-11-04T01:24:43.788+0700][3.827s][info][gc,phases   ] GC(24)   Merge Optional Heap Roots: 0.6ms
[2025-11-04T01:24:43.788+0700][3.827s][info][gc,phases   ] GC(24)   Evacuate Optional Collection Set: 9.8ms
[2025-11-04T01:24:43.788+0700][3.827s][info][gc,phases   ] GC(24)   Post Evacuate Collection Set: 1.2ms
[2025-11-04T01:24:43.788+0700][3.827s][info][gc,phases   ] GC(24)   Other: 0.1ms
[2025-11-04T01:24:43.788+0700][3.827s][info][gc,heap     ] GC(24) Eden regions: 77->0(85)
[2025-11-04T01:24:43.788+0700][3.827s][info][gc,heap     ] GC(24) Survivor regions: 18->12(12)
[2025-11-04T01:24:43.788+0700][3.827s][info][gc,heap     ] GC(24) Old regions: 1207->1293
[2025-11-04T01:24:43.788+0700][3.827s][info][gc,heap     ] GC(24) Archive regions: 0->0
[2025-11-04T01:24:43.788+0700][3.827s][info][gc,heap     ] GC(24) Humongous regions: 0->0
[2025-11-04T01:24:43.788+0700][3.827s][info][gc,metaspace] GC(24) Metaspace: 238K(448K)->238K(448K) NonClass: 228K(320K)->228K(320K) Class: 9K(128K)->9K(128K)
[2025-11-04T01:24:43.788+0700][3.827s][info][gc          ] GC(24) Pause Young (Mixed) (G1 Evacuation Pause) 5206M->5218M(7816M) 76.675ms
[2025-11-04T01:24:43.788+0700][3.827s][info][gc,cpu      ] GC(24) User=1.08s Sys=0.25s Real=0.08s
[2025-11-04T01:24:43.840+0700][3.879s][info][gc,start    ] GC(25) Pause Young (Mixed) (G1 Evacuation Pause)
[2025-11-04T01:24:43.840+0700][3.879s][info][gc,task     ] GC(25) Using 20 workers of 20 for evacuation
[2025-11-04T01:24:43.906+0700][3.945s][info][gc,phases   ] GC(25)   Pre Evacuate Collection Set: 0.1ms
[2025-11-04T01:24:43.906+0700][3.945s][info][gc,phases   ] GC(25)   Merge Heap Roots: 0.1ms
[2025-11-04T01:24:43.906+0700][3.945s][info][gc,phases   ] GC(25)   Evacuate Collection Set: 65.1ms
[2025-11-04T01:24:43.906+0700][3.945s][info][gc,phases   ] GC(25)   Post Evacuate Collection Set: 0.9ms
[2025-11-04T01:24:43.906+0700][3.945s][info][gc,phases   ] GC(25)   Other: 0.1ms
[2025-11-04T01:24:43.907+0700][3.945s][info][gc,heap     ] GC(25) Eden regions: 85->0(132)
[2025-11-04T01:24:43.907+0700][3.945s][info][gc,heap     ] GC(25) Survivor regions: 12->13(13)
[2025-11-04T01:24:43.907+0700][3.945s][info][gc,heap     ] GC(25) Old regions: 1293->1386
[2025-11-04T01:24:43.907+0700][3.945s][info][gc,heap     ] GC(25) Archive regions: 0->0
[2025-11-04T01:24:43.907+0700][3.945s][info][gc,heap     ] GC(25) Humongous regions: 0->0
[2025-11-04T01:24:43.907+0700][3.945s][info][gc,metaspace] GC(25) Metaspace: 238K(448K)->238K(448K) NonClass: 228K(320K)->228K(320K) Class: 9K(128K)->9K(128K)
[2025-11-04T01:24:43.907+0700][3.945s][info][gc          ] GC(25) Pause Young (Mixed) (G1 Evacuation Pause) 5557M->5595M(7816M) 66.422ms
[2025-11-04T01:24:43.907+0700][3.945s][info][gc,cpu      ] GC(25) User=1.25s Sys=0.00s Real=0.07s
[2025-11-04T01:24:43.945+0700][3.983s][info][gc,start    ] GC(26) Pause Young (Concurrent Start) (G1 Evacuation Pause)
[2025-11-04T01:24:43.945+0700][3.983s][info][gc,task     ] GC(26) Using 20 workers of 20 for evacuation
[2025-11-04T01:24:43.986+0700][4.024s][info][gc,phases   ] GC(26)   Pre Evacuate Collection Set: 0.1ms
[2025-11-04T01:24:43.986+0700][4.025s][info][gc,phases   ] GC(26)   Merge Heap Roots: 0.1ms
[2025-11-04T01:24:43.986+0700][4.025s][info][gc,phases   ] GC(26)   Evacuate Collection Set: 39.8ms
[2025-11-04T01:24:43.986+0700][4.025s][info][gc,phases   ] GC(26)   Post Evacuate Collection Set: 0.9ms
[2025-11-04T01:24:43.986+0700][4.025s][info][gc,phases   ] GC(26)   Other: 0.2ms
[2025-11-04T01:24:43.986+0700][4.025s][info][gc,heap     ] GC(26) Eden regions: 132->0(84)
[2025-11-04T01:24:43.986+0700][4.025s][info][gc,heap     ] GC(26) Survivor regions: 13->19(19)
[2025-11-04T01:24:43.986+0700][4.025s][info][gc,heap     ] GC(26) Old regions: 1386->1512
[2025-11-04T01:24:43.986+0700][4.025s][info][gc,heap     ] GC(26) Archive regions: 0->0
[2025-11-04T01:24:43.986+0700][4.025s][info][gc,heap     ] GC(26) Humongous regions: 0->0
[2025-11-04T01:24:43.986+0700][4.025s][info][gc,metaspace] GC(26) Metaspace: 238K(448K)->238K(448K) NonClass: 228K(320K)->228K(320K) Class: 9K(128K)->9K(128K)
[2025-11-04T01:24:43.986+0700][4.025s][info][gc          ] GC(26) Pause Young (Concurrent Start) (G1 Evacuation Pause) 6122M->6122M(7816M) 41.283ms
[2025-11-04T01:24:43.986+0700][4.025s][info][gc,cpu      ] GC(26) User=0.62s Sys=0.00s Real=0.04s
[2025-11-04T01:24:43.986+0700][4.025s][info][gc          ] GC(27) Concurrent Mark Cycle
[2025-11-04T01:24:43.986+0700][4.025s][info][gc,marking  ] GC(27) Concurrent Clear Claimed Marks
[2025-11-04T01:24:43.986+0700][4.025s][info][gc,marking  ] GC(27) Concurrent Clear Claimed Marks 0.006ms
[2025-11-04T01:24:43.986+0700][4.025s][info][gc,marking  ] GC(27) Concurrent Scan Root Regions
[2025-11-04T01:24:43.986+0700][4.025s][info][gc,marking  ] GC(27) Concurrent Scan Root Regions 0.118ms
[2025-11-04T01:24:43.986+0700][4.025s][info][gc,marking  ] GC(27) Concurrent Mark
[2025-11-04T01:24:43.986+0700][4.025s][info][gc,marking  ] GC(27) Concurrent Mark From Roots
[2025-11-04T01:24:43.986+0700][4.025s][info][gc,task     ] GC(27) Using 5 workers of 5 for marking
[2025-11-04T01:24:43.995+0700][4.034s][info][gc,marking  ] GC(27) Concurrent Mark From Roots 8.761ms
[2025-11-04T01:24:43.995+0700][4.034s][info][gc,marking  ] GC(27) Concurrent Preclean
[2025-11-04T01:24:43.995+0700][4.034s][info][gc,marking  ] GC(27) Concurrent Preclean 0.046ms
[2025-11-04T01:24:43.995+0700][4.034s][info][gc,start    ] GC(27) Pause Remark
[2025-11-04T01:24:43.996+0700][4.035s][info][gc          ] GC(27) Pause Remark 6288M->6288M(8132M) 1.113ms
[2025-11-04T01:24:43.996+0700][4.035s][info][gc,cpu      ] GC(27) User=0.00s Sys=0.00s Real=0.00s
[2025-11-04T01:24:43.996+0700][4.035s][info][gc,marking  ] GC(27) Concurrent Mark 10.215ms
[2025-11-04T01:24:43.996+0700][4.035s][info][gc,marking  ] GC(27) Concurrent Rebuild Remembered Sets
[2025-11-04T01:24:43.999+0700][4.038s][info][gc,marking  ] GC(27) Concurrent Rebuild Remembered Sets 2.758ms
[2025-11-04T01:24:43.999+0700][4.038s][info][gc,start    ] GC(27) Pause Cleanup
[2025-11-04T01:24:44.000+0700][4.038s][info][gc          ] GC(27) Pause Cleanup 6302M->6302M(8132M) 0.251ms
[2025-11-04T01:24:44.000+0700][4.038s][info][gc,cpu      ] GC(27) User=0.00s Sys=0.00s Real=0.00s
[2025-11-04T01:24:44.000+0700][4.038s][info][gc,marking  ] GC(27) Concurrent Cleanup for Next Mark
[2025-11-04T01:24:44.010+0700][4.049s][info][gc,marking  ] GC(27) Concurrent Cleanup for Next Mark 10.121ms
[2025-11-04T01:24:44.010+0700][4.049s][info][gc          ] GC(27) Concurrent Mark Cycle 23.936ms
[2025-11-04T01:24:44.038+0700][4.076s][info][gc,start    ] GC(28) Pause Young (Prepare Mixed) (G1 Evacuation Pause)
[2025-11-04T01:24:44.038+0700][4.076s][info][gc,task     ] GC(28) Using 20 workers of 20 for evacuation
[2025-11-04T01:24:44.068+0700][4.107s][info][gc,phases   ] GC(28)   Pre Evacuate Collection Set: 0.2ms
[2025-11-04T01:24:44.068+0700][4.107s][info][gc,phases   ] GC(28)   Merge Heap Roots: 0.1ms
[2025-11-04T01:24:44.068+0700][4.107s][info][gc,phases   ] GC(28)   Evacuate Collection Set: 29.9ms
[2025-11-04T01:24:44.068+0700][4.107s][info][gc,phases   ] GC(28)   Post Evacuate Collection Set: 0.5ms
[2025-11-04T01:24:44.068+0700][4.107s][info][gc,phases   ] GC(28)   Other: 0.1ms
[2025-11-04T01:24:44.068+0700][4.107s][info][gc,heap     ] GC(28) Eden regions: 84->0(88)
[2025-11-04T01:24:44.068+0700][4.107s][info][gc,heap     ] GC(28) Survivor regions: 19->13(13)
[2025-11-04T01:24:44.068+0700][4.107s][info][gc,heap     ] GC(28) Old regions: 1512->1602
[2025-11-04T01:24:44.068+0700][4.107s][info][gc,heap     ] GC(28) Archive regions: 0->0
[2025-11-04T01:24:44.068+0700][4.107s][info][gc,heap     ] GC(28) Humongous regions: 0->0
[2025-11-04T01:24:44.068+0700][4.107s][info][gc,metaspace] GC(28) Metaspace: 238K(448K)->238K(448K) NonClass: 228K(320K)->228K(320K) Class: 9K(128K)->9K(128K)
[2025-11-04T01:24:44.068+0700][4.107s][info][gc          ] GC(28) Pause Young (Prepare Mixed) (G1 Evacuation Pause) 6457M->6457M(8132M) 30.854ms
[2025-11-04T01:24:44.068+0700][4.107s][info][gc,cpu      ] GC(28) User=0.33s Sys=0.02s Real=0.03s
[2025-11-04T01:24:44.106+0700][4.144s][info][gc,start    ] GC(29) Pause Young (Mixed) (G1 Evacuation Pause)
[2025-11-04T01:24:44.106+0700][4.145s][info][gc,task     ] GC(29) Using 20 workers of 20 for evacuation
[2025-11-04T01:24:44.193+0700][4.232s][info][gc,phases   ] GC(29)   Pre Evacuate Collection Set: 0.2ms
[2025-11-04T01:24:44.193+0700][4.232s][info][gc,phases   ] GC(29)   Merge Heap Roots: 0.1ms
[2025-11-04T01:24:44.193+0700][4.232s][info][gc,phases   ] GC(29)   Evacuate Collection Set: 86.5ms
[2025-11-04T01:24:44.193+0700][4.232s][info][gc,phases   ] GC(29)   Post Evacuate Collection Set: 0.5ms
[2025-11-04T01:24:44.193+0700][4.232s][info][gc,phases   ] GC(29)   Other: 0.1ms
[2025-11-04T01:24:44.193+0700][4.232s][info][gc,heap     ] GC(29) Eden regions: 88->0(88)
[2025-11-04T01:24:44.193+0700][4.232s][info][gc,heap     ] GC(29) Survivor regions: 13->13(13)
[2025-11-04T01:24:44.193+0700][4.232s][info][gc,heap     ] GC(29) Old regions: 1602->1677
[2025-11-04T01:24:44.193+0700][4.232s][info][gc,heap     ] GC(29) Archive regions: 0->0
[2025-11-04T01:24:44.193+0700][4.232s][info][gc,heap     ] GC(29) Humongous regions: 0->0
[2025-11-04T01:24:44.193+0700][4.232s][info][gc,metaspace] GC(29) Metaspace: 238K(448K)->238K(448K) NonClass: 228K(320K)->228K(320K) Class: 9K(128K)->9K(128K)
[2025-11-04T01:24:44.193+0700][4.232s][info][gc          ] GC(29) Pause Young (Mixed) (G1 Evacuation Pause) 6808M->6757M(8132M) 87.497ms
[2025-11-04T01:24:44.193+0700][4.232s][info][gc,cpu      ] GC(29) User=0.98s Sys=0.62s Real=0.09s
[2025-11-04T01:24:44.217+0700][4.256s][info][gc,start    ] GC(30) Pause Young (Mixed) (G1 Evacuation Pause)
[2025-11-04T01:24:44.217+0700][4.256s][info][gc,task     ] GC(30) Using 20 workers of 20 for evacuation
[2025-11-04T01:24:44.290+0700][4.328s][info][gc          ] GC(30) To-space exhausted
[2025-11-04T01:24:44.290+0700][4.329s][info][gc,phases   ] GC(30)   Pre Evacuate Collection Set: 0.1ms
[2025-11-04T01:24:44.290+0700][4.329s][info][gc,phases   ] GC(30)   Merge Heap Roots: 0.1ms
[2025-11-04T01:24:44.290+0700][4.329s][info][gc,phases   ] GC(30)   Evacuate Collection Set: 71.3ms
[2025-11-04T01:24:44.290+0700][4.329s][info][gc,phases   ] GC(30)   Post Evacuate Collection Set: 0.7ms
[2025-11-04T01:24:44.290+0700][4.329s][info][gc,phases   ] GC(30)   Other: 0.1ms
[2025-11-04T01:24:44.290+0700][4.329s][info][gc,heap     ] GC(30) Eden regions: 88->0(88)
[2025-11-04T01:24:44.290+0700][4.329s][info][gc,heap     ] GC(30) Survivor regions: 13->13(13)
[2025-11-04T01:24:44.290+0700][4.329s][info][gc,heap     ] GC(30) Old regions: 1677->1767
[2025-11-04T01:24:44.290+0700][4.329s][info][gc,heap     ] GC(30) Archive regions: 0->0
[2025-11-04T01:24:44.290+0700][4.329s][info][gc,heap     ] GC(30) Humongous regions: 0->0
[2025-11-04T01:24:44.290+0700][4.329s][info][gc,metaspace] GC(30) Metaspace: 238K(448K)->238K(448K) NonClass: 228K(320K)->228K(320K) Class: 9K(128K)->9K(128K)
[2025-11-04T01:24:44.290+0700][4.329s][info][gc          ] GC(30) Pause Young (Mixed) (G1 Evacuation Pause) 7108M->7120M(8132M) 72.458ms
[2025-11-04T01:24:44.290+0700][4.329s][info][gc,cpu      ] GC(30) User=1.53s Sys=0.00s Real=0.07s
[2025-11-04T01:24:44.313+0700][4.352s][info][gc,start    ] GC(31) Pause Young (Mixed) (G1 Evacuation Pause)
[2025-11-04T01:24:44.313+0700][4.352s][info][gc,task     ] GC(31) Using 20 workers of 20 for evacuation
[2025-11-04T01:24:44.358+0700][4.396s][info][gc          ] GC(31) To-space exhausted
[2025-11-04T01:24:44.358+0700][4.397s][info][gc,phases   ] GC(31)   Pre Evacuate Collection Set: 0.1ms
[2025-11-04T01:24:44.358+0700][4.397s][info][gc,phases   ] GC(31)   Merge Heap Roots: 0.1ms
[2025-11-04T01:24:44.358+0700][4.397s][info][gc,phases   ] GC(31)   Evacuate Collection Set: 43.7ms
[2025-11-04T01:24:44.358+0700][4.397s][info][gc,phases   ] GC(31)   Post Evacuate Collection Set: 0.9ms
[2025-11-04T01:24:44.358+0700][4.397s][info][gc,phases   ] GC(31)   Other: 0.2ms
[2025-11-04T01:24:44.358+0700][4.397s][info][gc,heap     ] GC(31) Eden regions: 88->0(101)
[2025-11-04T01:24:44.358+0700][4.397s][info][gc,heap     ] GC(31) Survivor regions: 13->0(13)
[2025-11-04T01:24:44.358+0700][4.397s][info][gc,heap     ] GC(31) Old regions: 1767->1916
[2025-11-04T01:24:44.358+0700][4.397s][info][gc,heap     ] GC(31) Archive regions: 0->0
[2025-11-04T01:24:44.358+0700][4.397s][info][gc,heap     ] GC(31) Humongous regions: 0->0
[2025-11-04T01:24:44.358+0700][4.397s][info][gc,metaspace] GC(31) Metaspace: 238K(448K)->238K(448K) NonClass: 228K(320K)->228K(320K) Class: 9K(128K)->9K(128K)
[2025-11-04T01:24:44.358+0700][4.397s][info][gc          ] GC(31) Pause Young (Mixed) (G1 Evacuation Pause) 7471M->7663M(8132M) 45.034ms
[2025-11-04T01:24:44.358+0700][4.397s][info][gc,cpu      ] GC(31) User=0.94s Sys=0.00s Real=0.05s
[2025-11-04T01:24:44.365+0700][4.404s][info][gc,start    ] GC(32) Pause Young (Mixed) (G1 Preventive Collection)
[2025-11-04T01:24:44.365+0700][4.404s][info][gc,task     ] GC(32) Using 20 workers of 20 for evacuation
[2025-11-04T01:24:44.391+0700][4.430s][info][gc          ] GC(32) To-space exhausted
[2025-11-04T01:24:44.391+0700][4.430s][info][gc,phases   ] GC(32)   Pre Evacuate Collection Set: 0.1ms
[2025-11-04T01:24:44.391+0700][4.430s][info][gc,phases   ] GC(32)   Merge Heap Roots: 0.1ms
[2025-11-04T01:24:44.391+0700][4.430s][info][gc,phases   ] GC(32)   Evacuate Collection Set: 24.6ms
[2025-11-04T01:24:44.391+0700][4.430s][info][gc,phases   ] GC(32)   Post Evacuate Collection Set: 0.6ms
[2025-11-04T01:24:44.391+0700][4.430s][info][gc,phases   ] GC(32)   Other: 0.1ms
[2025-11-04T01:24:44.391+0700][4.430s][info][gc,heap     ] GC(32) Eden regions: 24->0(101)
[2025-11-04T01:24:44.391+0700][4.430s][info][gc,heap     ] GC(32) Survivor regions: 0->0(13)
[2025-11-04T01:24:44.391+0700][4.430s][info][gc,heap     ] GC(32) Old regions: 1916->1949
[2025-11-04T01:24:44.391+0700][4.430s][info][gc,heap     ] GC(32) Archive regions: 0->0
[2025-11-04T01:24:44.391+0700][4.430s][info][gc,heap     ] GC(32) Humongous regions: 0->0
[2025-11-04T01:24:44.391+0700][4.430s][info][gc,metaspace] GC(32) Metaspace: 238K(448K)->238K(448K) NonClass: 228K(320K)->228K(320K) Class: 9K(128K)->9K(128K)
[2025-11-04T01:24:44.391+0700][4.430s][info][gc          ] GC(32) Pause Young (Mixed) (G1 Preventive Collection) 7757M->7793M(8132M) 25.619ms
[2025-11-04T01:24:44.391+0700][4.430s][info][gc,cpu      ] GC(32) User=0.31s Sys=0.00s Real=0.03s
[2025-11-04T01:24:44.405+0700][4.444s][info][gc,start    ] GC(33) Pause Young (Concurrent Start) (G1 Preventive Collection)
[2025-11-04T01:24:44.405+0700][4.444s][info][gc,task     ] GC(33) Using 20 workers of 20 for evacuation
[2025-11-04T01:24:44.414+0700][4.453s][info][gc          ] GC(33) To-space exhausted
[2025-11-04T01:24:44.414+0700][4.453s][info][gc,phases   ] GC(33)   Pre Evacuate Collection Set: 0.1ms
[2025-11-04T01:24:44.414+0700][4.453s][info][gc,phases   ] GC(33)   Merge Heap Roots: 0.1ms
[2025-11-04T01:24:44.414+0700][4.453s][info][gc,phases   ] GC(33)   Evacuate Collection Set: 8.8ms
[2025-11-04T01:24:44.414+0700][4.453s][info][gc,phases   ] GC(33)   Post Evacuate Collection Set: 0.3ms
[2025-11-04T01:24:44.414+0700][4.453s][info][gc,phases   ] GC(33)   Other: 0.2ms
[2025-11-04T01:24:44.414+0700][4.453s][info][gc,heap     ] GC(33) Eden regions: 52->0(88)
[2025-11-04T01:24:44.414+0700][4.453s][info][gc,heap     ] GC(33) Survivor regions: 0->13(13)
[2025-11-04T01:24:44.414+0700][4.453s][info][gc,heap     ] GC(33) Old regions: 1949->1988
[2025-11-04T01:24:44.414+0700][4.453s][info][gc,heap     ] GC(33) Archive regions: 0->0
[2025-11-04T01:24:44.414+0700][4.453s][info][gc,heap     ] GC(33) Humongous regions: 0->0
[2025-11-04T01:24:44.414+0700][4.453s][info][gc,metaspace] GC(33) Metaspace: 238K(448K)->238K(448K) NonClass: 228K(320K)->228K(320K) Class: 9K(128K)->9K(128K)
[2025-11-04T01:24:44.414+0700][4.453s][info][gc          ] GC(33) Pause Young (Concurrent Start) (G1 Preventive Collection) 7999M->8001M(8132M) 9.503ms
[2025-11-04T01:24:44.414+0700][4.453s][info][gc,cpu      ] GC(33) User=0.30s Sys=0.00s Real=0.01s
[2025-11-04T01:24:44.414+0700][4.453s][info][gc          ] GC(34) Concurrent Mark Cycle
[2025-11-04T01:24:44.415+0700][4.453s][info][gc,marking  ] GC(34) Concurrent Clear Claimed Marks
[2025-11-04T01:24:44.415+0700][4.453s][info][gc,marking  ] GC(34) Concurrent Clear Claimed Marks 0.010ms
[2025-11-04T01:24:44.415+0700][4.453s][info][gc,marking  ] GC(34) Concurrent Scan Root Regions
[2025-11-04T01:24:44.415+0700][4.453s][info][gc,marking  ] GC(34) Concurrent Scan Root Regions 0.043ms
[2025-11-04T01:24:44.415+0700][4.453s][info][gc,marking  ] GC(34) Concurrent Mark
[2025-11-04T01:24:44.415+0700][4.453s][info][gc,marking  ] GC(34) Concurrent Mark From Roots
[2025-11-04T01:24:44.415+0700][4.453s][info][gc,task     ] GC(34) Using 5 workers of 5 for marking
[2025-11-04T01:24:44.418+0700][4.457s][info][gc,start    ] GC(35) Pause Young (Normal) (G1 Preventive Collection)
[2025-11-04T01:24:44.418+0700][4.457s][info][gc,task     ] GC(35) Using 20 workers of 20 for evacuation
[2025-11-04T01:24:44.422+0700][4.461s][info][gc          ] GC(35) To-space exhausted
[2025-11-04T01:24:44.422+0700][4.461s][info][gc,phases   ] GC(35)   Pre Evacuate Collection Set: 0.1ms
[2025-11-04T01:24:44.422+0700][4.461s][info][gc,phases   ] GC(35)   Merge Heap Roots: 0.0ms
[2025-11-04T01:24:44.422+0700][4.461s][info][gc,phases   ] GC(35)   Evacuate Collection Set: 4.1ms
[2025-11-04T01:24:44.422+0700][4.461s][info][gc,phases   ] GC(35)   Post Evacuate Collection Set: 0.1ms
[2025-11-04T01:24:44.422+0700][4.461s][info][gc,phases   ] GC(35)   Other: 0.1ms
[2025-11-04T01:24:44.422+0700][4.461s][info][gc,heap     ] GC(35) Eden regions: 15->0(97)
[2025-11-04T01:24:44.422+0700][4.461s][info][gc,heap     ] GC(35) Survivor regions: 13->4(13)
[2025-11-04T01:24:44.422+0700][4.461s][info][gc,heap     ] GC(35) Old regions: 1988->2012
[2025-11-04T01:24:44.422+0700][4.461s][info][gc,heap     ] GC(35) Archive regions: 0->0
[2025-11-04T01:24:44.422+0700][4.461s][info][gc,heap     ] GC(35) Humongous regions: 0->0
[2025-11-04T01:24:44.422+0700][4.461s][info][gc,metaspace] GC(35) Metaspace: 238K(448K)->238K(448K) NonClass: 228K(320K)->228K(320K) Class: 9K(128K)->9K(128K)
[2025-11-04T01:24:44.422+0700][4.461s][info][gc          ] GC(35) Pause Young (Normal) (G1 Preventive Collection) 8059M->8061M(8132M) 4.452ms
[2025-11-04T01:24:44.422+0700][4.461s][info][gc,cpu      ] GC(35) User=0.00s Sys=0.00s Real=0.00s
[2025-11-04T01:24:44.424+0700][4.463s][info][gc,start    ] GC(36) Pause Young (Normal) (G1 Preventive Collection)
[2025-11-04T01:24:44.424+0700][4.463s][info][gc,task     ] GC(36) Using 20 workers of 20 for evacuation
[2025-11-04T01:24:44.426+0700][4.465s][info][gc          ] GC(36) To-space exhausted
[2025-11-04T01:24:44.426+0700][4.465s][info][gc,phases   ] GC(36)   Pre Evacuate Collection Set: 0.0ms
[2025-11-04T01:24:44.426+0700][4.465s][info][gc,phases   ] GC(36)   Merge Heap Roots: 0.0ms
[2025-11-04T01:24:44.426+0700][4.465s][info][gc,phases   ] GC(36)   Evacuate Collection Set: 1.5ms
[2025-11-04T01:24:44.426+0700][4.465s][info][gc,phases   ] GC(36)   Post Evacuate Collection Set: 0.1ms
[2025-11-04T01:24:44.426+0700][4.465s][info][gc,phases   ] GC(36)   Other: 0.1ms
[2025-11-04T01:24:44.426+0700][4.465s][info][gc,heap     ] GC(36) Eden regions: 10->0(94)
[2025-11-04T01:24:44.426+0700][4.465s][info][gc,heap     ] GC(36) Survivor regions: 4->7(7)
[2025-11-04T01:24:44.426+0700][4.465s][info][gc,heap     ] GC(36) Old regions: 2012->2019
[2025-11-04T01:24:44.426+0700][4.465s][info][gc,heap     ] GC(36) Archive regions: 0->0
[2025-11-04T01:24:44.426+0700][4.465s][info][gc,heap     ] GC(36) Humongous regions: 0->0
[2025-11-04T01:24:44.426+0700][4.465s][info][gc,metaspace] GC(36) Metaspace: 238K(448K)->238K(448K) NonClass: 228K(320K)->228K(320K) Class: 9K(128K)->9K(128K)
[2025-11-04T01:24:44.426+0700][4.465s][info][gc          ] GC(36) Pause Young (Normal) (G1 Preventive Collection) 8099M->8100M(8132M) 1.852ms
[2025-11-04T01:24:44.426+0700][4.465s][info][gc,cpu      ] GC(36) User=0.00s Sys=0.00s Real=0.00s
[2025-11-04T01:24:44.426+0700][4.465s][info][gc,start    ] GC(37) Pause Young (Normal) (G1 Preventive Collection)
[2025-11-04T01:24:44.426+0700][4.465s][info][gc,task     ] GC(37) Using 20 workers of 20 for evacuation
[2025-11-04T01:24:44.427+0700][4.466s][info][gc          ] GC(37) To-space exhausted
[2025-11-04T01:24:44.427+0700][4.466s][info][gc,phases   ] GC(37)   Pre Evacuate Collection Set: 0.1ms
[2025-11-04T01:24:44.427+0700][4.466s][info][gc,phases   ] GC(37)   Merge Heap Roots: 0.0ms
[2025-11-04T01:24:44.427+0700][4.466s][info][gc,phases   ] GC(37)   Evacuate Collection Set: 1.0ms
[2025-11-04T01:24:44.427+0700][4.466s][info][gc,phases   ] GC(37)   Post Evacuate Collection Set: 0.1ms
[2025-11-04T01:24:44.427+0700][4.466s][info][gc,phases   ] GC(37)   Other: 0.1ms
[2025-11-04T01:24:44.427+0700][4.466s][info][gc,heap     ] GC(37) Eden regions: 1->0(95)
[2025-11-04T01:24:44.427+0700][4.466s][info][gc,heap     ] GC(37) Survivor regions: 7->6(6)
[2025-11-04T01:24:44.427+0700][4.466s][info][gc,heap     ] GC(37) Old regions: 2019->2022
[2025-11-04T01:24:44.427+0700][4.466s][info][gc,heap     ] GC(37) Archive regions: 0->0
[2025-11-04T01:24:44.427+0700][4.466s][info][gc,heap     ] GC(37) Humongous regions: 0->0
[2025-11-04T01:24:44.427+0700][4.466s][info][gc,metaspace] GC(37) Metaspace: 238K(448K)->238K(448K) NonClass: 228K(320K)->228K(320K) Class: 9K(128K)->9K(128K)
[2025-11-04T01:24:44.427+0700][4.466s][info][gc          ] GC(37) Pause Young (Normal) (G1 Preventive Collection) 8103M->8107M(8132M) 1.304ms
[2025-11-04T01:24:44.427+0700][4.466s][info][gc,cpu      ] GC(37) User=0.30s Sys=0.00s Real=0.00s
[2025-11-04T01:24:44.428+0700][4.466s][info][gc,start    ] GC(38) Pause Young (Normal) (G1 Preventive Collection)
[2025-11-04T01:24:44.428+0700][4.466s][info][gc,task     ] GC(38) Using 20 workers of 20 for evacuation
[2025-11-04T01:24:44.429+0700][4.467s][info][gc          ] GC(38) To-space exhausted
[2025-11-04T01:24:44.429+0700][4.467s][info][gc,phases   ] GC(38)   Pre Evacuate Collection Set: 0.1ms
[2025-11-04T01:24:44.429+0700][4.467s][info][gc,phases   ] GC(38)   Merge Heap Roots: 0.0ms
[2025-11-04T01:24:44.429+0700][4.467s][info][gc,phases   ] GC(38)   Evacuate Collection Set: 0.6ms
[2025-11-04T01:24:44.429+0700][4.467s][info][gc,phases   ] GC(38)   Post Evacuate Collection Set: 0.1ms
[2025-11-04T01:24:44.429+0700][4.467s][info][gc,phases   ] GC(38)   Other: 0.1ms
[2025-11-04T01:24:44.429+0700][4.467s][info][gc,heap     ] GC(38) Eden regions: 1->0(97)
[2025-11-04T01:24:44.429+0700][4.467s][info][gc,heap     ] GC(38) Survivor regions: 6->4(4)
[2025-11-04T01:24:44.429+0700][4.467s][info][gc,heap     ] GC(38) Old regions: 2022->2028
[2025-11-04T01:24:44.429+0700][4.467s][info][gc,heap     ] GC(38) Archive regions: 0->0
[2025-11-04T01:24:44.429+0700][4.467s][info][gc,heap     ] GC(38) Humongous regions: 0->0
[2025-11-04T01:24:44.429+0700][4.467s][info][gc,metaspace] GC(38) Metaspace: 238K(448K)->238K(448K) NonClass: 228K(320K)->228K(320K) Class: 9K(128K)->9K(128K)
[2025-11-04T01:24:44.429+0700][4.467s][info][gc          ] GC(38) Pause Young (Normal) (G1 Preventive Collection) 8110M->8122M(8132M) 0.938ms
[2025-11-04T01:24:44.429+0700][4.467s][info][gc,cpu      ] GC(38) User=0.00s Sys=0.00s Real=0.00s
[2025-11-04T01:24:44.429+0700][4.468s][info][gc,start    ] GC(39) Pause Young (Normal) (G1 Evacuation Pause)
[2025-11-04T01:24:44.429+0700][4.468s][info][gc,task     ] GC(39) Using 20 workers of 20 for evacuation
[2025-11-04T01:24:44.429+0700][4.468s][info][gc          ] GC(39) To-space exhausted
[2025-11-04T01:24:44.429+0700][4.468s][info][gc,phases   ] GC(39)   Pre Evacuate Collection Set: 0.0ms
[2025-11-04T01:24:44.429+0700][4.468s][info][gc,phases   ] GC(39)   Merge Heap Roots: 0.0ms
[2025-11-04T01:24:44.429+0700][4.468s][info][gc,phases   ] GC(39)   Evacuate Collection Set: 0.1ms
[2025-11-04T01:24:44.429+0700][4.468s][info][gc,phases   ] GC(39)   Post Evacuate Collection Set: 0.1ms
[2025-11-04T01:24:44.429+0700][4.468s][info][gc,phases   ] GC(39)   Other: 0.1ms
[2025-11-04T01:24:44.429+0700][4.468s][info][gc,heap     ] GC(39) Eden regions: 1->0(101)
[2025-11-04T01:24:44.429+0700][4.468s][info][gc,heap     ] GC(39) Survivor regions: 4->0(0)
[2025-11-04T01:24:44.429+0700][4.468s][info][gc,heap     ] GC(39) Old regions: 2028->2033
[2025-11-04T01:24:44.429+0700][4.468s][info][gc,heap     ] GC(39) Archive regions: 0->0
[2025-11-04T01:24:44.429+0700][4.468s][info][gc,heap     ] GC(39) Humongous regions: 0->0
[2025-11-04T01:24:44.429+0700][4.468s][info][gc,metaspace] GC(39) Metaspace: 238K(448K)->238K(448K) NonClass: 228K(320K)->228K(320K) Class: 9K(128K)->9K(128K)
[2025-11-04T01:24:44.429+0700][4.468s][info][gc          ] GC(39) Pause Young (Normal) (G1 Evacuation Pause) 8125M->8125M(8132M) 0.300ms
[2025-11-04T01:24:44.429+0700][4.468s][info][gc,cpu      ] GC(39) User=0.00s Sys=0.00s Real=0.00s
[2025-11-04T01:24:44.429+0700][4.468s][info][gc,ergo     ] Attempting full compaction
[2025-11-04T01:24:44.429+0700][4.468s][info][gc,task     ] GC(40) Using 20 workers of 20 for full compaction
[2025-11-04T01:24:44.430+0700][4.468s][info][gc,start    ] GC(40) Pause Full (G1 Compaction Pause)
[2025-11-04T01:24:44.437+0700][4.476s][info][gc,phases,start] GC(40) Phase 1: Mark live objects
[2025-11-04T01:24:44.439+0700][4.478s][info][gc,phases      ] GC(40) Phase 1: Mark live objects 1.603ms
[2025-11-04T01:24:44.439+0700][4.478s][info][gc,phases,start] GC(40) Phase 2: Prepare for compaction
[2025-11-04T01:24:44.443+0700][4.482s][info][gc,phases      ] GC(40) Phase 2: Prepare for compaction 4.647ms
[2025-11-04T01:24:44.444+0700][4.482s][info][gc,phases,start] GC(40) Phase 3: Adjust pointers
[2025-11-04T01:24:44.445+0700][4.484s][info][gc,phases      ] GC(40) Phase 3: Adjust pointers 1.796ms
[2025-11-04T01:24:44.445+0700][4.484s][info][gc,phases,start] GC(40) Phase 4: Compact heap
[2025-11-04T01:24:44.863+0700][4.902s][info][gc,phases      ] GC(40) Phase 4: Compact heap 418.094ms
[2025-11-04T01:24:44.871+0700][4.909s][info][gc,heap        ] GC(40) Eden regions: 0->0(101)
[2025-11-04T01:24:44.871+0700][4.909s][info][gc,heap        ] GC(40) Survivor regions: 0->0(0)
[2025-11-04T01:24:44.871+0700][4.909s][info][gc,heap        ] GC(40) Old regions: 2033->1973
[2025-11-04T01:24:44.871+0700][4.909s][info][gc,heap        ] GC(40) Archive regions: 0->0
[2025-11-04T01:24:44.871+0700][4.909s][info][gc,heap        ] GC(40) Humongous regions: 0->0
[2025-11-04T01:24:44.871+0700][4.909s][info][gc,metaspace   ] GC(40) Metaspace: 238K(448K)->238K(448K) NonClass: 228K(320K)->228K(320K) Class: 9K(128K)->9K(128K)
[2025-11-04T01:24:44.871+0700][4.909s][info][gc             ] GC(40) Pause Full (G1 Compaction Pause) 8125M->6148M(8132M) 441.142ms
[2025-11-04T01:24:44.871+0700][4.910s][info][gc,cpu         ] GC(40) User=7.14s Sys=0.20s Real=0.44s
[2025-11-04T01:24:44.871+0700][4.910s][info][gc,marking     ] GC(34) Concurrent Mark From Roots 456.313ms
[2025-11-04T01:24:44.871+0700][4.910s][info][gc,marking     ] GC(34) Concurrent Mark Abort
[2025-11-04T01:24:44.871+0700][4.910s][info][gc             ] GC(34) Concurrent Mark Cycle 456.509ms
[2025-11-04T01:24:44.882+0700][4.920s][info][gc,start       ] GC(41) Pause Young (Normal) (G1 Preventive Collection)
[2025-11-04T01:24:44.882+0700][4.920s][info][gc,task        ] GC(41) Using 20 workers of 20 for evacuation
[2025-11-04T01:24:44.888+0700][4.927s][info][gc             ] GC(41) To-space exhausted
[2025-11-04T01:24:44.888+0700][4.927s][info][gc,phases      ] GC(41)   Pre Evacuate Collection Set: 0.1ms
[2025-11-04T01:24:44.888+0700][4.927s][info][gc,phases      ] GC(41)   Merge Heap Roots: 0.1ms
[2025-11-04T01:24:44.888+0700][4.927s][info][gc,phases      ] GC(41)   Evacuate Collection Set: 6.1ms
[2025-11-04T01:24:44.888+0700][4.927s][info][gc,phases      ] GC(41)   Post Evacuate Collection Set: 0.5ms
[2025-11-04T01:24:44.888+0700][4.927s][info][gc,phases      ] GC(41)   Other: 0.1ms
[2025-11-04T01:24:44.888+0700][4.927s][info][gc,heap        ] GC(41) Eden regions: 38->0(88)
[2025-11-04T01:24:44.888+0700][4.927s][info][gc,heap        ] GC(41) Survivor regions: 0->13(13)
[2025-11-04T01:24:44.888+0700][4.927s][info][gc,heap        ] GC(41) Old regions: 1973->1998
[2025-11-04T01:24:44.888+0700][4.927s][info][gc,heap        ] GC(41) Archive regions: 0->0
[2025-11-04T01:24:44.888+0700][4.927s][info][gc,heap        ] GC(41) Humongous regions: 0->0
[2025-11-04T01:24:44.889+0700][4.927s][info][gc,metaspace   ] GC(41) Metaspace: 238K(448K)->238K(448K) NonClass: 228K(320K)->228K(320K) Class: 9K(128K)->9K(128K)
[2025-11-04T01:24:44.889+0700][4.927s][info][gc             ] GC(41) Pause Young (Normal) (G1 Preventive Collection) 6298M->6300M(8132M) 6.995ms
[2025-11-04T01:24:44.889+0700][4.927s][info][gc,cpu         ] GC(41) User=0.00s Sys=0.00s Real=0.01s
[2025-11-04T01:24:44.892+0700][4.930s][info][gc,start       ] GC(42) Pause Young (Concurrent Start) (G1 Preventive Collection)
[2025-11-04T01:24:44.892+0700][4.930s][info][gc,task        ] GC(42) Using 20 workers of 20 for evacuation
[2025-11-04T01:24:44.894+0700][4.933s][info][gc             ] GC(42) To-space exhausted
[2025-11-04T01:24:44.894+0700][4.933s][info][gc,phases      ] GC(42)   Pre Evacuate Collection Set: 0.1ms
[2025-11-04T01:24:44.894+0700][4.933s][info][gc,phases      ] GC(42)   Merge Heap Roots: 0.1ms
[2025-11-04T01:24:44.894+0700][4.933s][info][gc,phases      ] GC(42)   Evacuate Collection Set: 1.8ms
[2025-11-04T01:24:44.894+0700][4.933s][info][gc,phases      ] GC(42)   Post Evacuate Collection Set: 0.4ms
[2025-11-04T01:24:44.894+0700][4.933s][info][gc,phases      ] GC(42)   Other: 0.1ms
[2025-11-04T01:24:44.894+0700][4.933s][info][gc,heap        ] GC(42) Eden regions: 15->0(100)
[2025-11-04T01:24:44.894+0700][4.933s][info][gc,heap        ] GC(42) Survivor regions: 13->1(7)
[2025-11-04T01:24:44.894+0700][4.933s][info][gc,heap        ] GC(42) Old regions: 1998->2026
[2025-11-04T01:24:44.894+0700][4.933s][info][gc,heap        ] GC(42) Archive regions: 0->0
[2025-11-04T01:24:44.894+0700][4.933s][info][gc,heap        ] GC(42) Humongous regions: 0->0
[2025-11-04T01:24:44.894+0700][4.933s][info][gc,metaspace   ] GC(42) Metaspace: 238K(448K)->238K(448K) NonClass: 228K(320K)->228K(320K) Class: 9K(128K)->9K(128K)
[2025-11-04T01:24:44.894+0700][4.933s][info][gc             ] GC(42) Pause Young (Concurrent Start) (G1 Preventive Collection) 6358M->6363M(8132M) 2.571ms
[2025-11-04T01:24:44.894+0700][4.933s][info][gc,cpu         ] GC(42) User=0.00s Sys=0.00s Real=0.00s
[2025-11-04T01:24:44.894+0700][4.933s][info][gc             ] GC(43) Concurrent Mark Cycle
[2025-11-04T01:24:44.894+0700][4.933s][info][gc,marking     ] GC(43) Concurrent Clear Claimed Marks
[2025-11-04T01:24:44.894+0700][4.933s][info][gc,marking     ] GC(43) Concurrent Clear Claimed Marks 0.006ms
[2025-11-04T01:24:44.894+0700][4.933s][info][gc,marking     ] GC(43) Concurrent Scan Root Regions
[2025-11-04T01:24:44.894+0700][4.933s][info][gc,marking     ] GC(43) Concurrent Scan Root Regions 0.015ms
[2025-11-04T01:24:44.894+0700][4.933s][info][gc,marking     ] GC(43) Concurrent Mark
[2025-11-04T01:24:44.894+0700][4.933s][info][gc,marking     ] GC(43) Concurrent Mark From Roots
[2025-11-04T01:24:44.894+0700][4.933s][info][gc,task        ] GC(43) Using 5 workers of 5 for marking
[2025-11-04T01:24:44.895+0700][4.934s][info][gc,start       ] GC(44) Pause Young (Normal) (G1 Preventive Collection)
[2025-11-04T01:24:44.895+0700][4.934s][info][gc,task        ] GC(44) Using 20 workers of 20 for evacuation
[2025-11-04T01:24:44.896+0700][4.935s][info][gc             ] GC(44) To-space exhausted
[2025-11-04T01:24:44.896+0700][4.935s][info][gc,phases      ] GC(44)   Pre Evacuate Collection Set: 0.1ms
[2025-11-04T01:24:44.896+0700][4.935s][info][gc,phases      ] GC(44)   Merge Heap Roots: 0.2ms
[2025-11-04T01:24:44.896+0700][4.935s][info][gc,phases      ] GC(44)   Evacuate Collection Set: 0.5ms
[2025-11-04T01:24:44.896+0700][4.935s][info][gc,phases      ] GC(44)   Post Evacuate Collection Set: 0.1ms
[2025-11-04T01:24:44.896+0700][4.935s][info][gc,phases      ] GC(44)   Other: 0.1ms
[2025-11-04T01:24:44.896+0700][4.935s][info][gc,heap        ] GC(44) Eden regions: 4->0(99)
[2025-11-04T01:24:44.896+0700][4.935s][info][gc,heap        ] GC(44) Survivor regions: 1->2(2)
[2025-11-04T01:24:44.896+0700][4.935s][info][gc,heap        ] GC(44) Old regions: 2026->2029
[2025-11-04T01:24:44.896+0700][4.935s][info][gc,heap        ] GC(44) Archive regions: 0->0
[2025-11-04T01:24:44.896+0700][4.935s][info][gc,heap        ] GC(44) Humongous regions: 0->0
[2025-11-04T01:24:44.896+0700][4.935s][info][gc,metaspace   ] GC(44) Metaspace: 238K(448K)->238K(448K) NonClass: 228K(320K)->228K(320K) Class: 9K(128K)->9K(128K)
[2025-11-04T01:24:44.896+0700][4.935s][info][gc             ] GC(44) Pause Young (Normal) (G1 Preventive Collection) 6377M->6378M(8132M) 0.937ms
[2025-11-04T01:24:44.896+0700][4.935s][info][gc,cpu         ] GC(44) User=0.00s Sys=0.03s Real=0.00s
[2025-11-04T01:24:44.896+0700][4.935s][info][gc,start       ] GC(45) Pause Young (Normal) (G1 Preventive Collection)
[2025-11-04T01:24:44.896+0700][4.935s][info][gc,task        ] GC(45) Using 20 workers of 20 for evacuation
[2025-11-04T01:24:44.897+0700][4.936s][info][gc             ] GC(45) To-space exhausted
[2025-11-04T01:24:44.897+0700][4.936s][info][gc,phases      ] GC(45)   Pre Evacuate Collection Set: 0.0ms
[2025-11-04T01:24:44.897+0700][4.936s][info][gc,phases      ] GC(45)   Merge Heap Roots: 0.0ms
[2025-11-04T01:24:44.897+0700][4.936s][info][gc,phases      ] GC(45)   Evacuate Collection Set: 0.3ms
[2025-11-04T01:24:44.897+0700][4.936s][info][gc,phases      ] GC(45)   Post Evacuate Collection Set: 0.1ms
[2025-11-04T01:24:44.897+0700][4.936s][info][gc,phases      ] GC(45)   Other: 0.0ms
[2025-11-04T01:24:44.897+0700][4.936s][info][gc,heap        ] GC(45) Eden regions: 1->0(100)
[2025-11-04T01:24:44.897+0700][4.936s][info][gc,heap        ] GC(45) Survivor regions: 2->1(1)
[2025-11-04T01:24:44.897+0700][4.936s][info][gc,heap        ] GC(45) Old regions: 2029->2032
[2025-11-04T01:24:44.897+0700][4.936s][info][gc,heap        ] GC(45) Archive regions: 0->0
[2025-11-04T01:24:44.897+0700][4.936s][info][gc,heap        ] GC(45) Humongous regions: 0->0
[2025-11-04T01:24:44.897+0700][4.936s][info][gc,metaspace   ] GC(45) Metaspace: 238K(448K)->238K(448K) NonClass: 228K(320K)->228K(320K) Class: 9K(128K)->9K(128K)
[2025-11-04T01:24:44.897+0700][4.936s][info][gc             ] GC(45) Pause Young (Normal) (G1 Preventive Collection) 6381M->6385M(8132M) 0.497ms
[2025-11-04T01:24:44.897+0700][4.936s][info][gc,cpu         ] GC(45) User=0.00s Sys=0.00s Real=0.00s
[2025-11-04T01:24:44.897+0700][4.936s][info][gc,ergo        ] Attempting full compaction
[2025-11-04T01:24:44.897+0700][4.936s][info][gc,task        ] GC(46) Using 20 workers of 20 for full compaction
[2025-11-04T01:24:44.897+0700][4.936s][info][gc,start       ] GC(46) Pause Full (G1 Compaction Pause)
[2025-11-04T01:24:44.905+0700][4.943s][info][gc,phases,start] GC(46) Phase 1: Mark live objects
[2025-11-04T01:24:44.906+0700][4.945s][info][gc,phases      ] GC(46) Phase 1: Mark live objects 1.365ms
[2025-11-04T01:24:44.906+0700][4.945s][info][gc,phases,start] GC(46) Phase 2: Prepare for compaction
[2025-11-04T01:24:44.909+0700][4.947s][info][gc,phases      ] GC(46) Phase 2: Prepare for compaction 2.683ms
[2025-11-04T01:24:44.909+0700][4.947s][info][gc,phases,start] GC(46) Phase 3: Adjust pointers
[2025-11-04T01:24:44.909+0700][4.948s][info][gc,phases      ] GC(46) Phase 3: Adjust pointers 0.694ms
[2025-11-04T01:24:44.909+0700][4.948s][info][gc,phases,start] GC(46) Phase 4: Compact heap
[2025-11-04T01:24:44.919+0700][4.958s][info][gc,phases      ] GC(46) Phase 4: Compact heap 9.697ms
[2025-11-04T01:24:44.927+0700][4.966s][info][gc,heap        ] GC(46) Eden regions: 0->0(101)
[2025-11-04T01:24:44.927+0700][4.966s][info][gc,heap        ] GC(46) Survivor regions: 1->0(1)
[2025-11-04T01:24:44.927+0700][4.966s][info][gc,heap        ] GC(46) Old regions: 2032->2027
[2025-11-04T01:24:44.927+0700][4.966s][info][gc,heap        ] GC(46) Archive regions: 0->0
[2025-11-04T01:24:44.927+0700][4.966s][info][gc,heap        ] GC(46) Humongous regions: 0->0
[2025-11-04T01:24:44.927+0700][4.966s][info][gc,metaspace   ] GC(46) Metaspace: 238K(448K)->238K(448K) NonClass: 228K(320K)->228K(320K) Class: 9K(128K)->9K(128K)
[2025-11-04T01:24:44.927+0700][4.966s][info][gc             ] GC(46) Pause Full (G1 Compaction Pause) 6385M->6318M(8132M) 30.124ms
[2025-11-04T01:24:44.927+0700][4.966s][info][gc,cpu         ] GC(46) User=0.47s Sys=0.00s Real=0.03s
[2025-11-04T01:24:44.927+0700][4.966s][info][gc,marking     ] GC(43) Concurrent Mark From Roots 33.098ms
[2025-11-04T01:24:44.928+0700][4.966s][info][gc,marking     ] GC(43) Concurrent Mark Abort
[2025-11-04T01:24:44.928+0700][4.966s][info][gc             ] GC(43) Concurrent Mark Cycle 33.230ms
[2025-11-04T01:24:44.929+0700][4.968s][info][gc,start       ] GC(47) Pause Young (Normal) (G1 Preventive Collection)
[2025-11-04T01:24:44.929+0700][4.968s][info][gc,task        ] GC(47) Using 20 workers of 20 for evacuation
[2025-11-04T01:24:44.930+0700][4.969s][info][gc             ] GC(47) To-space exhausted
[2025-11-04T01:24:44.930+0700][4.969s][info][gc,phases      ] GC(47)   Pre Evacuate Collection Set: 0.1ms
[2025-11-04T01:24:44.930+0700][4.969s][info][gc,phases      ] GC(47)   Merge Heap Roots: 0.1ms
[2025-11-04T01:24:44.930+0700][4.969s][info][gc,phases      ] GC(47)   Evacuate Collection Set: 0.6ms
[2025-11-04T01:24:44.930+0700][4.969s][info][gc,phases      ] GC(47)   Post Evacuate Collection Set: 0.2ms
[2025-11-04T01:24:44.930+0700][4.969s][info][gc,phases      ] GC(47)   Other: 0.1ms
[2025-11-04T01:24:44.930+0700][4.969s][info][gc,heap        ] GC(47) Eden regions: 4->0(99)
[2025-11-04T01:24:44.930+0700][4.969s][info][gc,heap        ] GC(47) Survivor regions: 0->2(2)
[2025-11-04T01:24:44.930+0700][4.969s][info][gc,heap        ] GC(47) Old regions: 2027->2030
[2025-11-04T01:24:44.930+0700][4.969s][info][gc,heap        ] GC(47) Archive regions: 0->0
[2025-11-04T01:24:44.930+0700][4.969s][info][gc,heap        ] GC(47) Humongous regions: 0->0
[2025-11-04T01:24:44.930+0700][4.969s][info][gc,metaspace   ] GC(47) Metaspace: 238K(448K)->238K(448K) NonClass: 228K(320K)->228K(320K) Class: 9K(128K)->9K(128K)
[2025-11-04T01:24:44.930+0700][4.969s][info][gc             ] GC(47) Pause Young (Normal) (G1 Preventive Collection) 6332M->6337M(8132M) 1.159ms
[2025-11-04T01:24:44.930+0700][4.969s][info][gc,cpu         ] GC(47) User=0.00s Sys=0.00s Real=0.00s
[2025-11-04T01:24:44.931+0700][4.969s][info][gc,start       ] GC(48) Pause Young (Concurrent Start) (G1 Evacuation Pause)
[2025-11-04T01:24:44.931+0700][4.969s][info][gc,task        ] GC(48) Using 20 workers of 20 for evacuation
[2025-11-04T01:24:44.931+0700][4.970s][info][gc             ] GC(48) To-space exhausted
[2025-11-04T01:24:44.931+0700][4.970s][info][gc,phases      ] GC(48)   Pre Evacuate Collection Set: 0.1ms
[2025-11-04T01:24:44.931+0700][4.970s][info][gc,phases      ] GC(48)   Merge Heap Roots: 0.0ms
[2025-11-04T01:24:44.931+0700][4.970s][info][gc,phases      ] GC(48)   Evacuate Collection Set: 0.1ms
[2025-11-04T01:24:44.931+0700][4.970s][info][gc,phases      ] GC(48)   Post Evacuate Collection Set: 0.1ms
[2025-11-04T01:24:44.931+0700][4.970s][info][gc,phases      ] GC(48)   Other: 0.1ms
[2025-11-04T01:24:44.931+0700][4.970s][info][gc,heap        ] GC(48) Eden regions: 1->0(101)
[2025-11-04T01:24:44.931+0700][4.970s][info][gc,heap        ] GC(48) Survivor regions: 2->0(0)
[2025-11-04T01:24:44.931+0700][4.970s][info][gc,heap        ] GC(48) Old regions: 2030->2033
[2025-11-04T01:24:44.931+0700][4.970s][info][gc,heap        ] GC(48) Archive regions: 0->0
[2025-11-04T01:24:44.931+0700][4.970s][info][gc,heap        ] GC(48) Humongous regions: 0->0
[2025-11-04T01:24:44.931+0700][4.970s][info][gc,metaspace   ] GC(48) Metaspace: 238K(448K)->238K(448K) NonClass: 228K(320K)->228K(320K) Class: 9K(128K)->9K(128K)
[2025-11-04T01:24:44.931+0700][4.970s][info][gc             ] GC(48) Pause Young (Concurrent Start) (G1 Evacuation Pause) 6340M->6340M(8132M) 0.359ms
[2025-11-04T01:24:44.931+0700][4.970s][info][gc,cpu         ] GC(48) User=0.00s Sys=0.00s Real=0.00s
[2025-11-04T01:24:44.931+0700][4.970s][info][gc,ergo        ] Attempting full compaction
[2025-11-04T01:24:44.931+0700][4.970s][info][gc             ] GC(49) Concurrent Mark Cycle
[2025-11-04T01:24:44.931+0700][4.970s][info][gc,task        ] GC(50) Using 20 workers of 20 for full compaction
[2025-11-04T01:24:44.931+0700][4.970s][info][gc,marking     ] GC(49) Concurrent Clear Claimed Marks
[2025-11-04T01:24:44.931+0700][4.970s][info][gc,marking     ] GC(49) Concurrent Clear Claimed Marks 0.012ms
[2025-11-04T01:24:44.931+0700][4.970s][info][gc,marking     ] GC(49) Concurrent Scan Root Regions
[2025-11-04T01:24:44.931+0700][4.970s][info][gc,marking     ] GC(49) Concurrent Scan Root Regions 0.004ms
[2025-11-04T01:24:44.931+0700][4.970s][info][gc,marking     ] GC(49) Concurrent Mark
[2025-11-04T01:24:44.931+0700][4.970s][info][gc,marking     ] GC(49) Concurrent Mark From Roots
[2025-11-04T01:24:44.931+0700][4.970s][info][gc,task        ] GC(49) Using 5 workers of 5 for marking
[2025-11-04T01:24:44.931+0700][4.970s][info][gc,start       ] GC(50) Pause Full (G1 Compaction Pause)
[2025-11-04T01:24:44.938+0700][4.977s][info][gc,phases,start] GC(50) Phase 1: Mark live objects
[2025-11-04T01:24:44.939+0700][4.978s][info][gc,phases      ] GC(50) Phase 1: Mark live objects 1.383ms
[2025-11-04T01:24:44.939+0700][4.978s][info][gc,phases,start] GC(50) Phase 2: Prepare for compaction
[2025-11-04T01:24:44.942+0700][4.981s][info][gc,phases      ] GC(50) Phase 2: Prepare for compaction 2.640ms
[2025-11-04T01:24:44.942+0700][4.981s][info][gc,phases,start] GC(50) Phase 3: Adjust pointers
[2025-11-04T01:24:44.943+0700][4.981s][info][gc,phases      ] GC(50) Phase 3: Adjust pointers 0.573ms
[2025-11-04T01:24:44.943+0700][4.981s][info][gc,phases,start] GC(50) Phase 4: Compact heap
[2025-11-04T01:24:44.944+0700][4.983s][info][gc,phases      ] GC(50) Phase 4: Compact heap 1.311ms
[2025-11-04T01:24:44.952+0700][4.991s][info][gc,heap        ] GC(50) Eden regions: 0->0(101)
[2025-11-04T01:24:44.953+0700][4.991s][info][gc,heap        ] GC(50) Survivor regions: 0->0(0)
[2025-11-04T01:24:44.953+0700][4.991s][info][gc,heap        ] GC(50) Old regions: 2033->2032
[2025-11-04T01:24:44.953+0700][4.991s][info][gc,heap        ] GC(50) Archive regions: 0->0
[2025-11-04T01:24:44.953+0700][4.991s][info][gc,heap        ] GC(50) Humongous regions: 0->0
[2025-11-04T01:24:44.953+0700][4.991s][info][gc,metaspace   ] GC(50) Metaspace: 238K(448K)->238K(448K) NonClass: 228K(320K)->228K(320K) Class: 9K(128K)->9K(128K)
[2025-11-04T01:24:44.953+0700][4.991s][info][gc             ] GC(50) Pause Full (G1 Compaction Pause) 6340M->6331M(8132M) 21.490ms
[2025-11-04T01:24:44.953+0700][4.991s][info][gc,cpu         ] GC(50) User=0.31s Sys=0.00s Real=0.02s
[2025-11-04T01:24:44.953+0700][4.992s][info][gc,marking     ] GC(49) Concurrent Mark From Roots 21.822ms
[2025-11-04T01:24:44.953+0700][4.992s][info][gc,marking     ] GC(49) Concurrent Mark Abort
[2025-11-04T01:24:44.953+0700][4.992s][info][gc             ] GC(49) Concurrent Mark Cycle 21.956ms
[2025-11-04T01:24:44.953+0700][4.992s][info][gc,start       ] GC(51) Pause Young (Normal) (G1 Evacuation Pause)
[2025-11-04T01:24:44.953+0700][4.992s][info][gc,task        ] GC(51) Using 20 workers of 20 for evacuation
[2025-11-04T01:24:44.954+0700][4.992s][info][gc             ] GC(51) To-space exhausted
[2025-11-04T01:24:44.954+0700][4.992s][info][gc,phases      ] GC(51)   Pre Evacuate Collection Set: 0.1ms
[2025-11-04T01:24:44.954+0700][4.992s][info][gc,phases      ] GC(51)   Merge Heap Roots: 0.1ms
[2025-11-04T01:24:44.954+0700][4.992s][info][gc,phases      ] GC(51)   Evacuate Collection Set: 0.1ms
[2025-11-04T01:24:44.954+0700][4.992s][info][gc,phases      ] GC(51)   Post Evacuate Collection Set: 0.1ms
[2025-11-04T01:24:44.954+0700][4.992s][info][gc,phases      ] GC(51)   Other: 0.0ms
[2025-11-04T01:24:44.954+0700][4.992s][info][gc,heap        ] GC(51) Eden regions: 1->0(101)
[2025-11-04T01:24:44.954+0700][4.992s][info][gc,heap        ] GC(51) Survivor regions: 0->0(0)
[2025-11-04T01:24:44.954+0700][4.992s][info][gc,heap        ] GC(51) Old regions: 2032->2033
[2025-11-04T01:24:44.954+0700][4.992s][info][gc,heap        ] GC(51) Archive regions: 0->0
[2025-11-04T01:24:44.954+0700][4.992s][info][gc,heap        ] GC(51) Humongous regions: 0->0
[2025-11-04T01:24:44.954+0700][4.992s][info][gc,metaspace   ] GC(51) Metaspace: 238K(448K)->238K(448K) NonClass: 228K(320K)->228K(320K) Class: 9K(128K)->9K(128K)
[2025-11-04T01:24:44.954+0700][4.992s][info][gc             ] GC(51) Pause Young (Normal) (G1 Evacuation Pause) 6334M->6334M(8132M) 0.458ms
[2025-11-04T01:24:44.954+0700][4.992s][info][gc,cpu         ] GC(51) User=0.00s Sys=0.00s Real=0.00s
[2025-11-04T01:24:44.954+0700][4.992s][info][gc,ergo        ] Attempting full compaction
[2025-11-04T01:24:44.954+0700][4.992s][info][gc,task        ] GC(52) Using 20 workers of 20 for full compaction
[2025-11-04T01:24:44.954+0700][4.993s][info][gc,start       ] GC(52) Pause Full (G1 Compaction Pause)
[2025-11-04T01:24:44.954+0700][4.993s][info][gc,phases,start] GC(52) Phase 1: Mark live objects
[2025-11-04T01:24:44.955+0700][4.993s][info][gc,phases      ] GC(52) Phase 1: Mark live objects 0.825ms
[2025-11-04T01:24:44.955+0700][4.993s][info][gc,phases,start] GC(52) Phase 2: Prepare for compaction
[2025-11-04T01:24:44.957+0700][4.996s][info][gc,phases      ] GC(52) Phase 2: Prepare for compaction 2.502ms
[2025-11-04T01:24:44.957+0700][4.996s][info][gc,phases,start] GC(52) Phase 3: Adjust pointers
[2025-11-04T01:24:44.958+0700][4.996s][info][gc,phases      ] GC(52) Phase 3: Adjust pointers 0.495ms
[2025-11-04T01:24:44.958+0700][4.996s][info][gc,phases,start] GC(52) Phase 4: Compact heap
[2025-11-04T01:24:44.963+0700][5.001s][info][gc,phases      ] GC(52) Phase 4: Compact heap 4.960ms
[2025-11-04T01:24:44.971+0700][5.009s][info][gc,heap        ] GC(52) Eden regions: 0->0(101)
[2025-11-04T01:24:44.971+0700][5.009s][info][gc,heap        ] GC(52) Survivor regions: 0->0(0)
[2025-11-04T01:24:44.971+0700][5.009s][info][gc,heap        ] GC(52) Old regions: 2033->2028
[2025-11-04T01:24:44.971+0700][5.009s][info][gc,heap        ] GC(52) Archive regions: 0->0
[2025-11-04T01:24:44.971+0700][5.009s][info][gc,heap        ] GC(52) Humongous regions: 0->0
[2025-11-04T01:24:44.971+0700][5.009s][info][gc,metaspace   ] GC(52) Metaspace: 238K(448K)->238K(448K) NonClass: 228K(320K)->228K(320K) Class: 9K(128K)->9K(128K)
[2025-11-04T01:24:44.971+0700][5.009s][info][gc             ] GC(52) Pause Full (G1 Compaction Pause) 6334M->6333M(8132M) 16.835ms
[2025-11-04T01:24:44.971+0700][5.009s][info][gc,cpu         ] GC(52) User=0.02s Sys=0.00s Real=0.02s
[2025-11-04T01:24:44.972+0700][5.011s][info][gc,start       ] GC(53) Pause Young (Concurrent Start) (G1 Preventive Collection)
[2025-11-04T01:24:44.972+0700][5.011s][info][gc,task        ] GC(53) Using 20 workers of 20 for evacuation
[2025-11-04T01:24:44.973+0700][5.012s][info][gc             ] GC(53) To-space exhausted
[2025-11-04T01:24:44.973+0700][5.012s][info][gc,phases      ] GC(53)   Pre Evacuate Collection Set: 0.1ms
[2025-11-04T01:24:44.973+0700][5.012s][info][gc,phases      ] GC(53)   Merge Heap Roots: 0.1ms
[2025-11-04T01:24:44.973+0700][5.012s][info][gc,phases      ] GC(53)   Evacuate Collection Set: 0.4ms
[2025-11-04T01:24:44.973+0700][5.012s][info][gc,phases      ] GC(53)   Post Evacuate Collection Set: 0.1ms
[2025-11-04T01:24:44.973+0700][5.012s][info][gc,phases      ] GC(53)   Other: 0.1ms
[2025-11-04T01:24:44.973+0700][5.012s][info][gc,heap        ] GC(53) Eden regions: 4->0(100)
[2025-11-04T01:24:44.973+0700][5.012s][info][gc,heap        ] GC(53) Survivor regions: 0->1(1)
[2025-11-04T01:24:44.973+0700][5.012s][info][gc,heap        ] GC(53) Old regions: 2028->2031
[2025-11-04T01:24:44.973+0700][5.012s][info][gc,heap        ] GC(53) Archive regions: 0->0
[2025-11-04T01:24:44.973+0700][5.012s][info][gc,heap        ] GC(53) Humongous regions: 0->0
[2025-11-04T01:24:44.973+0700][5.012s][info][gc,metaspace   ] GC(53) Metaspace: 238K(448K)->238K(448K) NonClass: 228K(320K)->228K(320K) Class: 9K(128K)->9K(128K)
[2025-11-04T01:24:44.973+0700][5.012s][info][gc             ] GC(53) Pause Young (Concurrent Start) (G1 Preventive Collection) 6347M->6348M(8132M) 0.891ms
[2025-11-04T01:24:44.973+0700][5.012s][info][gc,cpu         ] GC(53) User=0.00s Sys=0.00s Real=0.00s
[2025-11-04T01:24:44.973+0700][5.012s][info][gc             ] GC(54) Concurrent Mark Cycle
[2025-11-04T01:24:44.973+0700][5.012s][info][gc,marking     ] GC(54) Concurrent Clear Claimed Marks
[2025-11-04T01:24:44.973+0700][5.012s][info][gc,marking     ] GC(54) Concurrent Clear Claimed Marks 0.006ms
[2025-11-04T01:24:44.973+0700][5.012s][info][gc,marking     ] GC(54) Concurrent Scan Root Regions
[2025-11-04T01:24:44.973+0700][5.012s][info][gc,marking     ] GC(54) Concurrent Scan Root Regions 0.010ms
[2025-11-04T01:24:44.973+0700][5.012s][info][gc,marking     ] GC(54) Concurrent Mark
[2025-11-04T01:24:44.973+0700][5.012s][info][gc,marking     ] GC(54) Concurrent Mark From Roots
[2025-11-04T01:24:44.973+0700][5.012s][info][gc,task        ] GC(54) Using 5 workers of 5 for marking
[2025-11-04T01:24:44.973+0700][5.012s][info][gc,start       ] GC(55) Pause Young (Normal) (G1 Evacuation Pause)
[2025-11-04T01:24:44.973+0700][5.012s][info][gc,task        ] GC(55) Using 20 workers of 20 for evacuation
[2025-11-04T01:24:44.973+0700][5.012s][info][gc             ] GC(55) To-space exhausted
[2025-11-04T01:24:44.973+0700][5.012s][info][gc,phases      ] GC(55)   Pre Evacuate Collection Set: 0.1ms
[2025-11-04T01:24:44.973+0700][5.012s][info][gc,phases      ] GC(55)   Merge Heap Roots: 0.0ms
[2025-11-04T01:24:44.973+0700][5.012s][info][gc,phases      ] GC(55)   Evacuate Collection Set: 0.1ms
[2025-11-04T01:24:44.973+0700][5.012s][info][gc,phases      ] GC(55)   Post Evacuate Collection Set: 0.1ms
[2025-11-04T01:24:44.973+0700][5.012s][info][gc,phases      ] GC(55)   Other: 0.0ms
[2025-11-04T01:24:44.973+0700][5.012s][info][gc,heap        ] GC(55) Eden regions: 1->0(101)
[2025-11-04T01:24:44.973+0700][5.012s][info][gc,heap        ] GC(55) Survivor regions: 1->0(0)
[2025-11-04T01:24:44.973+0700][5.012s][info][gc,heap        ] GC(55) Old regions: 2031->2033
[2025-11-04T01:24:44.973+0700][5.012s][info][gc,heap        ] GC(55) Archive regions: 0->0
[2025-11-04T01:24:44.973+0700][5.012s][info][gc,heap        ] GC(55) Humongous regions: 0->0
[2025-11-04T01:24:44.973+0700][5.012s][info][gc,metaspace   ] GC(55) Metaspace: 238K(448K)->238K(448K) NonClass: 228K(320K)->228K(320K) Class: 9K(128K)->9K(128K)
[2025-11-04T01:24:44.973+0700][5.012s][info][gc             ] GC(55) Pause Young (Normal) (G1 Evacuation Pause) 6351M->6351M(8132M) 0.290ms
[2025-11-04T01:24:44.973+0700][5.012s][info][gc,cpu         ] GC(55) User=0.00s Sys=0.00s Real=0.00s
[2025-11-04T01:24:44.973+0700][5.012s][info][gc,ergo        ] Attempting full compaction
[2025-11-04T01:24:44.973+0700][5.012s][info][gc,task        ] GC(56) Using 20 workers of 20 for full compaction
[2025-11-04T01:24:44.973+0700][5.012s][info][gc,start       ] GC(56) Pause Full (G1 Compaction Pause)
[2025-11-04T01:24:44.981+0700][5.020s][info][gc,phases,start] GC(56) Phase 1: Mark live objects
[2025-11-04T01:24:44.983+0700][5.022s][info][gc,phases      ] GC(56) Phase 1: Mark live objects 1.446ms
[2025-11-04T01:24:44.983+0700][5.022s][info][gc,phases,start] GC(56) Phase 2: Prepare for compaction
[2025-11-04T01:24:44.986+0700][5.024s][info][gc,phases      ] GC(56) Phase 2: Prepare for compaction 2.833ms
[2025-11-04T01:24:44.986+0700][5.024s][info][gc,phases,start] GC(56) Phase 3: Adjust pointers
[2025-11-04T01:24:44.986+0700][5.025s][info][gc,phases      ] GC(56) Phase 3: Adjust pointers 0.542ms
[2025-11-04T01:24:44.986+0700][5.025s][info][gc,phases,start] GC(56) Phase 4: Compact heap
[2025-11-04T01:24:44.989+0700][5.027s][info][gc,phases      ] GC(56) Phase 4: Compact heap 2.507ms
[2025-11-04T01:24:44.997+0700][5.036s][info][gc,heap        ] GC(56) Eden regions: 0->0(101)
[2025-11-04T01:24:44.997+0700][5.036s][info][gc,heap        ] GC(56) Survivor regions: 0->0(0)
[2025-11-04T01:24:44.997+0700][5.036s][info][gc,heap        ] GC(56) Old regions: 2033->2032
[2025-11-04T01:24:44.997+0700][5.036s][info][gc,heap        ] GC(56) Archive regions: 0->0
[2025-11-04T01:24:44.997+0700][5.036s][info][gc,heap        ] GC(56) Humongous regions: 0->0
[2025-11-04T01:24:44.997+0700][5.036s][info][gc,metaspace   ] GC(56) Metaspace: 238K(448K)->238K(448K) NonClass: 228K(320K)->228K(320K) Class: 9K(128K)->9K(128K)
[2025-11-04T01:24:44.997+0700][5.036s][info][gc             ] GC(56) Pause Full (G1 Compaction Pause) 6351M->6346M(8132M) 23.718ms
[2025-11-04T01:24:44.997+0700][5.036s][info][gc,cpu         ] GC(56) User=0.62s Sys=0.00s Real=0.02s
[2025-11-04T01:24:44.997+0700][5.036s][info][gc,marking     ] GC(54) Concurrent Mark From Roots 24.559ms
[2025-11-04T01:24:44.998+0700][5.036s][info][gc,marking     ] GC(54) Concurrent Mark Abort
[2025-11-04T01:24:44.998+0700][5.036s][info][gc             ] GC(54) Concurrent Mark Cycle 24.675ms
[2025-11-04T01:24:44.998+0700][5.037s][info][gc,start       ] GC(57) Pause Young (Normal) (G1 Evacuation Pause)
[2025-11-04T01:24:44.998+0700][5.037s][info][gc,task        ] GC(57) Using 20 workers of 20 for evacuation
[2025-11-04T01:24:44.998+0700][5.037s][info][gc             ] GC(57) To-space exhausted
[2025-11-04T01:24:44.998+0700][5.037s][info][gc,phases      ] GC(57)   Pre Evacuate Collection Set: 0.1ms
[2025-11-04T01:24:44.998+0700][5.037s][info][gc,phases      ] GC(57)   Merge Heap Roots: 0.1ms
[2025-11-04T01:24:44.998+0700][5.037s][info][gc,phases      ] GC(57)   Evacuate Collection Set: 0.1ms
[2025-11-04T01:24:44.998+0700][5.037s][info][gc,phases      ] GC(57)   Post Evacuate Collection Set: 0.1ms
[2025-11-04T01:24:44.998+0700][5.037s][info][gc,phases      ] GC(57)   Other: 0.1ms
[2025-11-04T01:24:44.998+0700][5.037s][info][gc,heap        ] GC(57) Eden regions: 1->0(101)
[2025-11-04T01:24:44.998+0700][5.037s][info][gc,heap        ] GC(57) Survivor regions: 0->0(0)
[2025-11-04T01:24:44.998+0700][5.037s][info][gc,heap        ] GC(57) Old regions: 2032->2033
[2025-11-04T01:24:44.998+0700][5.037s][info][gc,heap        ] GC(57) Archive regions: 0->0
[2025-11-04T01:24:44.998+0700][5.037s][info][gc,heap        ] GC(57) Humongous regions: 0->0
[2025-11-04T01:24:44.998+0700][5.037s][info][gc,metaspace   ] GC(57) Metaspace: 238K(448K)->238K(448K) NonClass: 228K(320K)->228K(320K) Class: 9K(128K)->9K(128K)
[2025-11-04T01:24:44.998+0700][5.037s][info][gc             ] GC(57) Pause Young (Normal) (G1 Evacuation Pause) 6349M->6349M(8132M) 0.542ms
[2025-11-04T01:24:44.998+0700][5.037s][info][gc,cpu         ] GC(57) User=0.00s Sys=0.00s Real=0.00s
[2025-11-04T01:24:44.998+0700][5.037s][info][gc,ergo        ] Attempting full compaction
[2025-11-04T01:24:44.998+0700][5.037s][info][gc,task        ] GC(58) Using 20 workers of 20 for full compaction
[2025-11-04T01:24:44.999+0700][5.037s][info][gc,start       ] GC(58) Pause Full (G1 Compaction Pause)
[2025-11-04T01:24:44.999+0700][5.037s][info][gc,phases,start] GC(58) Phase 1: Mark live objects
[2025-11-04T01:24:44.999+0700][5.038s][info][gc,phases      ] GC(58) Phase 1: Mark live objects 0.901ms
[2025-11-04T01:24:45.000+0700][5.038s][info][gc,phases,start] GC(58) Phase 2: Prepare for compaction
[2025-11-04T01:24:45.002+0700][5.041s][info][gc,phases      ] GC(58) Phase 2: Prepare for compaction 2.287ms
[2025-11-04T01:24:45.002+0700][5.041s][info][gc,phases,start] GC(58) Phase 3: Adjust pointers
[2025-11-04T01:24:45.002+0700][5.041s][info][gc,phases      ] GC(58) Phase 3: Adjust pointers 0.492ms
[2025-11-04T01:24:45.002+0700][5.041s][info][gc,phases,start] GC(58) Phase 4: Compact heap
[2025-11-04T01:24:45.006+0700][5.044s][info][gc,phases      ] GC(58) Phase 4: Compact heap 3.196ms
[2025-11-04T01:24:45.014+0700][5.053s][info][gc,heap        ] GC(58) Eden regions: 0->0(101)
[2025-11-04T01:24:45.014+0700][5.053s][info][gc,heap        ] GC(58) Survivor regions: 0->0(0)
[2025-11-04T01:24:45.014+0700][5.053s][info][gc,heap        ] GC(58) Old regions: 2033->2033
[2025-11-04T01:24:45.014+0700][5.053s][info][gc,heap        ] GC(58) Archive regions: 0->0
[2025-11-04T01:24:45.014+0700][5.053s][info][gc,heap        ] GC(58) Humongous regions: 0->0
[2025-11-04T01:24:45.014+0700][5.053s][info][gc,metaspace   ] GC(58) Metaspace: 238K(448K)->238K(448K) NonClass: 228K(320K)->228K(320K) Class: 9K(128K)->9K(128K)
[2025-11-04T01:24:45.014+0700][5.053s][info][gc             ] GC(58) Pause Full (G1 Compaction Pause) 6349M->6348M(8132M) 15.876ms
[2025-11-04T01:24:45.015+0700][5.054s][info][gc,cpu         ] GC(58) User=0.02s Sys=0.00s Real=0.02s
[2025-11-04T01:24:45.015+0700][5.054s][info][gc,ergo        ] Attempting maximum full compaction clearing soft references
[2025-11-04T01:24:45.015+0700][5.054s][info][gc,task        ] GC(59) Using 20 workers of 20 for full compaction
[2025-11-04T01:24:45.015+0700][5.054s][info][gc,start       ] GC(59) Pause Full (G1 Compaction Pause)
[2025-11-04T01:24:45.015+0700][5.054s][info][gc,phases,start] GC(59) Phase 1: Mark live objects
[2025-11-04T01:24:45.016+0700][5.055s][info][gc,phases      ] GC(59) Phase 1: Mark live objects 1.069ms
[2025-11-04T01:24:45.016+0700][5.055s][info][gc,phases,start] GC(59) Phase 2: Prepare for compaction
[2025-11-04T01:24:45.019+0700][5.058s][info][gc,phases      ] GC(59) Phase 2: Prepare for compaction 2.412ms
[2025-11-04T01:24:45.019+0700][5.058s][info][gc,phases,start] GC(59) Phase 3: Adjust pointers
[2025-11-04T01:24:45.019+0700][5.058s][info][gc,phases      ] GC(59) Phase 3: Adjust pointers 0.474ms
[2025-11-04T01:24:45.019+0700][5.058s][info][gc,phases,start] GC(59) Phase 4: Compact heap
[2025-11-04T01:24:45.023+0700][5.062s][info][gc,phases      ] GC(59) Phase 4: Compact heap 4.165ms
[2025-11-04T01:24:45.032+0700][5.071s][info][gc,heap        ] GC(59) Eden regions: 0->0(101)
[2025-11-04T01:24:45.032+0700][5.071s][info][gc,heap        ] GC(59) Survivor regions: 0->0(0)
[2025-11-04T01:24:45.032+0700][5.071s][info][gc,heap        ] GC(59) Old regions: 2033->2033
[2025-11-04T01:24:45.032+0700][5.071s][info][gc,heap        ] GC(59) Archive regions: 0->0
[2025-11-04T01:24:45.032+0700][5.071s][info][gc,heap        ] GC(59) Humongous regions: 0->0
[2025-11-04T01:24:45.032+0700][5.071s][info][gc,metaspace   ] GC(59) Metaspace: 238K(448K)->238K(448K) NonClass: 228K(320K)->228K(320K) Class: 9K(128K)->9K(128K)
[2025-11-04T01:24:45.032+0700][5.071s][info][gc             ] GC(59) Pause Full (G1 Compaction Pause) 6348M->6325M(8132M) 17.257ms
[2025-11-04T01:24:45.033+0700][5.071s][info][gc,cpu         ] GC(59) User=0.17s Sys=0.00s Real=0.02s
[2025-11-04T01:24:45.033+0700][5.072s][info][gc,start       ] GC(60) Pause Young (Concurrent Start) (G1 Evacuation Pause)
[2025-11-04T01:24:45.033+0700][5.072s][info][gc,task        ] GC(60) Using 20 workers of 20 for evacuation
[2025-11-04T01:24:45.033+0700][5.072s][info][gc,phases      ] GC(60)   Pre Evacuate Collection Set: 0.1ms
[2025-11-04T01:24:45.033+0700][5.072s][info][gc,phases      ] GC(60)   Merge Heap Roots: 0.1ms
[2025-11-04T01:24:45.033+0700][5.072s][info][gc,phases      ] GC(60)   Evacuate Collection Set: 0.2ms
[2025-11-04T01:24:45.033+0700][5.072s][info][gc,phases      ] GC(60)   Post Evacuate Collection Set: 0.1ms
[2025-11-04T01:24:45.033+0700][5.072s][info][gc,phases      ] GC(60)   Other: 0.1ms
[2025-11-04T01:24:45.033+0700][5.072s][info][gc,heap        ] GC(60) Eden regions: 0->0(101)
[2025-11-04T01:24:45.033+0700][5.072s][info][gc,heap        ] GC(60) Survivor regions: 0->0(0)
[2025-11-04T01:24:45.033+0700][5.072s][info][gc,heap        ] GC(60) Old regions: 2033->2033
[2025-11-04T01:24:45.033+0700][5.072s][info][gc,heap        ] GC(60) Archive regions: 0->0
[2025-11-04T01:24:45.033+0700][5.072s][info][gc,heap        ] GC(60) Humongous regions: 0->0
[2025-11-04T01:24:45.033+0700][5.072s][info][gc,metaspace   ] GC(60) Metaspace: 238K(448K)->238K(448K) NonClass: 228K(320K)->228K(320K) Class: 9K(128K)->9K(128K)
[2025-11-04T01:24:45.033+0700][5.072s][info][gc             ] GC(60) Pause Young (Concurrent Start) (G1 Evacuation Pause) 6325M->6325M(8132M) 0.618ms
[2025-11-04T01:24:45.033+0700][5.072s][info][gc,cpu         ] GC(60) User=0.00s Sys=0.00s Real=0.00s
[2025-11-04T01:24:45.033+0700][5.072s][info][gc,ergo        ] Attempting full compaction
[2025-11-04T01:24:45.033+0700][5.072s][info][gc             ] GC(61) Concurrent Mark Cycle
[2025-11-04T01:24:45.033+0700][5.072s][info][gc,task        ] GC(62) Using 20 workers of 20 for full compaction
[2025-11-04T01:24:45.034+0700][5.072s][info][gc,marking     ] GC(61) Concurrent Clear Claimed Marks
[2025-11-04T01:24:45.034+0700][5.072s][info][gc,marking     ] GC(61) Concurrent Clear Claimed Marks 0.022ms
[2025-11-04T01:24:45.034+0700][5.072s][info][gc,marking     ] GC(61) Concurrent Scan Root Regions
[2025-11-04T01:24:45.034+0700][5.072s][info][gc,marking     ] GC(61) Concurrent Scan Root Regions 0.004ms
[2025-11-04T01:24:45.034+0700][5.072s][info][gc,marking     ] GC(61) Concurrent Mark
[2025-11-04T01:24:45.034+0700][5.072s][info][gc,marking     ] GC(61) Concurrent Mark From Roots
[2025-11-04T01:24:45.034+0700][5.072s][info][gc,task        ] GC(61) Using 5 workers of 5 for marking
[2025-11-04T01:24:45.034+0700][5.072s][info][gc,start       ] GC(62) Pause Full (G1 Compaction Pause)
[2025-11-04T01:24:45.041+0700][5.080s][info][gc,phases,start] GC(62) Phase 1: Mark live objects
[2025-11-04T01:24:45.042+0700][5.081s][info][gc,phases      ] GC(62) Phase 1: Mark live objects 1.192ms
[2025-11-04T01:24:45.042+0700][5.081s][info][gc,phases,start] GC(62) Phase 2: Prepare for compaction
[2025-11-04T01:24:45.048+0700][5.087s][info][gc,phases      ] GC(62) Phase 2: Prepare for compaction 5.572ms
[2025-11-04T01:24:45.048+0700][5.087s][info][gc,phases,start] GC(62) Phase 3: Adjust pointers
[2025-11-04T01:24:45.051+0700][5.090s][info][gc,phases      ] GC(62) Phase 3: Adjust pointers 3.505ms
[2025-11-04T01:24:45.051+0700][5.090s][info][gc,phases,start] GC(62) Phase 4: Compact heap
[2025-11-04T01:24:45.054+0700][5.093s][info][gc,phases      ] GC(62) Phase 4: Compact heap 2.535ms
[2025-11-04T01:24:45.060+0700][5.099s][info][gc,heap        ] GC(62) Eden regions: 0->0(285)
[2025-11-04T01:24:45.060+0700][5.099s][info][gc,heap        ] GC(62) Survivor regions: 0->0(0)
[2025-11-04T01:24:45.060+0700][5.099s][info][gc,heap        ] GC(62) Old regions: 2033->253
[2025-11-04T01:24:45.060+0700][5.099s][info][gc,heap        ] GC(62) Archive regions: 0->0
[2025-11-04T01:24:45.060+0700][5.099s][info][gc,heap        ] GC(62) Humongous regions: 0->0
[2025-11-04T01:24:45.060+0700][5.099s][info][gc,metaspace   ] GC(62) Metaspace: 238K(448K)->238K(448K) NonClass: 228K(320K)->228K(320K) Class: 9K(128K)->9K(128K)
[2025-11-04T01:24:45.060+0700][5.099s][info][gc             ] GC(62) Pause Full (G1 Compaction Pause) 6325M->977M(3376M) 26.555ms
[2025-11-04T01:24:45.060+0700][5.099s][info][gc,cpu         ] GC(62) User=0.62s Sys=0.00s Real=0.03s
[2025-11-04T01:24:45.060+0700][5.099s][info][gc,marking     ] GC(61) Concurrent Mark From Roots 26.890ms
[2025-11-04T01:24:45.060+0700][5.099s][info][gc,marking     ] GC(61) Concurrent Mark Abort
[2025-11-04T01:24:45.060+0700][5.099s][info][gc             ] GC(61) Concurrent Mark Cycle 26.998ms
[2025-11-04T01:24:45.071+0700][5.110s][info][gc,heap,exit   ] Heap
[2025-11-04T01:24:45.071+0700][5.110s][info][gc,heap,exit   ]  garbage-first heap   total 3457024K, used 1013111K [0x0000000603c00000, 0x0000000800000000)
[2025-11-04T01:24:45.071+0700][5.110s][info][gc,heap,exit   ]   region size 4096K, 3 young (12288K), 0 survivors (0K)
[2025-11-04T01:24:45.071+0700][5.110s][info][gc,heap,exit   ]  Metaspace       used 281K, committed 512K, reserved 1114112K
[2025-11-04T01:24:45.071+0700][5.110s][info][gc,heap,exit   ]   class space    used 9K, committed 128K, reserved 1048576K
