[2025-11-06T12:03:50.391+0700][0.036s][info][gc] Using G1
[2025-11-06T12:03:50.395+0700][0.041s][info][gc,init] Version: 17.0.12+8-LTS-286 (release)
[2025-11-06T12:03:50.395+0700][0.041s][info][gc,init] CPUs: 28 total, 28 available
[2025-11-06T12:03:50.395+0700][0.041s][info][gc,init] Memory: 32522M
[2025-11-06T12:03:50.395+0700][0.041s][info][gc,init] Large Page Support: Disabled
[2025-11-06T12:03:50.395+0700][0.041s][info][gc,init] NUMA Support: Disabled
[2025-11-06T12:03:50.395+0700][0.041s][info][gc,init] Compressed Oops: Enabled (Zero based)
[2025-11-06T12:03:50.395+0700][0.041s][info][gc,init] Heap Region Size: 4M
[2025-11-06T12:03:50.395+0700][0.041s][info][gc,init] Heap Min Capacity: 8M
[2025-11-06T12:03:50.395+0700][0.041s][info][gc,init] Heap Initial Capacity: 512M
[2025-11-06T12:03:50.395+0700][0.041s][info][gc,init] Heap Max Capacity: 8132M
[2025-11-06T12:03:50.395+0700][0.041s][info][gc,init] Pre-touch: Disabled
[2025-11-06T12:03:50.395+0700][0.041s][info][gc,init] Parallel Workers: 20
[2025-11-06T12:03:50.395+0700][0.041s][info][gc,init] Concurrent Workers: 5
[2025-11-06T12:03:50.395+0700][0.041s][info][gc,init] Concurrent Refinement Workers: 20
[2025-11-06T12:03:50.395+0700][0.041s][info][gc,init] Periodic GC: Disabled
[2025-11-06T12:03:50.411+0700][0.057s][info][gc,metaspace] CDS archive(s) mapped at: [0x00000215b5000000-0x00000215b5bd0000-0x00000215b5bd0000), size 12386304, SharedBaseAddress: 0x00000215b5000000, ArchiveRelocationMode: 1.
[2025-11-06T12:03:50.411+0700][0.057s][info][gc,metaspace] Compressed class space mapped at: 0x00000215b6000000-0x00000215f6000000, reserved size: 1073741824
[2025-11-06T12:03:50.411+0700][0.057s][info][gc,metaspace] Narrow klass base: 0x00000215b5000000, Narrow klass shift: 0, Narrow klass range: 0x100000000
[2025-11-06T12:03:51.421+0700][1.067s][info][gc,start    ] GC(0) Pause Young (Concurrent Start) (G1 Humongous Allocation)
[2025-11-06T12:03:51.421+0700][1.067s][info][gc,task     ] GC(0) Using 12 workers of 20 for evacuation
[2025-11-06T12:03:51.425+0700][1.071s][info][gc,phases   ] GC(0)   Pre Evacuate Collection Set: 0.0ms
[2025-11-06T12:03:51.425+0700][1.071s][info][gc,phases   ] GC(0)   Merge Heap Roots: 1.9ms
[2025-11-06T12:03:51.425+0700][1.071s][info][gc,phases   ] GC(0)   Evacuate Collection Set: 1.6ms
[2025-11-06T12:03:51.425+0700][1.071s][info][gc,phases   ] GC(0)   Post Evacuate Collection Set: 0.2ms
[2025-11-06T12:03:51.425+0700][1.072s][info][gc,phases   ] GC(0)   Other: 0.4ms
[2025-11-06T12:03:51.425+0700][1.072s][info][gc,heap     ] GC(0) Eden regions: 6->0(9)
[2025-11-06T12:03:51.425+0700][1.072s][info][gc,heap     ] GC(0) Survivor regions: 0->1(1)
[2025-11-06T12:03:51.425+0700][1.072s][info][gc,heap     ] GC(0) Old regions: 0->0
[2025-11-06T12:03:51.425+0700][1.072s][info][gc,heap     ] GC(0) Archive regions: 0->0
[2025-11-06T12:03:51.425+0700][1.072s][info][gc,heap     ] GC(0) Humongous regions: 57->57
[2025-11-06T12:03:51.425+0700][1.072s][info][gc,metaspace] GC(0) Metaspace: 9469K(9728K)->9469K(9728K) NonClass: 8329K(8448K)->8329K(8448K) Class: 1140K(1280K)->1140K(1280K)
[2025-11-06T12:03:51.425+0700][1.072s][info][gc          ] GC(0) Pause Young (Concurrent Start) (G1 Humongous Allocation) 250M->231M(512M) 4.580ms
[2025-11-06T12:03:51.425+0700][1.072s][info][gc,cpu      ] GC(0) User=0.02s Sys=0.00s Real=0.00s
[2025-11-06T12:03:51.425+0700][1.072s][info][gc          ] GC(1) Concurrent Undo Cycle
[2025-11-06T12:03:51.425+0700][1.072s][info][gc,marking  ] GC(1) Concurrent Cleanup for Next Mark
[2025-11-06T12:03:51.429+0700][1.076s][info][gc,marking  ] GC(1) Concurrent Cleanup for Next Mark 3.746ms
[2025-11-06T12:03:51.429+0700][1.076s][info][gc          ] GC(1) Concurrent Undo Cycle 3.901ms
[2025-11-06T12:03:51.945+0700][1.591s][info][gc,start    ] GC(2) Pause Young (Concurrent Start) (G1 Humongous Allocation)
[2025-11-06T12:03:51.945+0700][1.591s][info][gc,task     ] GC(2) Using 12 workers of 20 for evacuation
[2025-11-06T12:03:51.946+0700][1.593s][info][gc,phases   ] GC(2)   Pre Evacuate Collection Set: 0.0ms
[2025-11-06T12:03:51.946+0700][1.593s][info][gc,phases   ] GC(2)   Merge Heap Roots: 0.1ms
[2025-11-06T12:03:51.946+0700][1.593s][info][gc,phases   ] GC(2)   Evacuate Collection Set: 1.1ms
[2025-11-06T12:03:51.946+0700][1.593s][info][gc,phases   ] GC(2)   Post Evacuate Collection Set: 0.2ms
[2025-11-06T12:03:51.946+0700][1.593s][info][gc,phases   ] GC(2)   Other: 0.2ms
[2025-11-06T12:03:51.946+0700][1.593s][info][gc,heap     ] GC(2) Eden regions: 1->0(23)
[2025-11-06T12:03:51.946+0700][1.593s][info][gc,heap     ] GC(2) Survivor regions: 1->1(2)
[2025-11-06T12:03:51.946+0700][1.593s][info][gc,heap     ] GC(2) Old regions: 0->0
[2025-11-06T12:03:51.946+0700][1.593s][info][gc,heap     ] GC(2) Archive regions: 0->0
[2025-11-06T12:03:51.946+0700][1.593s][info][gc,heap     ] GC(2) Humongous regions: 60->60
[2025-11-06T12:03:51.946+0700][1.593s][info][gc,metaspace] GC(2) Metaspace: 9471K(9728K)->9471K(9728K) NonClass: 8331K(8448K)->8331K(8448K) Class: 1140K(1280K)->1140K(1280K)
[2025-11-06T12:03:51.946+0700][1.593s][info][gc          ] GC(2) Pause Young (Concurrent Start) (G1 Humongous Allocation) 244M->243M(512M) 1.689ms
[2025-11-06T12:03:51.946+0700][1.593s][info][gc,cpu      ] GC(2) User=0.00s Sys=0.00s Real=0.00s
[2025-11-06T12:03:51.946+0700][1.593s][info][gc          ] GC(3) Concurrent Mark Cycle
[2025-11-06T12:03:51.946+0700][1.593s][info][gc,marking  ] GC(3) Concurrent Clear Claimed Marks
[2025-11-06T12:03:51.946+0700][1.593s][info][gc,marking  ] GC(3) Concurrent Clear Claimed Marks 0.007ms
[2025-11-06T12:03:51.946+0700][1.593s][info][gc,marking  ] GC(3) Concurrent Scan Root Regions
[2025-11-06T12:03:51.947+0700][1.594s][info][gc,marking  ] GC(3) Concurrent Scan Root Regions 0.807ms
[2025-11-06T12:03:51.947+0700][1.594s][info][gc,marking  ] GC(3) Concurrent Mark
[2025-11-06T12:03:51.947+0700][1.594s][info][gc,marking  ] GC(3) Concurrent Mark From Roots
[2025-11-06T12:03:51.947+0700][1.594s][info][gc,task     ] GC(3) Using 5 workers of 5 for marking
[2025-11-06T12:03:51.948+0700][1.594s][info][gc,marking  ] GC(3) Concurrent Mark From Roots 0.377ms
[2025-11-06T12:03:51.948+0700][1.594s][info][gc,marking  ] GC(3) Concurrent Preclean
[2025-11-06T12:03:51.948+0700][1.594s][info][gc,marking  ] GC(3) Concurrent Preclean 0.095ms
[2025-11-06T12:03:51.960+0700][1.606s][info][gc,start    ] GC(3) Pause Remark
[2025-11-06T12:03:51.962+0700][1.608s][info][gc          ] GC(3) Pause Remark 255M->255M(512M) 2.202ms
[2025-11-06T12:03:51.962+0700][1.608s][info][gc,cpu      ] GC(3) User=0.00s Sys=0.00s Real=0.00s
[2025-11-06T12:03:51.962+0700][1.608s][info][gc,marking  ] GC(3) Concurrent Mark 14.604ms
[2025-11-06T12:03:51.962+0700][1.608s][info][gc,marking  ] GC(3) Concurrent Rebuild Remembered Sets
[2025-11-06T12:03:51.962+0700][1.608s][info][gc,marking  ] GC(3) Concurrent Rebuild Remembered Sets 0.013ms
[2025-11-06T12:03:51.975+0700][1.621s][info][gc,start    ] GC(3) Pause Cleanup
[2025-11-06T12:03:51.975+0700][1.621s][info][gc          ] GC(3) Pause Cleanup 267M->267M(512M) 0.053ms
[2025-11-06T12:03:51.975+0700][1.621s][info][gc,cpu      ] GC(3) User=0.00s Sys=0.00s Real=0.00s
[2025-11-06T12:03:51.975+0700][1.621s][info][gc,marking  ] GC(3) Concurrent Cleanup for Next Mark
[2025-11-06T12:03:51.976+0700][1.622s][info][gc,marking  ] GC(3) Concurrent Cleanup for Next Mark 0.891ms
[2025-11-06T12:03:51.976+0700][1.622s][info][gc          ] GC(3) Concurrent Mark Cycle 29.512ms
[2025-11-06T12:03:51.978+0700][1.625s][info][gc,start    ] GC(4) Pause Young (Concurrent Start) (G1 Humongous Allocation)
[2025-11-06T12:03:51.978+0700][1.625s][info][gc,task     ] GC(4) Using 12 workers of 20 for evacuation
[2025-11-06T12:03:51.979+0700][1.626s][info][gc,phases   ] GC(4)   Pre Evacuate Collection Set: 0.0ms
[2025-11-06T12:03:51.979+0700][1.626s][info][gc,phases   ] GC(4)   Merge Heap Roots: 0.1ms
[2025-11-06T12:03:51.979+0700][1.626s][info][gc,phases   ] GC(4)   Evacuate Collection Set: 1.0ms
[2025-11-06T12:03:51.979+0700][1.626s][info][gc,phases   ] GC(4)   Post Evacuate Collection Set: 0.2ms
[2025-11-06T12:03:51.979+0700][1.626s][info][gc,phases   ] GC(4)   Other: 0.1ms
[2025-11-06T12:03:51.980+0700][1.626s][info][gc,heap     ] GC(4) Eden regions: 1->0(34)
[2025-11-06T12:03:51.980+0700][1.626s][info][gc,heap     ] GC(4) Survivor regions: 1->1(3)
[2025-11-06T12:03:51.980+0700][1.626s][info][gc,heap     ] GC(4) Old regions: 0->0
[2025-11-06T12:03:51.980+0700][1.626s][info][gc,heap     ] GC(4) Archive regions: 0->0
[2025-11-06T12:03:51.980+0700][1.626s][info][gc,heap     ] GC(4) Humongous regions: 69->69
[2025-11-06T12:03:51.980+0700][1.626s][info][gc,metaspace] GC(4) Metaspace: 9471K(9728K)->9471K(9728K) NonClass: 8331K(8448K)->8331K(8448K) Class: 1140K(1280K)->1140K(1280K)
[2025-11-06T12:03:51.980+0700][1.626s][info][gc          ] GC(4) Pause Young (Concurrent Start) (G1 Humongous Allocation) 281M->279M(512M) 1.508ms
[2025-11-06T12:03:51.980+0700][1.626s][info][gc,cpu      ] GC(4) User=0.00s Sys=0.00s Real=0.00s
[2025-11-06T12:03:51.980+0700][1.626s][info][gc          ] GC(5) Concurrent Mark Cycle
[2025-11-06T12:03:51.980+0700][1.626s][info][gc,marking  ] GC(5) Concurrent Clear Claimed Marks
[2025-11-06T12:03:51.980+0700][1.626s][info][gc,marking  ] GC(5) Concurrent Clear Claimed Marks 0.007ms
[2025-11-06T12:03:51.980+0700][1.626s][info][gc,marking  ] GC(5) Concurrent Scan Root Regions
[2025-11-06T12:03:51.980+0700][1.627s][info][gc,marking  ] GC(5) Concurrent Scan Root Regions 0.804ms
[2025-11-06T12:03:51.980+0700][1.627s][info][gc,marking  ] GC(5) Concurrent Mark
[2025-11-06T12:03:51.981+0700][1.627s][info][gc,marking  ] GC(5) Concurrent Mark From Roots
[2025-11-06T12:03:51.981+0700][1.627s][info][gc,task     ] GC(5) Using 5 workers of 5 for marking
[2025-11-06T12:03:51.981+0700][1.627s][info][gc,marking  ] GC(5) Concurrent Mark From Roots 0.152ms
[2025-11-06T12:03:51.981+0700][1.627s][info][gc,marking  ] GC(5) Concurrent Preclean
[2025-11-06T12:03:51.981+0700][1.627s][info][gc,marking  ] GC(5) Concurrent Preclean 0.097ms
[2025-11-06T12:03:51.991+0700][1.637s][info][gc,start    ] GC(5) Pause Remark
[2025-11-06T12:03:51.991+0700][1.638s][info][gc          ] GC(5) Pause Remark 291M->291M(512M) 0.478ms
[2025-11-06T12:03:51.991+0700][1.638s][info][gc,cpu      ] GC(5) User=0.00s Sys=0.00s Real=0.00s
[2025-11-06T12:03:51.991+0700][1.638s][info][gc,marking  ] GC(5) Concurrent Mark 10.601ms
[2025-11-06T12:03:51.991+0700][1.638s][info][gc,marking  ] GC(5) Concurrent Rebuild Remembered Sets
[2025-11-06T12:03:51.991+0700][1.638s][info][gc,marking  ] GC(5) Concurrent Rebuild Remembered Sets 0.014ms
[2025-11-06T12:03:52.007+0700][1.653s][info][gc,start    ] GC(5) Pause Cleanup
[2025-11-06T12:03:52.007+0700][1.653s][info][gc          ] GC(5) Pause Cleanup 303M->303M(512M) 0.075ms
[2025-11-06T12:03:52.007+0700][1.653s][info][gc,cpu      ] GC(5) User=0.00s Sys=0.00s Real=0.00s
[2025-11-06T12:03:52.007+0700][1.653s][info][gc,marking  ] GC(5) Concurrent Cleanup for Next Mark
[2025-11-06T12:03:52.007+0700][1.654s][info][gc,marking  ] GC(5) Concurrent Cleanup for Next Mark 0.291ms
[2025-11-06T12:03:52.007+0700][1.654s][info][gc          ] GC(5) Concurrent Mark Cycle 27.400ms
[2025-11-06T12:03:52.010+0700][1.656s][info][gc,start    ] GC(6) Pause Young (Concurrent Start) (G1 Humongous Allocation)
[2025-11-06T12:03:52.010+0700][1.656s][info][gc,task     ] GC(6) Using 12 workers of 20 for evacuation
[2025-11-06T12:03:52.011+0700][1.658s][info][gc,phases   ] GC(6)   Pre Evacuate Collection Set: 0.0ms
[2025-11-06T12:03:52.011+0700][1.658s][info][gc,phases   ] GC(6)   Merge Heap Roots: 0.0ms
[2025-11-06T12:03:52.011+0700][1.658s][info][gc,phases   ] GC(6)   Evacuate Collection Set: 0.9ms
[2025-11-06T12:03:52.011+0700][1.658s][info][gc,phases   ] GC(6)   Post Evacuate Collection Set: 0.2ms
[2025-11-06T12:03:52.011+0700][1.658s][info][gc,phases   ] GC(6)   Other: 0.1ms
[2025-11-06T12:03:52.011+0700][1.658s][info][gc,heap     ] GC(6) Eden regions: 0->0(27)
[2025-11-06T12:03:52.011+0700][1.658s][info][gc,heap     ] GC(6) Survivor regions: 1->1(5)
[2025-11-06T12:03:52.011+0700][1.658s][info][gc,heap     ] GC(6) Old regions: 0->0
[2025-11-06T12:03:52.011+0700][1.658s][info][gc,heap     ] GC(6) Archive regions: 0->0
[2025-11-06T12:03:52.011+0700][1.658s][info][gc,heap     ] GC(6) Humongous regions: 78->78
[2025-11-06T12:03:52.011+0700][1.658s][info][gc,metaspace] GC(6) Metaspace: 9471K(9728K)->9471K(9728K) NonClass: 8331K(8448K)->8331K(8448K) Class: 1140K(1280K)->1140K(1280K)
[2025-11-06T12:03:52.011+0700][1.658s][info][gc          ] GC(6) Pause Young (Concurrent Start) (G1 Humongous Allocation) 315M->315M(512M) 1.407ms
[2025-11-06T12:03:52.011+0700][1.658s][info][gc,cpu      ] GC(6) User=0.00s Sys=0.00s Real=0.00s
[2025-11-06T12:03:52.011+0700][1.658s][info][gc          ] GC(7) Concurrent Mark Cycle
[2025-11-06T12:03:52.011+0700][1.658s][info][gc,marking  ] GC(7) Concurrent Clear Claimed Marks
[2025-11-06T12:03:52.011+0700][1.658s][info][gc,marking  ] GC(7) Concurrent Clear Claimed Marks 0.007ms
[2025-11-06T12:03:52.011+0700][1.658s][info][gc,marking  ] GC(7) Concurrent Scan Root Regions
[2025-11-06T12:03:52.012+0700][1.658s][info][gc,marking  ] GC(7) Concurrent Scan Root Regions 0.777ms
[2025-11-06T12:03:52.012+0700][1.658s][info][gc,marking  ] GC(7) Concurrent Mark
[2025-11-06T12:03:52.012+0700][1.658s][info][gc,marking  ] GC(7) Concurrent Mark From Roots
[2025-11-06T12:03:52.012+0700][1.659s][info][gc,task     ] GC(7) Using 5 workers of 5 for marking
[2025-11-06T12:03:52.012+0700][1.659s][info][gc,marking  ] GC(7) Concurrent Mark From Roots 0.140ms
[2025-11-06T12:03:52.012+0700][1.659s][info][gc,marking  ] GC(7) Concurrent Preclean
[2025-11-06T12:03:52.012+0700][1.659s][info][gc,marking  ] GC(7) Concurrent Preclean 0.158ms
[2025-11-06T12:03:52.023+0700][1.669s][info][gc,start    ] GC(7) Pause Remark
[2025-11-06T12:03:52.023+0700][1.670s][info][gc          ] GC(7) Pause Remark 327M->327M(548M) 0.476ms
[2025-11-06T12:03:52.023+0700][1.670s][info][gc,cpu      ] GC(7) User=0.00s Sys=0.00s Real=0.00s
[2025-11-06T12:03:52.023+0700][1.670s][info][gc,marking  ] GC(7) Concurrent Mark 11.226ms
[2025-11-06T12:03:52.023+0700][1.670s][info][gc,marking  ] GC(7) Concurrent Rebuild Remembered Sets
[2025-11-06T12:03:52.023+0700][1.670s][info][gc,marking  ] GC(7) Concurrent Rebuild Remembered Sets 0.013ms
[2025-11-06T12:03:52.038+0700][1.684s][info][gc,start    ] GC(7) Pause Cleanup
[2025-11-06T12:03:52.038+0700][1.684s][info][gc          ] GC(7) Pause Cleanup 339M->339M(548M) 0.067ms
[2025-11-06T12:03:52.038+0700][1.684s][info][gc,cpu      ] GC(7) User=0.00s Sys=0.00s Real=0.00s
[2025-11-06T12:03:52.038+0700][1.684s][info][gc,marking  ] GC(7) Concurrent Cleanup for Next Mark
[2025-11-06T12:03:52.038+0700][1.685s][info][gc,marking  ] GC(7) Concurrent Cleanup for Next Mark 0.471ms
[2025-11-06T12:03:52.038+0700][1.685s][info][gc          ] GC(7) Concurrent Mark Cycle 27.147ms
[2025-11-06T12:03:52.041+0700][1.688s][info][gc,start    ] GC(8) Pause Young (Concurrent Start) (G1 Humongous Allocation)
[2025-11-06T12:03:52.041+0700][1.688s][info][gc,task     ] GC(8) Using 13 workers of 20 for evacuation
[2025-11-06T12:03:52.043+0700][1.689s][info][gc,phases   ] GC(8)   Pre Evacuate Collection Set: 0.0ms
[2025-11-06T12:03:52.043+0700][1.689s][info][gc,phases   ] GC(8)   Merge Heap Roots: 0.0ms
[2025-11-06T12:03:52.043+0700][1.689s][info][gc,phases   ] GC(8)   Evacuate Collection Set: 1.1ms
[2025-11-06T12:03:52.043+0700][1.689s][info][gc,phases   ] GC(8)   Post Evacuate Collection Set: 0.2ms
[2025-11-06T12:03:52.043+0700][1.689s][info][gc,phases   ] GC(8)   Other: 0.2ms
[2025-11-06T12:03:52.043+0700][1.689s][info][gc,heap     ] GC(8) Eden regions: 0->0(26)
[2025-11-06T12:03:52.043+0700][1.689s][info][gc,heap     ] GC(8) Survivor regions: 1->1(4)
[2025-11-06T12:03:52.043+0700][1.689s][info][gc,heap     ] GC(8) Old regions: 0->0
[2025-11-06T12:03:52.043+0700][1.689s][info][gc,heap     ] GC(8) Archive regions: 0->0
[2025-11-06T12:03:52.043+0700][1.689s][info][gc,heap     ] GC(8) Humongous regions: 87->87
[2025-11-06T12:03:52.043+0700][1.689s][info][gc,metaspace] GC(8) Metaspace: 9471K(9728K)->9471K(9728K) NonClass: 8331K(8448K)->8331K(8448K) Class: 1140K(1280K)->1140K(1280K)
[2025-11-06T12:03:52.043+0700][1.689s][info][gc          ] GC(8) Pause Young (Concurrent Start) (G1 Humongous Allocation) 351M->351M(548M) 1.635ms
[2025-11-06T12:03:52.043+0700][1.689s][info][gc,cpu      ] GC(8) User=0.00s Sys=0.00s Real=0.00s
[2025-11-06T12:03:52.043+0700][1.689s][info][gc          ] GC(9) Concurrent Mark Cycle
[2025-11-06T12:03:52.043+0700][1.689s][info][gc,marking  ] GC(9) Concurrent Clear Claimed Marks
[2025-11-06T12:03:52.043+0700][1.689s][info][gc,marking  ] GC(9) Concurrent Clear Claimed Marks 0.014ms
[2025-11-06T12:03:52.043+0700][1.689s][info][gc,marking  ] GC(9) Concurrent Scan Root Regions
[2025-11-06T12:03:52.044+0700][1.690s][info][gc,marking  ] GC(9) Concurrent Scan Root Regions 0.791ms
[2025-11-06T12:03:52.044+0700][1.690s][info][gc,marking  ] GC(9) Concurrent Mark
[2025-11-06T12:03:52.044+0700][1.690s][info][gc,marking  ] GC(9) Concurrent Mark From Roots
[2025-11-06T12:03:52.044+0700][1.690s][info][gc,task     ] GC(9) Using 5 workers of 5 for marking
[2025-11-06T12:03:52.044+0700][1.690s][info][gc,marking  ] GC(9) Concurrent Mark From Roots 0.170ms
[2025-11-06T12:03:52.044+0700][1.690s][info][gc,marking  ] GC(9) Concurrent Preclean
[2025-11-06T12:03:52.044+0700][1.691s][info][gc,marking  ] GC(9) Concurrent Preclean 0.148ms
[2025-11-06T12:03:52.054+0700][1.700s][info][gc,start    ] GC(9) Pause Remark
[2025-11-06T12:03:52.054+0700][1.701s][info][gc          ] GC(9) Pause Remark 363M->363M(608M) 0.575ms
[2025-11-06T12:03:52.054+0700][1.701s][info][gc,cpu      ] GC(9) User=0.00s Sys=0.00s Real=0.00s
[2025-11-06T12:03:52.054+0700][1.701s][info][gc,marking  ] GC(9) Concurrent Mark 10.649ms
[2025-11-06T12:03:52.054+0700][1.701s][info][gc,marking  ] GC(9) Concurrent Rebuild Remembered Sets
[2025-11-06T12:03:52.054+0700][1.701s][info][gc,marking  ] GC(9) Concurrent Rebuild Remembered Sets 0.012ms
[2025-11-06T12:03:52.054+0700][1.701s][info][gc,start    ] GC(9) Pause Cleanup
[2025-11-06T12:03:52.054+0700][1.701s][info][gc          ] GC(9) Pause Cleanup 365M->365M(608M) 0.020ms
[2025-11-06T12:03:52.054+0700][1.701s][info][gc,cpu      ] GC(9) User=0.00s Sys=0.00s Real=0.00s
[2025-11-06T12:03:52.054+0700][1.701s][info][gc,marking  ] GC(9) Concurrent Cleanup for Next Mark
[2025-11-06T12:03:52.055+0700][1.701s][info][gc,marking  ] GC(9) Concurrent Cleanup for Next Mark 0.500ms
[2025-11-06T12:03:52.055+0700][1.701s][info][gc          ] GC(9) Concurrent Mark Cycle 12.189ms
[2025-11-06T12:03:52.564+0700][2.210s][info][gc,start    ] GC(10) Pause Young (Concurrent Start) (G1 Humongous Allocation)
[2025-11-06T12:03:52.564+0700][2.210s][info][gc,task     ] GC(10) Using 14 workers of 20 for evacuation
[2025-11-06T12:03:52.565+0700][2.212s][info][gc,phases   ] GC(10)   Pre Evacuate Collection Set: 0.0ms
[2025-11-06T12:03:52.565+0700][2.212s][info][gc,phases   ] GC(10)   Merge Heap Roots: 0.0ms
[2025-11-06T12:03:52.565+0700][2.212s][info][gc,phases   ] GC(10)   Evacuate Collection Set: 1.1ms
[2025-11-06T12:03:52.565+0700][2.212s][info][gc,phases   ] GC(10)   Post Evacuate Collection Set: 0.2ms
[2025-11-06T12:03:52.565+0700][2.212s][info][gc,phases   ] GC(10)   Other: 0.3ms
[2025-11-06T12:03:52.565+0700][2.212s][info][gc,heap     ] GC(10) Eden regions: 1->0(36)
[2025-11-06T12:03:52.565+0700][2.212s][info][gc,heap     ] GC(10) Survivor regions: 1->1(4)
[2025-11-06T12:03:52.565+0700][2.212s][info][gc,heap     ] GC(10) Old regions: 0->0
[2025-11-06T12:03:52.565+0700][2.212s][info][gc,heap     ] GC(10) Archive regions: 0->0
[2025-11-06T12:03:52.565+0700][2.212s][info][gc,heap     ] GC(10) Humongous regions: 90->90
[2025-11-06T12:03:52.565+0700][2.212s][info][gc,metaspace] GC(10) Metaspace: 9471K(9728K)->9471K(9728K) NonClass: 8331K(8448K)->8331K(8448K) Class: 1140K(1280K)->1140K(1280K)
[2025-11-06T12:03:52.565+0700][2.212s][info][gc          ] GC(10) Pause Young (Concurrent Start) (G1 Humongous Allocation) 365M->363M(608M) 1.683ms
[2025-11-06T12:03:52.565+0700][2.212s][info][gc,cpu      ] GC(10) User=0.20s Sys=0.00s Real=0.00s
[2025-11-06T12:03:52.565+0700][2.212s][info][gc          ] GC(11) Concurrent Mark Cycle
[2025-11-06T12:03:52.565+0700][2.212s][info][gc,marking  ] GC(11) Concurrent Clear Claimed Marks
[2025-11-06T12:03:52.565+0700][2.212s][info][gc,marking  ] GC(11) Concurrent Clear Claimed Marks 0.008ms
[2025-11-06T12:03:52.565+0700][2.212s][info][gc,marking  ] GC(11) Concurrent Scan Root Regions
[2025-11-06T12:03:52.566+0700][2.213s][info][gc,marking  ] GC(11) Concurrent Scan Root Regions 0.771ms
[2025-11-06T12:03:52.566+0700][2.213s][info][gc,marking  ] GC(11) Concurrent Mark
[2025-11-06T12:03:52.566+0700][2.213s][info][gc,marking  ] GC(11) Concurrent Mark From Roots
[2025-11-06T12:03:52.566+0700][2.213s][info][gc,task     ] GC(11) Using 5 workers of 5 for marking
[2025-11-06T12:03:52.566+0700][2.213s][info][gc,marking  ] GC(11) Concurrent Mark From Roots 0.144ms
[2025-11-06T12:03:52.566+0700][2.213s][info][gc,marking  ] GC(11) Concurrent Preclean
[2025-11-06T12:03:52.566+0700][2.213s][info][gc,marking  ] GC(11) Concurrent Preclean 0.100ms
[2025-11-06T12:03:52.580+0700][2.226s][info][gc,start    ] GC(11) Pause Remark
[2025-11-06T12:03:52.580+0700][2.227s][info][gc          ] GC(11) Pause Remark 375M->375M(628M) 0.532ms
[2025-11-06T12:03:52.580+0700][2.227s][info][gc,cpu      ] GC(11) User=0.00s Sys=0.00s Real=0.00s
[2025-11-06T12:03:52.580+0700][2.227s][info][gc,marking  ] GC(11) Concurrent Mark 13.967ms
[2025-11-06T12:03:52.580+0700][2.227s][info][gc,marking  ] GC(11) Concurrent Rebuild Remembered Sets
[2025-11-06T12:03:52.580+0700][2.227s][info][gc,marking  ] GC(11) Concurrent Rebuild Remembered Sets 0.006ms
[2025-11-06T12:03:52.596+0700][2.242s][info][gc,start    ] GC(11) Pause Cleanup
[2025-11-06T12:03:52.596+0700][2.242s][info][gc          ] GC(11) Pause Cleanup 387M->387M(628M) 0.087ms
[2025-11-06T12:03:52.596+0700][2.242s][info][gc,cpu      ] GC(11) User=0.00s Sys=0.00s Real=0.00s
[2025-11-06T12:03:52.596+0700][2.242s][info][gc,marking  ] GC(11) Concurrent Cleanup for Next Mark
[2025-11-06T12:03:52.597+0700][2.243s][info][gc,marking  ] GC(11) Concurrent Cleanup for Next Mark 0.992ms
[2025-11-06T12:03:52.597+0700][2.243s][info][gc          ] GC(11) Concurrent Mark Cycle 30.972ms
[2025-11-06T12:03:52.599+0700][2.245s][info][gc,start    ] GC(12) Pause Young (Concurrent Start) (G1 Humongous Allocation)
[2025-11-06T12:03:52.600+0700][2.245s][info][gc,task     ] GC(12) Using 15 workers of 20 for evacuation
[2025-11-06T12:03:52.601+0700][2.247s][info][gc,phases   ] GC(12)   Pre Evacuate Collection Set: 0.0ms
[2025-11-06T12:03:52.601+0700][2.247s][info][gc,phases   ] GC(12)   Merge Heap Roots: 0.1ms
[2025-11-06T12:03:52.601+0700][2.247s][info][gc,phases   ] GC(12)   Evacuate Collection Set: 1.2ms
[2025-11-06T12:03:52.601+0700][2.247s][info][gc,phases   ] GC(12)   Post Evacuate Collection Set: 0.2ms
[2025-11-06T12:03:52.601+0700][2.247s][info][gc,phases   ] GC(12)   Other: 0.3ms
[2025-11-06T12:03:52.601+0700][2.247s][info][gc,heap     ] GC(12) Eden regions: 0->0(32)
[2025-11-06T12:03:52.601+0700][2.247s][info][gc,heap     ] GC(12) Survivor regions: 1->1(5)
[2025-11-06T12:03:52.601+0700][2.247s][info][gc,heap     ] GC(12) Old regions: 0->0
[2025-11-06T12:03:52.601+0700][2.247s][info][gc,heap     ] GC(12) Archive regions: 0->0
[2025-11-06T12:03:52.601+0700][2.247s][info][gc,heap     ] GC(12) Humongous regions: 99->99
[2025-11-06T12:03:52.601+0700][2.247s][info][gc,metaspace] GC(12) Metaspace: 9471K(9728K)->9471K(9728K) NonClass: 8331K(8448K)->8331K(8448K) Class: 1140K(1280K)->1140K(1280K)
[2025-11-06T12:03:52.601+0700][2.247s][info][gc          ] GC(12) Pause Young (Concurrent Start) (G1 Humongous Allocation) 399M->399M(628M) 1.913ms
[2025-11-06T12:03:52.601+0700][2.247s][info][gc,cpu      ] GC(12) User=0.00s Sys=0.00s Real=0.00s
[2025-11-06T12:03:52.601+0700][2.247s][info][gc          ] GC(13) Concurrent Mark Cycle
[2025-11-06T12:03:52.601+0700][2.247s][info][gc,marking  ] GC(13) Concurrent Clear Claimed Marks
[2025-11-06T12:03:52.601+0700][2.247s][info][gc,marking  ] GC(13) Concurrent Clear Claimed Marks 0.017ms
[2025-11-06T12:03:52.601+0700][2.247s][info][gc,marking  ] GC(13) Concurrent Scan Root Regions
[2025-11-06T12:03:52.602+0700][2.248s][info][gc,marking  ] GC(13) Concurrent Scan Root Regions 1.091ms
[2025-11-06T12:03:52.602+0700][2.249s][info][gc,marking  ] GC(13) Concurrent Mark
[2025-11-06T12:03:52.602+0700][2.249s][info][gc,marking  ] GC(13) Concurrent Mark From Roots
[2025-11-06T12:03:52.602+0700][2.249s][info][gc,task     ] GC(13) Using 5 workers of 5 for marking
[2025-11-06T12:03:52.603+0700][2.249s][info][gc,marking  ] GC(13) Concurrent Mark From Roots 0.139ms
[2025-11-06T12:03:52.603+0700][2.249s][info][gc,marking  ] GC(13) Concurrent Preclean
[2025-11-06T12:03:52.603+0700][2.249s][info][gc,marking  ] GC(13) Concurrent Preclean 0.094ms
[2025-11-06T12:03:52.611+0700][2.257s][info][gc,start    ] GC(13) Pause Remark
[2025-11-06T12:03:52.611+0700][2.257s][info][gc          ] GC(13) Pause Remark 411M->411M(688M) 0.701ms
[2025-11-06T12:03:52.611+0700][2.257s][info][gc,cpu      ] GC(13) User=0.00s Sys=0.00s Real=0.00s
[2025-11-06T12:03:52.611+0700][2.257s][info][gc,marking  ] GC(13) Concurrent Mark 8.889ms
[2025-11-06T12:03:52.611+0700][2.257s][info][gc,marking  ] GC(13) Concurrent Rebuild Remembered Sets
[2025-11-06T12:03:52.611+0700][2.257s][info][gc,marking  ] GC(13) Concurrent Rebuild Remembered Sets 0.015ms
[2025-11-06T12:03:52.626+0700][2.272s][info][gc,start    ] GC(13) Pause Cleanup
[2025-11-06T12:03:52.626+0700][2.272s][info][gc          ] GC(13) Pause Cleanup 425M->425M(688M) 0.103ms
[2025-11-06T12:03:52.626+0700][2.272s][info][gc,cpu      ] GC(13) User=0.00s Sys=0.00s Real=0.00s
[2025-11-06T12:03:52.626+0700][2.272s][info][gc,marking  ] GC(13) Concurrent Cleanup for Next Mark
[2025-11-06T12:03:52.626+0700][2.273s][info][gc,marking  ] GC(13) Concurrent Cleanup for Next Mark 0.758ms
[2025-11-06T12:03:52.627+0700][2.273s][info][gc          ] GC(13) Concurrent Mark Cycle 25.615ms
[2025-11-06T12:03:52.629+0700][2.275s][info][gc,start    ] GC(14) Pause Young (Concurrent Start) (G1 Humongous Allocation)
[2025-11-06T12:03:52.629+0700][2.275s][info][gc,task     ] GC(14) Using 16 workers of 20 for evacuation
[2025-11-06T12:03:52.630+0700][2.277s][info][gc,phases   ] GC(14)   Pre Evacuate Collection Set: 0.0ms
[2025-11-06T12:03:52.630+0700][2.277s][info][gc,phases   ] GC(14)   Merge Heap Roots: 0.0ms
[2025-11-06T12:03:52.630+0700][2.277s][info][gc,phases   ] GC(14)   Evacuate Collection Set: 1.2ms
[2025-11-06T12:03:52.630+0700][2.277s][info][gc,phases   ] GC(14)   Post Evacuate Collection Set: 0.2ms
[2025-11-06T12:03:52.630+0700][2.277s][info][gc,phases   ] GC(14)   Other: 0.2ms
[2025-11-06T12:03:52.630+0700][2.277s][info][gc,heap     ] GC(14) Eden regions: 1->0(37)
[2025-11-06T12:03:52.630+0700][2.277s][info][gc,heap     ] GC(14) Survivor regions: 1->1(5)
[2025-11-06T12:03:52.630+0700][2.277s][info][gc,heap     ] GC(14) Old regions: 0->0
[2025-11-06T12:03:52.630+0700][2.277s][info][gc,heap     ] GC(14) Archive regions: 0->0
[2025-11-06T12:03:52.630+0700][2.277s][info][gc,heap     ] GC(14) Humongous regions: 108->108
[2025-11-06T12:03:52.630+0700][2.277s][info][gc,metaspace] GC(14) Metaspace: 9471K(9728K)->9471K(9728K) NonClass: 8331K(8448K)->8331K(8448K) Class: 1140K(1280K)->1140K(1280K)
[2025-11-06T12:03:52.630+0700][2.277s][info][gc          ] GC(14) Pause Young (Concurrent Start) (G1 Humongous Allocation) 437M->435M(688M) 1.709ms
[2025-11-06T12:03:52.630+0700][2.277s][info][gc,cpu      ] GC(14) User=0.00s Sys=0.00s Real=0.00s
[2025-11-06T12:03:52.630+0700][2.277s][info][gc          ] GC(15) Concurrent Mark Cycle
[2025-11-06T12:03:52.630+0700][2.277s][info][gc,marking  ] GC(15) Concurrent Clear Claimed Marks
[2025-11-06T12:03:52.630+0700][2.277s][info][gc,marking  ] GC(15) Concurrent Clear Claimed Marks 0.007ms
[2025-11-06T12:03:52.631+0700][2.277s][info][gc,marking  ] GC(15) Concurrent Scan Root Regions
[2025-11-06T12:03:52.631+0700][2.278s][info][gc,marking  ] GC(15) Concurrent Scan Root Regions 0.768ms
[2025-11-06T12:03:52.631+0700][2.278s][info][gc,marking  ] GC(15) Concurrent Mark
[2025-11-06T12:03:52.631+0700][2.278s][info][gc,marking  ] GC(15) Concurrent Mark From Roots
[2025-11-06T12:03:52.631+0700][2.278s][info][gc,task     ] GC(15) Using 5 workers of 5 for marking
[2025-11-06T12:03:52.631+0700][2.278s][info][gc,marking  ] GC(15) Concurrent Mark From Roots 0.157ms
[2025-11-06T12:03:52.631+0700][2.278s][info][gc,marking  ] GC(15) Concurrent Preclean
[2025-11-06T12:03:52.632+0700][2.278s][info][gc,marking  ] GC(15) Concurrent Preclean 0.148ms
[2025-11-06T12:03:52.642+0700][2.288s][info][gc,start    ] GC(15) Pause Remark
[2025-11-06T12:03:52.642+0700][2.289s][info][gc          ] GC(15) Pause Remark 447M->447M(748M) 0.611ms
[2025-11-06T12:03:52.642+0700][2.289s][info][gc,cpu      ] GC(15) User=0.00s Sys=0.00s Real=0.00s
[2025-11-06T12:03:52.642+0700][2.289s][info][gc,marking  ] GC(15) Concurrent Mark 10.930ms
[2025-11-06T12:03:52.642+0700][2.289s][info][gc,marking  ] GC(15) Concurrent Rebuild Remembered Sets
[2025-11-06T12:03:52.642+0700][2.289s][info][gc,marking  ] GC(15) Concurrent Rebuild Remembered Sets 0.006ms
[2025-11-06T12:03:52.658+0700][2.304s][info][gc,start    ] GC(15) Pause Cleanup
[2025-11-06T12:03:52.658+0700][2.304s][info][gc          ] GC(15) Pause Cleanup 459M->459M(748M) 0.091ms
[2025-11-06T12:03:52.658+0700][2.304s][info][gc,cpu      ] GC(15) User=0.00s Sys=0.00s Real=0.00s
[2025-11-06T12:03:52.658+0700][2.304s][info][gc,marking  ] GC(15) Concurrent Cleanup for Next Mark
[2025-11-06T12:03:52.658+0700][2.305s][info][gc,marking  ] GC(15) Concurrent Cleanup for Next Mark 0.706ms
[2025-11-06T12:03:52.658+0700][2.305s][info][gc          ] GC(15) Concurrent Mark Cycle 27.997ms
[2025-11-06T12:03:52.661+0700][2.307s][info][gc,start    ] GC(16) Pause Young (Concurrent Start) (G1 Humongous Allocation)
[2025-11-06T12:03:52.661+0700][2.307s][info][gc,task     ] GC(16) Using 17 workers of 20 for evacuation
[2025-11-06T12:03:52.663+0700][2.309s][info][gc,phases   ] GC(16)   Pre Evacuate Collection Set: 0.0ms
[2025-11-06T12:03:52.663+0700][2.309s][info][gc,phases   ] GC(16)   Merge Heap Roots: 0.1ms
[2025-11-06T12:03:52.663+0700][2.309s][info][gc,phases   ] GC(16)   Evacuate Collection Set: 1.3ms
[2025-11-06T12:03:52.663+0700][2.309s][info][gc,phases   ] GC(16)   Post Evacuate Collection Set: 0.2ms
[2025-11-06T12:03:52.663+0700][2.309s][info][gc,phases   ] GC(16)   Other: 0.2ms
[2025-11-06T12:03:52.663+0700][2.309s][info][gc,heap     ] GC(16) Eden regions: 0->0(41)
[2025-11-06T12:03:52.663+0700][2.309s][info][gc,heap     ] GC(16) Survivor regions: 1->1(5)
[2025-11-06T12:03:52.663+0700][2.309s][info][gc,heap     ] GC(16) Old regions: 0->0
[2025-11-06T12:03:52.663+0700][2.309s][info][gc,heap     ] GC(16) Archive regions: 0->0
[2025-11-06T12:03:52.663+0700][2.309s][info][gc,heap     ] GC(16) Humongous regions: 117->117
[2025-11-06T12:03:52.663+0700][2.309s][info][gc,metaspace] GC(16) Metaspace: 9471K(9728K)->9471K(9728K) NonClass: 8331K(8448K)->8331K(8448K) Class: 1140K(1280K)->1140K(1280K)
[2025-11-06T12:03:52.663+0700][2.309s][info][gc          ] GC(16) Pause Young (Concurrent Start) (G1 Humongous Allocation) 471M->471M(748M) 1.803ms
[2025-11-06T12:03:52.663+0700][2.309s][info][gc,cpu      ] GC(16) User=0.00s Sys=0.00s Real=0.00s
[2025-11-06T12:03:52.663+0700][2.309s][info][gc          ] GC(17) Concurrent Mark Cycle
[2025-11-06T12:03:52.663+0700][2.309s][info][gc,marking  ] GC(17) Concurrent Clear Claimed Marks
[2025-11-06T12:03:52.663+0700][2.309s][info][gc,marking  ] GC(17) Concurrent Clear Claimed Marks 0.007ms
[2025-11-06T12:03:52.663+0700][2.309s][info][gc,marking  ] GC(17) Concurrent Scan Root Regions
[2025-11-06T12:03:52.663+0700][2.310s][info][gc,marking  ] GC(17) Concurrent Scan Root Regions 0.789ms
[2025-11-06T12:03:52.664+0700][2.310s][info][gc,marking  ] GC(17) Concurrent Mark
[2025-11-06T12:03:52.664+0700][2.310s][info][gc,marking  ] GC(17) Concurrent Mark From Roots
[2025-11-06T12:03:52.664+0700][2.310s][info][gc,task     ] GC(17) Using 5 workers of 5 for marking
[2025-11-06T12:03:52.664+0700][2.310s][info][gc,marking  ] GC(17) Concurrent Mark From Roots 0.154ms
[2025-11-06T12:03:52.664+0700][2.310s][info][gc,marking  ] GC(17) Concurrent Preclean
[2025-11-06T12:03:52.664+0700][2.310s][info][gc,marking  ] GC(17) Concurrent Preclean 0.098ms
[2025-11-06T12:03:52.673+0700][2.319s][info][gc,start    ] GC(17) Pause Remark
[2025-11-06T12:03:52.673+0700][2.320s][info][gc          ] GC(17) Pause Remark 483M->483M(808M) 0.870ms
[2025-11-06T12:03:52.673+0700][2.320s][info][gc,cpu      ] GC(17) User=0.00s Sys=0.00s Real=0.00s
[2025-11-06T12:03:52.674+0700][2.320s][info][gc,marking  ] GC(17) Concurrent Mark 9.990ms
[2025-11-06T12:03:52.674+0700][2.320s][info][gc,marking  ] GC(17) Concurrent Rebuild Remembered Sets
[2025-11-06T12:03:52.674+0700][2.320s][info][gc,marking  ] GC(17) Concurrent Rebuild Remembered Sets 0.014ms
[2025-11-06T12:03:52.674+0700][2.320s][info][gc,start    ] GC(17) Pause Cleanup
[2025-11-06T12:03:52.674+0700][2.320s][info][gc          ] GC(17) Pause Cleanup 485M->485M(808M) 0.017ms
[2025-11-06T12:03:52.674+0700][2.320s][info][gc,cpu      ] GC(17) User=0.00s Sys=0.00s Real=0.00s
[2025-11-06T12:03:52.674+0700][2.320s][info][gc,marking  ] GC(17) Concurrent Cleanup for Next Mark
[2025-11-06T12:03:52.674+0700][2.321s][info][gc,marking  ] GC(17) Concurrent Cleanup for Next Mark 0.662ms
[2025-11-06T12:03:52.674+0700][2.321s][info][gc          ] GC(17) Concurrent Mark Cycle 11.664ms
[2025-11-06T12:03:53.182+0700][2.828s][info][gc,start    ] GC(18) Pause Young (Concurrent Start) (G1 Humongous Allocation)
[2025-11-06T12:03:53.182+0700][2.829s][info][gc,task     ] GC(18) Using 19 workers of 20 for evacuation
[2025-11-06T12:03:53.183+0700][2.830s][info][gc,phases   ] GC(18)   Pre Evacuate Collection Set: 0.0ms
[2025-11-06T12:03:53.183+0700][2.830s][info][gc,phases   ] GC(18)   Merge Heap Roots: 0.0ms
[2025-11-06T12:03:53.183+0700][2.830s][info][gc,phases   ] GC(18)   Evacuate Collection Set: 1.1ms
[2025-11-06T12:03:53.183+0700][2.830s][info][gc,phases   ] GC(18)   Post Evacuate Collection Set: 0.2ms
[2025-11-06T12:03:53.183+0700][2.830s][info][gc,phases   ] GC(18)   Other: 0.3ms
[2025-11-06T12:03:53.183+0700][2.830s][info][gc,heap     ] GC(18) Eden regions: 1->0(52)
[2025-11-06T12:03:53.183+0700][2.830s][info][gc,heap     ] GC(18) Survivor regions: 1->1(6)
[2025-11-06T12:03:53.183+0700][2.830s][info][gc,heap     ] GC(18) Old regions: 0->0
[2025-11-06T12:03:53.183+0700][2.830s][info][gc,heap     ] GC(18) Archive regions: 0->0
[2025-11-06T12:03:53.183+0700][2.830s][info][gc,heap     ] GC(18) Humongous regions: 120->120
[2025-11-06T12:03:53.183+0700][2.830s][info][gc,metaspace] GC(18) Metaspace: 9471K(9728K)->9471K(9728K) NonClass: 8331K(8448K)->8331K(8448K) Class: 1140K(1280K)->1140K(1280K)
[2025-11-06T12:03:53.183+0700][2.830s][info][gc          ] GC(18) Pause Young (Concurrent Start) (G1 Humongous Allocation) 485M->483M(808M) 1.694ms
[2025-11-06T12:03:53.183+0700][2.830s][info][gc,cpu      ] GC(18) User=0.00s Sys=0.00s Real=0.00s
[2025-11-06T12:03:53.183+0700][2.830s][info][gc          ] GC(19) Concurrent Mark Cycle
[2025-11-06T12:03:53.183+0700][2.830s][info][gc,marking  ] GC(19) Concurrent Clear Claimed Marks
[2025-11-06T12:03:53.183+0700][2.830s][info][gc,marking  ] GC(19) Concurrent Clear Claimed Marks 0.008ms
[2025-11-06T12:03:53.183+0700][2.830s][info][gc,marking  ] GC(19) Concurrent Scan Root Regions
[2025-11-06T12:03:53.185+0700][2.832s][info][gc,marking  ] GC(19) Concurrent Scan Root Regions 1.347ms
[2025-11-06T12:03:53.185+0700][2.832s][info][gc,marking  ] GC(19) Concurrent Mark
[2025-11-06T12:03:53.185+0700][2.832s][info][gc,marking  ] GC(19) Concurrent Mark From Roots
[2025-11-06T12:03:53.185+0700][2.832s][info][gc,task     ] GC(19) Using 5 workers of 5 for marking
[2025-11-06T12:03:53.185+0700][2.832s][info][gc,marking  ] GC(19) Concurrent Mark From Roots 0.149ms
[2025-11-06T12:03:53.185+0700][2.832s][info][gc,marking  ] GC(19) Concurrent Preclean
[2025-11-06T12:03:53.185+0700][2.832s][info][gc,marking  ] GC(19) Concurrent Preclean 0.109ms
[2025-11-06T12:03:53.186+0700][2.833s][info][gc,start    ] GC(19) Pause Remark
[2025-11-06T12:03:53.187+0700][2.833s][info][gc          ] GC(19) Pause Remark 495M->495M(828M) 0.609ms
[2025-11-06T12:03:53.187+0700][2.833s][info][gc,cpu      ] GC(19) User=0.00s Sys=0.00s Real=0.00s
[2025-11-06T12:03:53.187+0700][2.833s][info][gc,marking  ] GC(19) Concurrent Mark 1.859ms
[2025-11-06T12:03:53.187+0700][2.833s][info][gc,marking  ] GC(19) Concurrent Rebuild Remembered Sets
[2025-11-06T12:03:53.187+0700][2.834s][info][gc,marking  ] GC(19) Concurrent Rebuild Remembered Sets 0.006ms
[2025-11-06T12:03:53.197+0700][2.843s][info][gc,start    ] GC(19) Pause Cleanup
[2025-11-06T12:03:53.197+0700][2.843s][info][gc          ] GC(19) Pause Cleanup 507M->507M(828M) 0.059ms
[2025-11-06T12:03:53.197+0700][2.843s][info][gc,cpu      ] GC(19) User=0.00s Sys=0.00s Real=0.00s
[2025-11-06T12:03:53.197+0700][2.844s][info][gc,marking  ] GC(19) Concurrent Cleanup for Next Mark
[2025-11-06T12:03:53.197+0700][2.844s][info][gc,marking  ] GC(19) Concurrent Cleanup for Next Mark 0.682ms
[2025-11-06T12:03:53.197+0700][2.844s][info][gc          ] GC(19) Concurrent Mark Cycle 14.022ms
[2025-11-06T12:03:53.199+0700][2.846s][info][gc,start    ] GC(20) Pause Young (Concurrent Start) (G1 Humongous Allocation)
[2025-11-06T12:03:53.199+0700][2.846s][info][gc,task     ] GC(20) Using 19 workers of 20 for evacuation
[2025-11-06T12:03:53.201+0700][2.848s][info][gc,phases   ] GC(20)   Pre Evacuate Collection Set: 0.0ms
[2025-11-06T12:03:53.201+0700][2.848s][info][gc,phases   ] GC(20)   Merge Heap Roots: 0.0ms
[2025-11-06T12:03:53.201+0700][2.848s][info][gc,phases   ] GC(20)   Evacuate Collection Set: 1.3ms
[2025-11-06T12:03:53.201+0700][2.848s][info][gc,phases   ] GC(20)   Post Evacuate Collection Set: 0.2ms
[2025-11-06T12:03:53.201+0700][2.848s][info][gc,phases   ] GC(20)   Other: 0.1ms
[2025-11-06T12:03:53.201+0700][2.848s][info][gc,heap     ] GC(20) Eden regions: 0->0(48)
[2025-11-06T12:03:53.201+0700][2.848s][info][gc,heap     ] GC(20) Survivor regions: 1->1(7)
[2025-11-06T12:03:53.201+0700][2.848s][info][gc,heap     ] GC(20) Old regions: 0->0
[2025-11-06T12:03:53.201+0700][2.848s][info][gc,heap     ] GC(20) Archive regions: 0->0
[2025-11-06T12:03:53.201+0700][2.848s][info][gc,heap     ] GC(20) Humongous regions: 129->129
[2025-11-06T12:03:53.201+0700][2.848s][info][gc,metaspace] GC(20) Metaspace: 9471K(9728K)->9471K(9728K) NonClass: 8331K(8448K)->8331K(8448K) Class: 1140K(1280K)->1140K(1280K)
[2025-11-06T12:03:53.201+0700][2.848s][info][gc          ] GC(20) Pause Young (Concurrent Start) (G1 Humongous Allocation) 519M->519M(828M) 1.763ms
[2025-11-06T12:03:53.201+0700][2.848s][info][gc,cpu      ] GC(20) User=0.00s Sys=0.00s Real=0.00s
[2025-11-06T12:03:53.201+0700][2.848s][info][gc          ] GC(21) Concurrent Mark Cycle
[2025-11-06T12:03:53.201+0700][2.848s][info][gc,marking  ] GC(21) Concurrent Clear Claimed Marks
[2025-11-06T12:03:53.201+0700][2.848s][info][gc,marking  ] GC(21) Concurrent Clear Claimed Marks 0.016ms
[2025-11-06T12:03:53.201+0700][2.848s][info][gc,marking  ] GC(21) Concurrent Scan Root Regions
[2025-11-06T12:03:53.202+0700][2.849s][info][gc,marking  ] GC(21) Concurrent Scan Root Regions 0.979ms
[2025-11-06T12:03:53.202+0700][2.849s][info][gc,marking  ] GC(21) Concurrent Mark
[2025-11-06T12:03:53.202+0700][2.849s][info][gc,marking  ] GC(21) Concurrent Mark From Roots
[2025-11-06T12:03:53.202+0700][2.849s][info][gc,task     ] GC(21) Using 5 workers of 5 for marking
[2025-11-06T12:03:53.202+0700][2.849s][info][gc,marking  ] GC(21) Concurrent Mark From Roots 0.137ms
[2025-11-06T12:03:53.202+0700][2.849s][info][gc,marking  ] GC(21) Concurrent Preclean
[2025-11-06T12:03:53.202+0700][2.849s][info][gc,marking  ] GC(21) Concurrent Preclean 0.096ms
[2025-11-06T12:03:53.212+0700][2.858s][info][gc,start    ] GC(21) Pause Remark
[2025-11-06T12:03:53.212+0700][2.859s][info][gc          ] GC(21) Pause Remark 531M->531M(888M) 0.657ms
[2025-11-06T12:03:53.212+0700][2.859s][info][gc,cpu      ] GC(21) User=0.00s Sys=0.00s Real=0.00s
[2025-11-06T12:03:53.212+0700][2.859s][info][gc,marking  ] GC(21) Concurrent Mark 10.387ms
[2025-11-06T12:03:53.212+0700][2.859s][info][gc,marking  ] GC(21) Concurrent Rebuild Remembered Sets
[2025-11-06T12:03:53.212+0700][2.859s][info][gc,marking  ] GC(21) Concurrent Rebuild Remembered Sets 0.008ms
[2025-11-06T12:03:53.228+0700][2.874s][info][gc,start    ] GC(21) Pause Cleanup
[2025-11-06T12:03:53.228+0700][2.875s][info][gc          ] GC(21) Pause Cleanup 543M->543M(888M) 0.095ms
[2025-11-06T12:03:53.228+0700][2.875s][info][gc,cpu      ] GC(21) User=0.00s Sys=0.00s Real=0.00s
[2025-11-06T12:03:53.228+0700][2.875s][info][gc,marking  ] GC(21) Concurrent Cleanup for Next Mark
[2025-11-06T12:03:53.228+0700][2.875s][info][gc,marking  ] GC(21) Concurrent Cleanup for Next Mark 0.745ms
[2025-11-06T12:03:53.229+0700][2.875s][info][gc          ] GC(21) Concurrent Mark Cycle 27.729ms
[2025-11-06T12:03:53.232+0700][2.879s][info][gc,start    ] GC(22) Pause Young (Concurrent Start) (G1 Humongous Allocation)
[2025-11-06T12:03:53.232+0700][2.879s][info][gc,task     ] GC(22) Using 20 workers of 20 for evacuation
[2025-11-06T12:03:53.234+0700][2.881s][info][gc,phases   ] GC(22)   Pre Evacuate Collection Set: 0.1ms
[2025-11-06T12:03:53.234+0700][2.881s][info][gc,phases   ] GC(22)   Merge Heap Roots: 0.0ms
[2025-11-06T12:03:53.234+0700][2.881s][info][gc,phases   ] GC(22)   Evacuate Collection Set: 1.5ms
[2025-11-06T12:03:53.234+0700][2.881s][info][gc,phases   ] GC(22)   Post Evacuate Collection Set: 0.3ms
[2025-11-06T12:03:53.234+0700][2.881s][info][gc,phases   ] GC(22)   Other: 0.3ms
[2025-11-06T12:03:53.234+0700][2.881s][info][gc,heap     ] GC(22) Eden regions: 0->0(52)
[2025-11-06T12:03:53.234+0700][2.881s][info][gc,heap     ] GC(22) Survivor regions: 1->1(7)
[2025-11-06T12:03:53.234+0700][2.881s][info][gc,heap     ] GC(22) Old regions: 0->0
[2025-11-06T12:03:53.234+0700][2.881s][info][gc,heap     ] GC(22) Archive regions: 0->0
[2025-11-06T12:03:53.234+0700][2.881s][info][gc,heap     ] GC(22) Humongous regions: 138->138
[2025-11-06T12:03:53.234+0700][2.881s][info][gc,metaspace] GC(22) Metaspace: 9471K(9728K)->9471K(9728K) NonClass: 8331K(8448K)->8331K(8448K) Class: 1140K(1280K)->1140K(1280K)
[2025-11-06T12:03:53.234+0700][2.881s][info][gc          ] GC(22) Pause Young (Concurrent Start) (G1 Humongous Allocation) 555M->555M(888M) 2.230ms
[2025-11-06T12:03:53.234+0700][2.881s][info][gc,cpu      ] GC(22) User=0.00s Sys=0.00s Real=0.00s
[2025-11-06T12:03:53.234+0700][2.881s][info][gc          ] GC(23) Concurrent Mark Cycle
[2025-11-06T12:03:53.234+0700][2.881s][info][gc,marking  ] GC(23) Concurrent Clear Claimed Marks
[2025-11-06T12:03:53.234+0700][2.881s][info][gc,marking  ] GC(23) Concurrent Clear Claimed Marks 0.007ms
[2025-11-06T12:03:53.234+0700][2.881s][info][gc,marking  ] GC(23) Concurrent Scan Root Regions
[2025-11-06T12:03:53.235+0700][2.882s][info][gc,marking  ] GC(23) Concurrent Scan Root Regions 1.080ms
[2025-11-06T12:03:53.235+0700][2.882s][info][gc,marking  ] GC(23) Concurrent Mark
[2025-11-06T12:03:53.235+0700][2.882s][info][gc,marking  ] GC(23) Concurrent Mark From Roots
[2025-11-06T12:03:53.235+0700][2.882s][info][gc,task     ] GC(23) Using 5 workers of 5 for marking
[2025-11-06T12:03:53.236+0700][2.882s][info][gc,marking  ] GC(23) Concurrent Mark From Roots 0.176ms
[2025-11-06T12:03:53.236+0700][2.882s][info][gc,marking  ] GC(23) Concurrent Preclean
[2025-11-06T12:03:53.236+0700][2.883s][info][gc,marking  ] GC(23) Concurrent Preclean 0.150ms
[2025-11-06T12:03:53.243+0700][2.890s][info][gc,start    ] GC(23) Pause Remark
[2025-11-06T12:03:53.244+0700][2.891s][info][gc          ] GC(23) Pause Remark 567M->567M(948M) 1.366ms
[2025-11-06T12:03:53.244+0700][2.891s][info][gc,cpu      ] GC(23) User=0.00s Sys=0.00s Real=0.00s
[2025-11-06T12:03:53.244+0700][2.891s][info][gc,marking  ] GC(23) Concurrent Mark 8.805ms
[2025-11-06T12:03:53.244+0700][2.891s][info][gc,marking  ] GC(23) Concurrent Rebuild Remembered Sets
[2025-11-06T12:03:53.244+0700][2.891s][info][gc,marking  ] GC(23) Concurrent Rebuild Remembered Sets 0.015ms
[2025-11-06T12:03:53.258+0700][2.904s][info][gc,start    ] GC(23) Pause Cleanup
[2025-11-06T12:03:53.258+0700][2.905s][info][gc          ] GC(23) Pause Cleanup 579M->579M(948M) 0.081ms
[2025-11-06T12:03:53.258+0700][2.905s][info][gc,cpu      ] GC(23) User=0.00s Sys=0.00s Real=0.00s
[2025-11-06T12:03:53.258+0700][2.905s][info][gc,marking  ] GC(23) Concurrent Cleanup for Next Mark
[2025-11-06T12:03:53.259+0700][2.906s][info][gc,marking  ] GC(23) Concurrent Cleanup for Next Mark 1.257ms
[2025-11-06T12:03:53.259+0700][2.906s][info][gc          ] GC(23) Concurrent Mark Cycle 24.834ms
[2025-11-06T12:03:53.262+0700][2.909s][info][gc,start    ] GC(24) Pause Young (Concurrent Start) (G1 Humongous Allocation)
[2025-11-06T12:03:53.262+0700][2.909s][info][gc,task     ] GC(24) Using 20 workers of 20 for evacuation
[2025-11-06T12:03:53.263+0700][2.910s][info][gc,phases   ] GC(24)   Pre Evacuate Collection Set: 0.0ms
[2025-11-06T12:03:53.263+0700][2.910s][info][gc,phases   ] GC(24)   Merge Heap Roots: 0.1ms
[2025-11-06T12:03:53.263+0700][2.910s][info][gc,phases   ] GC(24)   Evacuate Collection Set: 1.2ms
[2025-11-06T12:03:53.263+0700][2.910s][info][gc,phases   ] GC(24)   Post Evacuate Collection Set: 0.2ms
[2025-11-06T12:03:53.263+0700][2.910s][info][gc,phases   ] GC(24)   Other: 0.2ms
[2025-11-06T12:03:53.263+0700][2.910s][info][gc,heap     ] GC(24) Eden regions: 0->0(56)
[2025-11-06T12:03:53.263+0700][2.910s][info][gc,heap     ] GC(24) Survivor regions: 1->1(7)
[2025-11-06T12:03:53.263+0700][2.910s][info][gc,heap     ] GC(24) Old regions: 0->0
[2025-11-06T12:03:53.263+0700][2.910s][info][gc,heap     ] GC(24) Archive regions: 0->0
[2025-11-06T12:03:53.263+0700][2.910s][info][gc,heap     ] GC(24) Humongous regions: 147->147
[2025-11-06T12:03:53.264+0700][2.910s][info][gc,metaspace] GC(24) Metaspace: 9471K(9728K)->9471K(9728K) NonClass: 8331K(8448K)->8331K(8448K) Class: 1140K(1280K)->1140K(1280K)
[2025-11-06T12:03:53.264+0700][2.910s][info][gc          ] GC(24) Pause Young (Concurrent Start) (G1 Humongous Allocation) 591M->591M(948M) 1.797ms
[2025-11-06T12:03:53.264+0700][2.910s][info][gc,cpu      ] GC(24) User=0.00s Sys=0.00s Real=0.00s
[2025-11-06T12:03:53.264+0700][2.910s][info][gc          ] GC(25) Concurrent Mark Cycle
[2025-11-06T12:03:53.264+0700][2.910s][info][gc,marking  ] GC(25) Concurrent Clear Claimed Marks
[2025-11-06T12:03:53.264+0700][2.910s][info][gc,marking  ] GC(25) Concurrent Clear Claimed Marks 0.014ms
[2025-11-06T12:03:53.264+0700][2.910s][info][gc,marking  ] GC(25) Concurrent Scan Root Regions
[2025-11-06T12:03:53.265+0700][2.911s][info][gc,marking  ] GC(25) Concurrent Scan Root Regions 0.894ms
[2025-11-06T12:03:53.265+0700][2.911s][info][gc,marking  ] GC(25) Concurrent Mark
[2025-11-06T12:03:53.265+0700][2.911s][info][gc,marking  ] GC(25) Concurrent Mark From Roots
[2025-11-06T12:03:53.265+0700][2.911s][info][gc,task     ] GC(25) Using 5 workers of 5 for marking
[2025-11-06T12:03:53.265+0700][2.912s][info][gc,marking  ] GC(25) Concurrent Mark From Roots 0.164ms
[2025-11-06T12:03:53.265+0700][2.912s][info][gc,marking  ] GC(25) Concurrent Preclean
[2025-11-06T12:03:53.265+0700][2.912s][info][gc,marking  ] GC(25) Concurrent Preclean 0.098ms
[2025-11-06T12:03:53.274+0700][2.920s][info][gc,start    ] GC(25) Pause Remark
[2025-11-06T12:03:53.275+0700][2.922s][info][gc          ] GC(25) Pause Remark 603M->603M(1008M) 1.084ms
[2025-11-06T12:03:53.275+0700][2.922s][info][gc,cpu      ] GC(25) User=0.00s Sys=0.00s Real=0.00s
[2025-11-06T12:03:53.275+0700][2.922s][info][gc,marking  ] GC(25) Concurrent Mark 10.255ms
[2025-11-06T12:03:53.275+0700][2.922s][info][gc,marking  ] GC(25) Concurrent Rebuild Remembered Sets
[2025-11-06T12:03:53.275+0700][2.922s][info][gc,marking  ] GC(25) Concurrent Rebuild Remembered Sets 0.014ms
[2025-11-06T12:03:53.275+0700][2.922s][info][gc,start    ] GC(25) Pause Cleanup
[2025-11-06T12:03:53.275+0700][2.922s][info][gc          ] GC(25) Pause Cleanup 605M->605M(1008M) 0.024ms
[2025-11-06T12:03:53.275+0700][2.922s][info][gc,cpu      ] GC(25) User=0.00s Sys=0.00s Real=0.00s
[2025-11-06T12:03:53.275+0700][2.922s][info][gc,marking  ] GC(25) Concurrent Cleanup for Next Mark
[2025-11-06T12:03:53.276+0700][2.923s][info][gc,marking  ] GC(25) Concurrent Cleanup for Next Mark 1.362ms
[2025-11-06T12:03:53.276+0700][2.923s][info][gc          ] GC(25) Concurrent Mark Cycle 12.820ms
[2025-11-06T12:03:53.784+0700][3.430s][info][gc,start    ] GC(26) Pause Young (Concurrent Start) (G1 Humongous Allocation)
[2025-11-06T12:03:53.784+0700][3.430s][info][gc,task     ] GC(26) Using 20 workers of 20 for evacuation
[2025-11-06T12:03:53.785+0700][3.432s][info][gc,phases   ] GC(26)   Pre Evacuate Collection Set: 0.0ms
[2025-11-06T12:03:53.785+0700][3.432s][info][gc,phases   ] GC(26)   Merge Heap Roots: 0.0ms
[2025-11-06T12:03:53.785+0700][3.432s][info][gc,phases   ] GC(26)   Evacuate Collection Set: 1.1ms
[2025-11-06T12:03:53.785+0700][3.432s][info][gc,phases   ] GC(26)   Post Evacuate Collection Set: 0.2ms
[2025-11-06T12:03:53.785+0700][3.432s][info][gc,phases   ] GC(26)   Other: 0.2ms
[2025-11-06T12:03:53.785+0700][3.432s][info][gc,heap     ] GC(26) Eden regions: 1->0(67)
[2025-11-06T12:03:53.785+0700][3.432s][info][gc,heap     ] GC(26) Survivor regions: 1->1(8)
[2025-11-06T12:03:53.785+0700][3.432s][info][gc,heap     ] GC(26) Old regions: 0->0
[2025-11-06T12:03:53.785+0700][3.432s][info][gc,heap     ] GC(26) Archive regions: 0->0
[2025-11-06T12:03:53.785+0700][3.432s][info][gc,heap     ] GC(26) Humongous regions: 150->150
[2025-11-06T12:03:53.785+0700][3.432s][info][gc,metaspace] GC(26) Metaspace: 9471K(9728K)->9471K(9728K) NonClass: 8331K(8448K)->8331K(8448K) Class: 1140K(1280K)->1140K(1280K)
[2025-11-06T12:03:53.785+0700][3.432s][info][gc          ] GC(26) Pause Young (Concurrent Start) (G1 Humongous Allocation) 605M->603M(1008M) 1.653ms
[2025-11-06T12:03:53.785+0700][3.432s][info][gc,cpu      ] GC(26) User=0.00s Sys=0.00s Real=0.00s
[2025-11-06T12:03:53.785+0700][3.432s][info][gc          ] GC(27) Concurrent Mark Cycle
[2025-11-06T12:03:53.785+0700][3.432s][info][gc,marking  ] GC(27) Concurrent Clear Claimed Marks
[2025-11-06T12:03:53.785+0700][3.432s][info][gc,marking  ] GC(27) Concurrent Clear Claimed Marks 0.008ms
[2025-11-06T12:03:53.785+0700][3.432s][info][gc,marking  ] GC(27) Concurrent Scan Root Regions
[2025-11-06T12:03:53.786+0700][3.433s][info][gc,marking  ] GC(27) Concurrent Scan Root Regions 1.017ms
[2025-11-06T12:03:53.786+0700][3.433s][info][gc,marking  ] GC(27) Concurrent Mark
[2025-11-06T12:03:53.786+0700][3.433s][info][gc,marking  ] GC(27) Concurrent Mark From Roots
[2025-11-06T12:03:53.786+0700][3.433s][info][gc,task     ] GC(27) Using 5 workers of 5 for marking
[2025-11-06T12:03:53.787+0700][3.433s][info][gc,marking  ] GC(27) Concurrent Mark From Roots 0.143ms
[2025-11-06T12:03:53.787+0700][3.433s][info][gc,marking  ] GC(27) Concurrent Preclean
[2025-11-06T12:03:53.787+0700][3.433s][info][gc,marking  ] GC(27) Concurrent Preclean 0.096ms
[2025-11-06T12:03:53.800+0700][3.446s][info][gc,start    ] GC(27) Pause Remark
[2025-11-06T12:03:53.800+0700][3.447s][info][gc          ] GC(27) Pause Remark 615M->615M(1028M) 0.704ms
[2025-11-06T12:03:53.800+0700][3.447s][info][gc,cpu      ] GC(27) User=0.00s Sys=0.00s Real=0.00s
[2025-11-06T12:03:53.800+0700][3.447s][info][gc,marking  ] GC(27) Concurrent Mark 13.929ms
[2025-11-06T12:03:53.800+0700][3.447s][info][gc,marking  ] GC(27) Concurrent Rebuild Remembered Sets
[2025-11-06T12:03:53.800+0700][3.447s][info][gc,marking  ] GC(27) Concurrent Rebuild Remembered Sets 0.008ms
[2025-11-06T12:03:53.815+0700][3.461s][info][gc,start    ] GC(27) Pause Cleanup
[2025-11-06T12:03:53.815+0700][3.461s][info][gc          ] GC(27) Pause Cleanup 627M->627M(1028M) 0.060ms
[2025-11-06T12:03:53.815+0700][3.461s][info][gc,cpu      ] GC(27) User=0.00s Sys=0.00s Real=0.00s
[2025-11-06T12:03:53.815+0700][3.461s][info][gc,marking  ] GC(27) Concurrent Cleanup for Next Mark
[2025-11-06T12:03:53.816+0700][3.462s][info][gc,marking  ] GC(27) Concurrent Cleanup for Next Mark 0.920ms
[2025-11-06T12:03:53.816+0700][3.462s][info][gc          ] GC(27) Concurrent Mark Cycle 30.274ms
[2025-11-06T12:03:53.818+0700][3.464s][info][gc,start    ] GC(28) Pause Young (Concurrent Start) (G1 Humongous Allocation)
[2025-11-06T12:03:53.818+0700][3.464s][info][gc,task     ] GC(28) Using 20 workers of 20 for evacuation
[2025-11-06T12:03:53.819+0700][3.466s][info][gc,phases   ] GC(28)   Pre Evacuate Collection Set: 0.0ms
[2025-11-06T12:03:53.819+0700][3.466s][info][gc,phases   ] GC(28)   Merge Heap Roots: 0.0ms
[2025-11-06T12:03:53.819+0700][3.466s][info][gc,phases   ] GC(28)   Evacuate Collection Set: 1.1ms
[2025-11-06T12:03:53.819+0700][3.466s][info][gc,phases   ] GC(28)   Post Evacuate Collection Set: 0.1ms
[2025-11-06T12:03:53.819+0700][3.466s][info][gc,phases   ] GC(28)   Other: 0.1ms
[2025-11-06T12:03:53.819+0700][3.466s][info][gc,heap     ] GC(28) Eden regions: 0->0(63)
[2025-11-06T12:03:53.819+0700][3.466s][info][gc,heap     ] GC(28) Survivor regions: 1->1(9)
[2025-11-06T12:03:53.819+0700][3.466s][info][gc,heap     ] GC(28) Old regions: 0->0
[2025-11-06T12:03:53.819+0700][3.466s][info][gc,heap     ] GC(28) Archive regions: 0->0
[2025-11-06T12:03:53.819+0700][3.466s][info][gc,heap     ] GC(28) Humongous regions: 159->159
[2025-11-06T12:03:53.819+0700][3.466s][info][gc,metaspace] GC(28) Metaspace: 9471K(9728K)->9471K(9728K) NonClass: 8331K(8448K)->8331K(8448K) Class: 1140K(1280K)->1140K(1280K)
[2025-11-06T12:03:53.819+0700][3.466s][info][gc          ] GC(28) Pause Young (Concurrent Start) (G1 Humongous Allocation) 639M->639M(1028M) 1.579ms
[2025-11-06T12:03:53.819+0700][3.466s][info][gc,cpu      ] GC(28) User=0.00s Sys=0.00s Real=0.00s
[2025-11-06T12:03:53.819+0700][3.466s][info][gc          ] GC(29) Concurrent Mark Cycle
[2025-11-06T12:03:53.819+0700][3.466s][info][gc,marking  ] GC(29) Concurrent Clear Claimed Marks
[2025-11-06T12:03:53.819+0700][3.466s][info][gc,marking  ] GC(29) Concurrent Clear Claimed Marks 0.009ms
[2025-11-06T12:03:53.819+0700][3.466s][info][gc,marking  ] GC(29) Concurrent Scan Root Regions
[2025-11-06T12:03:53.820+0700][3.467s][info][gc,marking  ] GC(29) Concurrent Scan Root Regions 0.837ms
[2025-11-06T12:03:53.820+0700][3.467s][info][gc,marking  ] GC(29) Concurrent Mark
[2025-11-06T12:03:53.820+0700][3.467s][info][gc,marking  ] GC(29) Concurrent Mark From Roots
[2025-11-06T12:03:53.820+0700][3.467s][info][gc,task     ] GC(29) Using 5 workers of 5 for marking
[2025-11-06T12:03:53.820+0700][3.467s][info][gc,marking  ] GC(29) Concurrent Mark From Roots 0.113ms
[2025-11-06T12:03:53.820+0700][3.467s][info][gc,marking  ] GC(29) Concurrent Preclean
[2025-11-06T12:03:53.821+0700][3.467s][info][gc,marking  ] GC(29) Concurrent Preclean 0.095ms
[2025-11-06T12:03:53.831+0700][3.477s][info][gc,start    ] GC(29) Pause Remark
[2025-11-06T12:03:53.831+0700][3.478s][info][gc          ] GC(29) Pause Remark 651M->651M(1088M) 0.619ms
[2025-11-06T12:03:53.831+0700][3.478s][info][gc,cpu      ] GC(29) User=0.00s Sys=0.00s Real=0.00s
[2025-11-06T12:03:53.831+0700][3.478s][info][gc,marking  ] GC(29) Concurrent Mark 10.924ms
[2025-11-06T12:03:53.831+0700][3.478s][info][gc,marking  ] GC(29) Concurrent Rebuild Remembered Sets
[2025-11-06T12:03:53.831+0700][3.478s][info][gc,marking  ] GC(29) Concurrent Rebuild Remembered Sets 0.007ms
[2025-11-06T12:03:53.846+0700][3.492s][info][gc,start    ] GC(29) Pause Cleanup
[2025-11-06T12:03:53.846+0700][3.492s][info][gc          ] GC(29) Pause Cleanup 663M->663M(1088M) 0.073ms
[2025-11-06T12:03:53.846+0700][3.492s][info][gc,cpu      ] GC(29) User=0.00s Sys=0.00s Real=0.00s
[2025-11-06T12:03:53.846+0700][3.492s][info][gc,marking  ] GC(29) Concurrent Cleanup for Next Mark
[2025-11-06T12:03:53.847+0700][3.493s][info][gc,marking  ] GC(29) Concurrent Cleanup for Next Mark 0.910ms
[2025-11-06T12:03:53.847+0700][3.493s][info][gc          ] GC(29) Concurrent Mark Cycle 27.194ms
[2025-11-06T12:03:53.849+0700][3.495s][info][gc,start    ] GC(30) Pause Young (Concurrent Start) (G1 Humongous Allocation)
[2025-11-06T12:03:53.849+0700][3.495s][info][gc,task     ] GC(30) Using 20 workers of 20 for evacuation
[2025-11-06T12:03:53.851+0700][3.497s][info][gc,phases   ] GC(30)   Pre Evacuate Collection Set: 0.0ms
[2025-11-06T12:03:53.851+0700][3.497s][info][gc,phases   ] GC(30)   Merge Heap Roots: 0.0ms
[2025-11-06T12:03:53.851+0700][3.497s][info][gc,phases   ] GC(30)   Evacuate Collection Set: 1.4ms
[2025-11-06T12:03:53.851+0700][3.497s][info][gc,phases   ] GC(30)   Post Evacuate Collection Set: 0.2ms
[2025-11-06T12:03:53.851+0700][3.497s][info][gc,phases   ] GC(30)   Other: 0.1ms
[2025-11-06T12:03:53.851+0700][3.497s][info][gc,heap     ] GC(30) Eden regions: 0->0(66)
[2025-11-06T12:03:53.851+0700][3.497s][info][gc,heap     ] GC(30) Survivor regions: 1->1(8)
[2025-11-06T12:03:53.851+0700][3.497s][info][gc,heap     ] GC(30) Old regions: 0->1
[2025-11-06T12:03:53.851+0700][3.497s][info][gc,heap     ] GC(30) Archive regions: 0->0
[2025-11-06T12:03:53.851+0700][3.497s][info][gc,heap     ] GC(30) Humongous regions: 168->168
[2025-11-06T12:03:53.851+0700][3.497s][info][gc,metaspace] GC(30) Metaspace: 9471K(9728K)->9471K(9728K) NonClass: 8331K(8448K)->8331K(8448K) Class: 1140K(1280K)->1140K(1280K)
[2025-11-06T12:03:53.851+0700][3.497s][info][gc          ] GC(30) Pause Young (Concurrent Start) (G1 Humongous Allocation) 675M->674M(1088M) 1.819ms
[2025-11-06T12:03:53.851+0700][3.497s][info][gc,cpu      ] GC(30) User=0.00s Sys=0.00s Real=0.00s
[2025-11-06T12:03:53.851+0700][3.497s][info][gc          ] GC(31) Concurrent Mark Cycle
[2025-11-06T12:03:53.851+0700][3.497s][info][gc,marking  ] GC(31) Concurrent Clear Claimed Marks
[2025-11-06T12:03:53.851+0700][3.497s][info][gc,marking  ] GC(31) Concurrent Clear Claimed Marks 0.008ms
[2025-11-06T12:03:53.851+0700][3.497s][info][gc,marking  ] GC(31) Concurrent Scan Root Regions
[2025-11-06T12:03:53.852+0700][3.498s][info][gc,marking  ] GC(31) Concurrent Scan Root Regions 0.982ms
[2025-11-06T12:03:53.852+0700][3.498s][info][gc,marking  ] GC(31) Concurrent Mark
[2025-11-06T12:03:53.852+0700][3.498s][info][gc,marking  ] GC(31) Concurrent Mark From Roots
[2025-11-06T12:03:53.852+0700][3.498s][info][gc,task     ] GC(31) Using 5 workers of 5 for marking
[2025-11-06T12:03:53.852+0700][3.499s][info][gc,marking  ] GC(31) Concurrent Mark From Roots 0.145ms
[2025-11-06T12:03:53.852+0700][3.499s][info][gc,marking  ] GC(31) Concurrent Preclean
[2025-11-06T12:03:53.852+0700][3.499s][info][gc,marking  ] GC(31) Concurrent Preclean 0.095ms
[2025-11-06T12:03:53.861+0700][3.507s][info][gc,start    ] GC(31) Pause Remark
[2025-11-06T12:03:53.861+0700][3.508s][info][gc          ] GC(31) Pause Remark 686M->686M(1156M) 0.749ms
[2025-11-06T12:03:53.861+0700][3.508s][info][gc,cpu      ] GC(31) User=0.00s Sys=0.00s Real=0.00s
[2025-11-06T12:03:53.861+0700][3.508s][info][gc,marking  ] GC(31) Concurrent Mark 9.498ms
[2025-11-06T12:03:53.861+0700][3.508s][info][gc,marking  ] GC(31) Concurrent Rebuild Remembered Sets
[2025-11-06T12:03:53.862+0700][3.509s][info][gc,marking  ] GC(31) Concurrent Rebuild Remembered Sets 1.020ms
[2025-11-06T12:03:53.877+0700][3.523s][info][gc,start    ] GC(31) Pause Cleanup
[2025-11-06T12:03:53.877+0700][3.523s][info][gc          ] GC(31) Pause Cleanup 698M->698M(1156M) 0.123ms
[2025-11-06T12:03:53.877+0700][3.523s][info][gc,cpu      ] GC(31) User=0.00s Sys=0.00s Real=0.00s
[2025-11-06T12:03:53.877+0700][3.523s][info][gc,marking  ] GC(31) Concurrent Cleanup for Next Mark
[2025-11-06T12:03:53.878+0700][3.524s][info][gc,marking  ] GC(31) Concurrent Cleanup for Next Mark 1.012ms
[2025-11-06T12:03:53.878+0700][3.524s][info][gc          ] GC(31) Concurrent Mark Cycle 26.935ms
[2025-11-06T12:03:53.880+0700][3.527s][info][gc,start    ] GC(32) Pause Young (Concurrent Start) (G1 Humongous Allocation)
[2025-11-06T12:03:53.880+0700][3.527s][info][gc,task     ] GC(32) Using 20 workers of 20 for evacuation
[2025-11-06T12:03:53.881+0700][3.527s][info][gc,phases   ] GC(32)   Pre Evacuate Collection Set: 0.0ms
[2025-11-06T12:03:53.881+0700][3.527s][info][gc,phases   ] GC(32)   Merge Heap Roots: 0.1ms
[2025-11-06T12:03:53.881+0700][3.527s][info][gc,phases   ] GC(32)   Evacuate Collection Set: 0.2ms
[2025-11-06T12:03:53.881+0700][3.527s][info][gc,phases   ] GC(32)   Post Evacuate Collection Set: 0.1ms
[2025-11-06T12:03:53.881+0700][3.527s][info][gc,phases   ] GC(32)   Other: 0.1ms
[2025-11-06T12:03:53.881+0700][3.527s][info][gc,heap     ] GC(32) Eden regions: 0->0(72)
[2025-11-06T12:03:53.881+0700][3.527s][info][gc,heap     ] GC(32) Survivor regions: 1->1(9)
[2025-11-06T12:03:53.881+0700][3.527s][info][gc,heap     ] GC(32) Old regions: 1->1
[2025-11-06T12:03:53.881+0700][3.527s][info][gc,heap     ] GC(32) Archive regions: 0->0
[2025-11-06T12:03:53.881+0700][3.527s][info][gc,heap     ] GC(32) Humongous regions: 177->177
[2025-11-06T12:03:53.881+0700][3.527s][info][gc,metaspace] GC(32) Metaspace: 9471K(9728K)->9471K(9728K) NonClass: 8331K(8448K)->8331K(8448K) Class: 1140K(1280K)->1140K(1280K)
[2025-11-06T12:03:53.881+0700][3.527s][info][gc          ] GC(32) Pause Young (Concurrent Start) (G1 Humongous Allocation) 710M->710M(1156M) 0.600ms
[2025-11-06T12:03:53.881+0700][3.527s][info][gc,cpu      ] GC(32) User=0.00s Sys=0.00s Real=0.00s
[2025-11-06T12:03:53.881+0700][3.527s][info][gc          ] GC(33) Concurrent Mark Cycle
[2025-11-06T12:03:53.881+0700][3.527s][info][gc,marking  ] GC(33) Concurrent Clear Claimed Marks
[2025-11-06T12:03:53.881+0700][3.528s][info][gc,marking  ] GC(33) Concurrent Clear Claimed Marks 0.007ms
[2025-11-06T12:03:53.881+0700][3.528s][info][gc,marking  ] GC(33) Concurrent Scan Root Regions
[2025-11-06T12:03:53.881+0700][3.528s][info][gc,marking  ] GC(33) Concurrent Scan Root Regions 0.024ms
[2025-11-06T12:03:53.881+0700][3.528s][info][gc,marking  ] GC(33) Concurrent Mark
[2025-11-06T12:03:53.881+0700][3.528s][info][gc,marking  ] GC(33) Concurrent Mark From Roots
[2025-11-06T12:03:53.881+0700][3.528s][info][gc,task     ] GC(33) Using 5 workers of 5 for marking
[2025-11-06T12:03:53.883+0700][3.530s][info][gc,marking  ] GC(33) Concurrent Mark From Roots 2.205ms
[2025-11-06T12:03:53.883+0700][3.530s][info][gc,marking  ] GC(33) Concurrent Preclean
[2025-11-06T12:03:53.883+0700][3.530s][info][gc,marking  ] GC(33) Concurrent Preclean 0.109ms
[2025-11-06T12:03:53.884+0700][3.530s][info][gc,start    ] GC(33) Pause Remark
[2025-11-06T12:03:53.885+0700][3.531s][info][gc          ] GC(33) Pause Remark 722M->722M(1216M) 0.741ms
[2025-11-06T12:03:53.885+0700][3.531s][info][gc,cpu      ] GC(33) User=0.00s Sys=0.00s Real=0.00s
[2025-11-06T12:03:53.885+0700][3.531s][info][gc,marking  ] GC(33) Concurrent Mark 3.557ms
[2025-11-06T12:03:53.885+0700][3.531s][info][gc,marking  ] GC(33) Concurrent Rebuild Remembered Sets
[2025-11-06T12:03:53.886+0700][3.532s][info][gc,marking  ] GC(33) Concurrent Rebuild Remembered Sets 1.193ms
[2025-11-06T12:03:53.886+0700][3.532s][info][gc,start    ] GC(33) Pause Cleanup
[2025-11-06T12:03:53.886+0700][3.532s][info][gc          ] GC(33) Pause Cleanup 724M->724M(1216M) 0.051ms
[2025-11-06T12:03:53.886+0700][3.532s][info][gc,cpu      ] GC(33) User=0.00s Sys=0.00s Real=0.00s
[2025-11-06T12:03:53.886+0700][3.532s][info][gc,marking  ] GC(33) Concurrent Cleanup for Next Mark
[2025-11-06T12:03:53.887+0700][3.534s][info][gc,marking  ] GC(33) Concurrent Cleanup for Next Mark 1.023ms
[2025-11-06T12:03:53.887+0700][3.534s][info][gc          ] GC(33) Concurrent Mark Cycle 6.072ms
[2025-11-06T12:03:54.387+0700][4.033s][info][gc,start    ] GC(34) Pause Young (Concurrent Start) (G1 Humongous Allocation)
[2025-11-06T12:03:54.387+0700][4.033s][info][gc,task     ] GC(34) Using 20 workers of 20 for evacuation
[2025-11-06T12:03:54.387+0700][4.034s][info][gc,phases   ] GC(34)   Pre Evacuate Collection Set: 0.1ms
[2025-11-06T12:03:54.387+0700][4.034s][info][gc,phases   ] GC(34)   Merge Heap Roots: 0.0ms
[2025-11-06T12:03:54.387+0700][4.034s][info][gc,phases   ] GC(34)   Evacuate Collection Set: 0.1ms
[2025-11-06T12:03:54.387+0700][4.034s][info][gc,phases   ] GC(34)   Post Evacuate Collection Set: 0.1ms
[2025-11-06T12:03:54.387+0700][4.034s][info][gc,phases   ] GC(34)   Other: 0.2ms
[2025-11-06T12:03:54.387+0700][4.034s][info][gc,heap     ] GC(34) Eden regions: 1->0(83)
[2025-11-06T12:03:54.387+0700][4.034s][info][gc,heap     ] GC(34) Survivor regions: 1->1(9)
[2025-11-06T12:03:54.387+0700][4.034s][info][gc,heap     ] GC(34) Old regions: 1->1
[2025-11-06T12:03:54.387+0700][4.034s][info][gc,heap     ] GC(34) Archive regions: 0->0
[2025-11-06T12:03:54.387+0700][4.034s][info][gc,heap     ] GC(34) Humongous regions: 180->180
[2025-11-06T12:03:54.387+0700][4.034s][info][gc,metaspace] GC(34) Metaspace: 9471K(9728K)->9471K(9728K) NonClass: 8331K(8448K)->8331K(8448K) Class: 1140K(1280K)->1140K(1280K)
[2025-11-06T12:03:54.387+0700][4.034s][info][gc          ] GC(34) Pause Young (Concurrent Start) (G1 Humongous Allocation) 724M->722M(1216M) 0.595ms
[2025-11-06T12:03:54.387+0700][4.034s][info][gc,cpu      ] GC(34) User=0.00s Sys=0.00s Real=0.00s
[2025-11-06T12:03:54.387+0700][4.034s][info][gc          ] GC(35) Concurrent Mark Cycle
[2025-11-06T12:03:54.387+0700][4.034s][info][gc,marking  ] GC(35) Concurrent Clear Claimed Marks
[2025-11-06T12:03:54.387+0700][4.034s][info][gc,marking  ] GC(35) Concurrent Clear Claimed Marks 0.007ms
[2025-11-06T12:03:54.387+0700][4.034s][info][gc,marking  ] GC(35) Concurrent Scan Root Regions
[2025-11-06T12:03:54.387+0700][4.034s][info][gc,marking  ] GC(35) Concurrent Scan Root Regions 0.036ms
[2025-11-06T12:03:54.387+0700][4.034s][info][gc,marking  ] GC(35) Concurrent Mark
[2025-11-06T12:03:54.388+0700][4.034s][info][gc,marking  ] GC(35) Concurrent Mark From Roots
[2025-11-06T12:03:54.388+0700][4.034s][info][gc,task     ] GC(35) Using 5 workers of 5 for marking
[2025-11-06T12:03:54.390+0700][4.037s][info][gc,marking  ] GC(35) Concurrent Mark From Roots 2.842ms
[2025-11-06T12:03:54.390+0700][4.037s][info][gc,marking  ] GC(35) Concurrent Preclean
[2025-11-06T12:03:54.390+0700][4.037s][info][gc,marking  ] GC(35) Concurrent Preclean 0.103ms
[2025-11-06T12:03:54.403+0700][4.049s][info][gc,start    ] GC(35) Pause Remark
[2025-11-06T12:03:54.403+0700][4.050s][info][gc          ] GC(35) Pause Remark 746M->746M(1256M) 0.788ms
[2025-11-06T12:03:54.403+0700][4.050s][info][gc,cpu      ] GC(35) User=0.00s Sys=0.00s Real=0.00s
[2025-11-06T12:03:54.403+0700][4.050s][info][gc,marking  ] GC(35) Concurrent Mark 15.942ms
[2025-11-06T12:03:54.403+0700][4.050s][info][gc,marking  ] GC(35) Concurrent Rebuild Remembered Sets
[2025-11-06T12:03:54.405+0700][4.051s][info][gc,marking  ] GC(35) Concurrent Rebuild Remembered Sets 1.143ms
[2025-11-06T12:03:54.419+0700][4.065s][info][gc,start    ] GC(35) Pause Cleanup
[2025-11-06T12:03:54.419+0700][4.065s][info][gc          ] GC(35) Pause Cleanup 758M->758M(1256M) 0.152ms
[2025-11-06T12:03:54.419+0700][4.065s][info][gc,cpu      ] GC(35) User=0.00s Sys=0.00s Real=0.00s
[2025-11-06T12:03:54.419+0700][4.065s][info][gc,marking  ] GC(35) Concurrent Cleanup for Next Mark
[2025-11-06T12:03:54.420+0700][4.067s][info][gc,marking  ] GC(35) Concurrent Cleanup for Next Mark 1.084ms
[2025-11-06T12:03:54.420+0700][4.067s][info][gc          ] GC(35) Concurrent Mark Cycle 32.533ms
[2025-11-06T12:03:54.423+0700][4.069s][info][gc,start    ] GC(36) Pause Young (Concurrent Start) (G1 Humongous Allocation)
[2025-11-06T12:03:54.423+0700][4.069s][info][gc,task     ] GC(36) Using 20 workers of 20 for evacuation
[2025-11-06T12:03:54.423+0700][4.070s][info][gc,phases   ] GC(36)   Pre Evacuate Collection Set: 0.1ms
[2025-11-06T12:03:54.423+0700][4.070s][info][gc,phases   ] GC(36)   Merge Heap Roots: 0.1ms
[2025-11-06T12:03:54.423+0700][4.070s][info][gc,phases   ] GC(36)   Evacuate Collection Set: 0.2ms
[2025-11-06T12:03:54.423+0700][4.070s][info][gc,phases   ] GC(36)   Post Evacuate Collection Set: 0.1ms
[2025-11-06T12:03:54.423+0700][4.070s][info][gc,phases   ] GC(36)   Other: 0.2ms
[2025-11-06T12:03:54.423+0700][4.070s][info][gc,heap     ] GC(36) Eden regions: 0->0(80)
[2025-11-06T12:03:54.423+0700][4.070s][info][gc,heap     ] GC(36) Survivor regions: 1->1(11)
[2025-11-06T12:03:54.423+0700][4.070s][info][gc,heap     ] GC(36) Old regions: 1->1
[2025-11-06T12:03:54.423+0700][4.070s][info][gc,heap     ] GC(36) Archive regions: 0->0
[2025-11-06T12:03:54.423+0700][4.070s][info][gc,heap     ] GC(36) Humongous regions: 192->192
[2025-11-06T12:03:54.423+0700][4.070s][info][gc,metaspace] GC(36) Metaspace: 9471K(9728K)->9471K(9728K) NonClass: 8331K(8448K)->8331K(8448K) Class: 1140K(1280K)->1140K(1280K)
[2025-11-06T12:03:54.423+0700][4.070s][info][gc          ] GC(36) Pause Young (Concurrent Start) (G1 Humongous Allocation) 770M->770M(1256M) 0.683ms
[2025-11-06T12:03:54.423+0700][4.070s][info][gc,cpu      ] GC(36) User=0.00s Sys=0.00s Real=0.00s
[2025-11-06T12:03:54.423+0700][4.070s][info][gc          ] GC(37) Concurrent Mark Cycle
[2025-11-06T12:03:54.423+0700][4.070s][info][gc,marking  ] GC(37) Concurrent Clear Claimed Marks
[2025-11-06T12:03:54.423+0700][4.070s][info][gc,marking  ] GC(37) Concurrent Clear Claimed Marks 0.008ms
[2025-11-06T12:03:54.423+0700][4.070s][info][gc,marking  ] GC(37) Concurrent Scan Root Regions
[2025-11-06T12:03:54.423+0700][4.070s][info][gc,marking  ] GC(37) Concurrent Scan Root Regions 0.028ms
[2025-11-06T12:03:54.423+0700][4.070s][info][gc,marking  ] GC(37) Concurrent Mark
[2025-11-06T12:03:54.423+0700][4.070s][info][gc,marking  ] GC(37) Concurrent Mark From Roots
[2025-11-06T12:03:54.423+0700][4.070s][info][gc,task     ] GC(37) Using 5 workers of 5 for marking
[2025-11-06T12:03:54.426+0700][4.072s][info][gc,marking  ] GC(37) Concurrent Mark From Roots 2.407ms
[2025-11-06T12:03:54.426+0700][4.072s][info][gc,marking  ] GC(37) Concurrent Preclean
[2025-11-06T12:03:54.426+0700][4.073s][info][gc,marking  ] GC(37) Concurrent Preclean 0.104ms
[2025-11-06T12:03:54.434+0700][4.080s][info][gc,start    ] GC(37) Pause Remark
[2025-11-06T12:03:54.435+0700][4.082s][info][gc          ] GC(37) Pause Remark 782M->782M(1316M) 1.207ms
[2025-11-06T12:03:54.435+0700][4.082s][info][gc,cpu      ] GC(37) User=0.00s Sys=0.00s Real=0.00s
[2025-11-06T12:03:54.435+0700][4.082s][info][gc,marking  ] GC(37) Concurrent Mark 11.644ms
[2025-11-06T12:03:54.435+0700][4.082s][info][gc,marking  ] GC(37) Concurrent Rebuild Remembered Sets
[2025-11-06T12:03:54.436+0700][4.083s][info][gc,marking  ] GC(37) Concurrent Rebuild Remembered Sets 1.175ms
[2025-11-06T12:03:54.450+0700][4.096s][info][gc,start    ] GC(37) Pause Cleanup
[2025-11-06T12:03:54.450+0700][4.096s][info][gc          ] GC(37) Pause Cleanup 794M->794M(1316M) 0.112ms
[2025-11-06T12:03:54.450+0700][4.096s][info][gc,cpu      ] GC(37) User=0.00s Sys=0.00s Real=0.00s
[2025-11-06T12:03:54.450+0700][4.096s][info][gc,marking  ] GC(37) Concurrent Cleanup for Next Mark
[2025-11-06T12:03:54.451+0700][4.098s][info][gc,marking  ] GC(37) Concurrent Cleanup for Next Mark 1.474ms
[2025-11-06T12:03:54.451+0700][4.098s][info][gc          ] GC(37) Concurrent Mark Cycle 28.066ms
[2025-11-06T12:03:54.454+0700][4.101s][info][gc,start    ] GC(38) Pause Young (Concurrent Start) (G1 Humongous Allocation)
[2025-11-06T12:03:54.454+0700][4.101s][info][gc,task     ] GC(38) Using 20 workers of 20 for evacuation
[2025-11-06T12:03:54.454+0700][4.101s][info][gc,phases   ] GC(38)   Pre Evacuate Collection Set: 0.1ms
[2025-11-06T12:03:54.454+0700][4.101s][info][gc,phases   ] GC(38)   Merge Heap Roots: 0.0ms
[2025-11-06T12:03:54.454+0700][4.101s][info][gc,phases   ] GC(38)   Evacuate Collection Set: 0.2ms
[2025-11-06T12:03:54.454+0700][4.101s][info][gc,phases   ] GC(38)   Post Evacuate Collection Set: 0.1ms
[2025-11-06T12:03:54.454+0700][4.101s][info][gc,phases   ] GC(38)   Other: 0.2ms
[2025-11-06T12:03:54.454+0700][4.101s][info][gc,heap     ] GC(38) Eden regions: 0->0(85)
[2025-11-06T12:03:54.454+0700][4.101s][info][gc,heap     ] GC(38) Survivor regions: 1->1(11)
[2025-11-06T12:03:54.454+0700][4.101s][info][gc,heap     ] GC(38) Old regions: 1->1
[2025-11-06T12:03:54.454+0700][4.101s][info][gc,heap     ] GC(38) Archive regions: 0->0
[2025-11-06T12:03:54.454+0700][4.101s][info][gc,heap     ] GC(38) Humongous regions: 201->201
[2025-11-06T12:03:54.454+0700][4.101s][info][gc,metaspace] GC(38) Metaspace: 9471K(9728K)->9471K(9728K) NonClass: 8331K(8448K)->8331K(8448K) Class: 1140K(1280K)->1140K(1280K)
[2025-11-06T12:03:54.454+0700][4.101s][info][gc          ] GC(38) Pause Young (Concurrent Start) (G1 Humongous Allocation) 806M->806M(1316M) 0.598ms
[2025-11-06T12:03:54.454+0700][4.101s][info][gc,cpu      ] GC(38) User=0.00s Sys=0.00s Real=0.00s
[2025-11-06T12:03:54.454+0700][4.101s][info][gc          ] GC(39) Concurrent Mark Cycle
[2025-11-06T12:03:54.455+0700][4.101s][info][gc,marking  ] GC(39) Concurrent Clear Claimed Marks
[2025-11-06T12:03:54.455+0700][4.101s][info][gc,marking  ] GC(39) Concurrent Clear Claimed Marks 0.008ms
[2025-11-06T12:03:54.455+0700][4.101s][info][gc,marking  ] GC(39) Concurrent Scan Root Regions
[2025-11-06T12:03:54.455+0700][4.101s][info][gc,marking  ] GC(39) Concurrent Scan Root Regions 0.032ms
[2025-11-06T12:03:54.455+0700][4.101s][info][gc,marking  ] GC(39) Concurrent Mark
[2025-11-06T12:03:54.455+0700][4.101s][info][gc,marking  ] GC(39) Concurrent Mark From Roots
[2025-11-06T12:03:54.455+0700][4.101s][info][gc,task     ] GC(39) Using 5 workers of 5 for marking
[2025-11-06T12:03:54.457+0700][4.104s][info][gc,marking  ] GC(39) Concurrent Mark From Roots 2.380ms
[2025-11-06T12:03:54.457+0700][4.104s][info][gc,marking  ] GC(39) Concurrent Preclean
[2025-11-06T12:03:54.457+0700][4.104s][info][gc,marking  ] GC(39) Concurrent Preclean 0.104ms
[2025-11-06T12:03:54.465+0700][4.111s][info][gc,start    ] GC(39) Pause Remark
[2025-11-06T12:03:54.465+0700][4.112s][info][gc          ] GC(39) Pause Remark 818M->818M(1376M) 0.809ms
[2025-11-06T12:03:54.465+0700][4.112s][info][gc,cpu      ] GC(39) User=0.00s Sys=0.00s Real=0.00s
[2025-11-06T12:03:54.465+0700][4.112s][info][gc,marking  ] GC(39) Concurrent Mark 10.867ms
[2025-11-06T12:03:54.465+0700][4.112s][info][gc,marking  ] GC(39) Concurrent Rebuild Remembered Sets
[2025-11-06T12:03:54.467+0700][4.113s][info][gc,marking  ] GC(39) Concurrent Rebuild Remembered Sets 1.076ms
[2025-11-06T12:03:54.481+0700][4.127s][info][gc,start    ] GC(39) Pause Cleanup
[2025-11-06T12:03:54.481+0700][4.127s][info][gc          ] GC(39) Pause Cleanup 830M->830M(1376M) 0.187ms
[2025-11-06T12:03:54.481+0700][4.127s][info][gc,cpu      ] GC(39) User=0.00s Sys=0.00s Real=0.00s
[2025-11-06T12:03:54.481+0700][4.128s][info][gc,marking  ] GC(39) Concurrent Cleanup for Next Mark
[2025-11-06T12:03:54.482+0700][4.129s][info][gc,marking  ] GC(39) Concurrent Cleanup for Next Mark 1.154ms
[2025-11-06T12:03:54.482+0700][4.129s][info][gc          ] GC(39) Concurrent Mark Cycle 27.562ms
[2025-11-06T12:03:54.989+0700][4.635s][info][gc,start    ] GC(40) Pause Young (Concurrent Start) (G1 Humongous Allocation)
[2025-11-06T12:03:54.989+0700][4.635s][info][gc,task     ] GC(40) Using 20 workers of 20 for evacuation
[2025-11-06T12:03:54.989+0700][4.636s][info][gc,phases   ] GC(40)   Pre Evacuate Collection Set: 0.1ms
[2025-11-06T12:03:54.989+0700][4.636s][info][gc,phases   ] GC(40)   Merge Heap Roots: 0.0ms
[2025-11-06T12:03:54.989+0700][4.636s][info][gc,phases   ] GC(40)   Evacuate Collection Set: 0.2ms
[2025-11-06T12:03:54.989+0700][4.636s][info][gc,phases   ] GC(40)   Post Evacuate Collection Set: 0.1ms
[2025-11-06T12:03:54.989+0700][4.636s][info][gc,phases   ] GC(40)   Other: 0.2ms
[2025-11-06T12:03:54.989+0700][4.636s][info][gc,heap     ] GC(40) Eden regions: 1->0(90)
[2025-11-06T12:03:54.989+0700][4.636s][info][gc,heap     ] GC(40) Survivor regions: 1->1(11)
[2025-11-06T12:03:54.989+0700][4.636s][info][gc,heap     ] GC(40) Old regions: 1->1
[2025-11-06T12:03:54.989+0700][4.636s][info][gc,heap     ] GC(40) Archive regions: 0->0
[2025-11-06T12:03:54.989+0700][4.636s][info][gc,heap     ] GC(40) Humongous regions: 210->210
[2025-11-06T12:03:54.989+0700][4.636s][info][gc,metaspace] GC(40) Metaspace: 9471K(9728K)->9471K(9728K) NonClass: 8331K(8448K)->8331K(8448K) Class: 1140K(1280K)->1140K(1280K)
[2025-11-06T12:03:54.989+0700][4.636s][info][gc          ] GC(40) Pause Young (Concurrent Start) (G1 Humongous Allocation) 844M->842M(1376M) 0.582ms
[2025-11-06T12:03:54.989+0700][4.636s][info][gc,cpu      ] GC(40) User=0.00s Sys=0.00s Real=0.00s
[2025-11-06T12:03:54.989+0700][4.636s][info][gc          ] GC(41) Concurrent Mark Cycle
[2025-11-06T12:03:54.989+0700][4.636s][info][gc,marking  ] GC(41) Concurrent Clear Claimed Marks
[2025-11-06T12:03:54.989+0700][4.636s][info][gc,marking  ] GC(41) Concurrent Clear Claimed Marks 0.007ms
[2025-11-06T12:03:54.989+0700][4.636s][info][gc,marking  ] GC(41) Concurrent Scan Root Regions
[2025-11-06T12:03:54.989+0700][4.636s][info][gc,marking  ] GC(41) Concurrent Scan Root Regions 0.025ms
[2025-11-06T12:03:54.989+0700][4.636s][info][gc,marking  ] GC(41) Concurrent Mark
[2025-11-06T12:03:54.989+0700][4.636s][info][gc,marking  ] GC(41) Concurrent Mark From Roots
[2025-11-06T12:03:54.989+0700][4.636s][info][gc,task     ] GC(41) Using 5 workers of 5 for marking
[2025-11-06T12:03:54.992+0700][4.638s][info][gc,marking  ] GC(41) Concurrent Mark From Roots 2.192ms
[2025-11-06T12:03:54.992+0700][4.638s][info][gc,marking  ] GC(41) Concurrent Preclean
[2025-11-06T12:03:54.992+0700][4.638s][info][gc,marking  ] GC(41) Concurrent Preclean 0.106ms
[2025-11-06T12:03:54.992+0700][4.639s][info][gc,start    ] GC(41) Pause Remark
[2025-11-06T12:03:54.993+0700][4.640s][info][gc          ] GC(41) Pause Remark 854M->854M(1436M) 0.657ms
[2025-11-06T12:03:54.993+0700][4.640s][info][gc,cpu      ] GC(41) User=0.00s Sys=0.00s Real=0.00s
[2025-11-06T12:03:54.993+0700][4.640s][info][gc,marking  ] GC(41) Concurrent Mark 3.575ms
[2025-11-06T12:03:54.993+0700][4.640s][info][gc,marking  ] GC(41) Concurrent Rebuild Remembered Sets
[2025-11-06T12:03:54.994+0700][4.641s][info][gc,marking  ] GC(41) Concurrent Rebuild Remembered Sets 1.140ms
[2025-11-06T12:03:55.005+0700][4.651s][info][gc,start    ] GC(41) Pause Cleanup
[2025-11-06T12:03:55.005+0700][4.651s][info][gc          ] GC(41) Pause Cleanup 866M->866M(1436M) 0.121ms
[2025-11-06T12:03:55.005+0700][4.651s][info][gc,cpu      ] GC(41) User=0.00s Sys=0.00s Real=0.00s
[2025-11-06T12:03:55.005+0700][4.651s][info][gc,marking  ] GC(41) Concurrent Cleanup for Next Mark
[2025-11-06T12:03:55.006+0700][4.653s][info][gc,marking  ] GC(41) Concurrent Cleanup for Next Mark 1.123ms
[2025-11-06T12:03:55.006+0700][4.653s][info][gc          ] GC(41) Concurrent Mark Cycle 16.651ms
[2025-11-06T12:03:55.009+0700][4.655s][info][gc,start    ] GC(42) Pause Young (Concurrent Start) (G1 Humongous Allocation)
[2025-11-06T12:03:55.009+0700][4.655s][info][gc,task     ] GC(42) Using 20 workers of 20 for evacuation
[2025-11-06T12:03:55.009+0700][4.656s][info][gc,phases   ] GC(42)   Pre Evacuate Collection Set: 0.1ms
[2025-11-06T12:03:55.009+0700][4.656s][info][gc,phases   ] GC(42)   Merge Heap Roots: 0.1ms
[2025-11-06T12:03:55.009+0700][4.656s][info][gc,phases   ] GC(42)   Evacuate Collection Set: 0.2ms
[2025-11-06T12:03:55.009+0700][4.656s][info][gc,phases   ] GC(42)   Post Evacuate Collection Set: 0.1ms
[2025-11-06T12:03:55.009+0700][4.656s][info][gc,phases   ] GC(42)   Other: 0.1ms
[2025-11-06T12:03:55.009+0700][4.656s][info][gc,heap     ] GC(42) Eden regions: 0->0(94)
[2025-11-06T12:03:55.009+0700][4.656s][info][gc,heap     ] GC(42) Survivor regions: 1->1(12)
[2025-11-06T12:03:55.009+0700][4.656s][info][gc,heap     ] GC(42) Old regions: 1->1
[2025-11-06T12:03:55.009+0700][4.656s][info][gc,heap     ] GC(42) Archive regions: 0->0
[2025-11-06T12:03:55.009+0700][4.656s][info][gc,heap     ] GC(42) Humongous regions: 219->219
[2025-11-06T12:03:55.009+0700][4.656s][info][gc,metaspace] GC(42) Metaspace: 9471K(9728K)->9471K(9728K) NonClass: 8331K(8448K)->8331K(8448K) Class: 1140K(1280K)->1140K(1280K)
[2025-11-06T12:03:55.009+0700][4.656s][info][gc          ] GC(42) Pause Young (Concurrent Start) (G1 Humongous Allocation) 878M->878M(1436M) 0.698ms
[2025-11-06T12:03:55.009+0700][4.656s][info][gc,cpu      ] GC(42) User=0.00s Sys=0.00s Real=0.00s
[2025-11-06T12:03:55.009+0700][4.656s][info][gc          ] GC(43) Concurrent Mark Cycle
[2025-11-06T12:03:55.009+0700][4.656s][info][gc,marking  ] GC(43) Concurrent Clear Claimed Marks
[2025-11-06T12:03:55.009+0700][4.656s][info][gc,marking  ] GC(43) Concurrent Clear Claimed Marks 0.006ms
[2025-11-06T12:03:55.009+0700][4.656s][info][gc,marking  ] GC(43) Concurrent Scan Root Regions
[2025-11-06T12:03:55.009+0700][4.656s][info][gc,marking  ] GC(43) Concurrent Scan Root Regions 0.029ms
[2025-11-06T12:03:55.009+0700][4.656s][info][gc,marking  ] GC(43) Concurrent Mark
[2025-11-06T12:03:55.009+0700][4.656s][info][gc,marking  ] GC(43) Concurrent Mark From Roots
[2025-11-06T12:03:55.009+0700][4.656s][info][gc,task     ] GC(43) Using 5 workers of 5 for marking
[2025-11-06T12:03:55.012+0700][4.659s][info][gc,marking  ] GC(43) Concurrent Mark From Roots 2.903ms
[2025-11-06T12:03:55.012+0700][4.659s][info][gc,marking  ] GC(43) Concurrent Preclean
[2025-11-06T12:03:55.012+0700][4.659s][info][gc,marking  ] GC(43) Concurrent Preclean 0.103ms
[2025-11-06T12:03:55.020+0700][4.666s][info][gc,start    ] GC(43) Pause Remark
[2025-11-06T12:03:55.020+0700][4.667s][info][gc          ] GC(43) Pause Remark 904M->904M(1520M) 0.641ms
[2025-11-06T12:03:55.020+0700][4.667s][info][gc,cpu      ] GC(43) User=0.00s Sys=0.00s Real=0.00s
[2025-11-06T12:03:55.020+0700][4.667s][info][gc,marking  ] GC(43) Concurrent Mark 10.858ms
[2025-11-06T12:03:55.020+0700][4.667s][info][gc,marking  ] GC(43) Concurrent Rebuild Remembered Sets
[2025-11-06T12:03:55.022+0700][4.669s][info][gc,marking  ] GC(43) Concurrent Rebuild Remembered Sets 1.622ms
[2025-11-06T12:03:55.036+0700][4.682s][info][gc,start    ] GC(43) Pause Cleanup
[2025-11-06T12:03:55.036+0700][4.682s][info][gc          ] GC(43) Pause Cleanup 916M->916M(1520M) 0.150ms
[2025-11-06T12:03:55.036+0700][4.682s][info][gc,cpu      ] GC(43) User=0.00s Sys=0.00s Real=0.00s
[2025-11-06T12:03:55.036+0700][4.682s][info][gc,marking  ] GC(43) Concurrent Cleanup for Next Mark
[2025-11-06T12:03:55.037+0700][4.684s][info][gc,marking  ] GC(43) Concurrent Cleanup for Next Mark 1.269ms
[2025-11-06T12:03:55.037+0700][4.684s][info][gc          ] GC(43) Concurrent Mark Cycle 27.795ms
[2025-11-06T12:03:55.040+0700][4.686s][info][gc,start    ] GC(44) Pause Young (Concurrent Start) (G1 Humongous Allocation)
[2025-11-06T12:03:55.040+0700][4.686s][info][gc,task     ] GC(44) Using 20 workers of 20 for evacuation
[2025-11-06T12:03:55.040+0700][4.687s][info][gc,phases   ] GC(44)   Pre Evacuate Collection Set: 0.0ms
[2025-11-06T12:03:55.040+0700][4.687s][info][gc,phases   ] GC(44)   Merge Heap Roots: 0.0ms
[2025-11-06T12:03:55.040+0700][4.687s][info][gc,phases   ] GC(44)   Evacuate Collection Set: 0.1ms
[2025-11-06T12:03:55.040+0700][4.687s][info][gc,phases   ] GC(44)   Post Evacuate Collection Set: 0.1ms
[2025-11-06T12:03:55.040+0700][4.687s][info][gc,phases   ] GC(44)   Other: 0.1ms
[2025-11-06T12:03:55.040+0700][4.687s][info][gc,heap     ] GC(44) Eden regions: 1->0(102)
[2025-11-06T12:03:55.040+0700][4.687s][info][gc,heap     ] GC(44) Survivor regions: 1->1(12)
[2025-11-06T12:03:55.040+0700][4.687s][info][gc,heap     ] GC(44) Old regions: 1->1
[2025-11-06T12:03:55.040+0700][4.687s][info][gc,heap     ] GC(44) Archive regions: 0->0
[2025-11-06T12:03:55.040+0700][4.687s][info][gc,heap     ] GC(44) Humongous regions: 231->231
[2025-11-06T12:03:55.040+0700][4.687s][info][gc,metaspace] GC(44) Metaspace: 9471K(9728K)->9471K(9728K) NonClass: 8331K(8448K)->8331K(8448K) Class: 1140K(1280K)->1140K(1280K)
[2025-11-06T12:03:55.040+0700][4.687s][info][gc          ] GC(44) Pause Young (Concurrent Start) (G1 Humongous Allocation) 928M->926M(1520M) 0.535ms
[2025-11-06T12:03:55.040+0700][4.687s][info][gc,cpu      ] GC(44) User=0.00s Sys=0.00s Real=0.00s
[2025-11-06T12:03:55.040+0700][4.687s][info][gc          ] GC(45) Concurrent Mark Cycle
[2025-11-06T12:03:55.040+0700][4.687s][info][gc,marking  ] GC(45) Concurrent Clear Claimed Marks
[2025-11-06T12:03:55.040+0700][4.687s][info][gc,marking  ] GC(45) Concurrent Clear Claimed Marks 0.007ms
[2025-11-06T12:03:55.040+0700][4.687s][info][gc,marking  ] GC(45) Concurrent Scan Root Regions
[2025-11-06T12:03:55.040+0700][4.687s][info][gc,marking  ] GC(45) Concurrent Scan Root Regions 0.033ms
[2025-11-06T12:03:55.040+0700][4.687s][info][gc,marking  ] GC(45) Concurrent Mark
[2025-11-06T12:03:55.040+0700][4.687s][info][gc,marking  ] GC(45) Concurrent Mark From Roots
[2025-11-06T12:03:55.040+0700][4.687s][info][gc,task     ] GC(45) Using 5 workers of 5 for marking
[2025-11-06T12:03:55.043+0700][4.689s][info][gc,marking  ] GC(45) Concurrent Mark From Roots 2.285ms
[2025-11-06T12:03:55.043+0700][4.689s][info][gc,marking  ] GC(45) Concurrent Preclean
[2025-11-06T12:03:55.043+0700][4.689s][info][gc,marking  ] GC(45) Concurrent Preclean 0.101ms
[2025-11-06T12:03:55.043+0700][4.690s][info][gc,start    ] GC(45) Pause Remark
[2025-11-06T12:03:55.044+0700][4.691s][info][gc          ] GC(45) Pause Remark 938M->938M(1576M) 0.593ms
[2025-11-06T12:03:55.044+0700][4.691s][info][gc,cpu      ] GC(45) User=0.00s Sys=0.00s Real=0.00s
[2025-11-06T12:03:55.044+0700][4.691s][info][gc,marking  ] GC(45) Concurrent Mark 3.504ms
[2025-11-06T12:03:55.044+0700][4.691s][info][gc,marking  ] GC(45) Concurrent Rebuild Remembered Sets
[2025-11-06T12:03:55.045+0700][4.692s][info][gc,marking  ] GC(45) Concurrent Rebuild Remembered Sets 1.022ms
[2025-11-06T12:03:55.051+0700][4.697s][info][gc,start    ] GC(45) Pause Cleanup
[2025-11-06T12:03:55.051+0700][4.697s][info][gc          ] GC(45) Pause Cleanup 950M->950M(1576M) 0.133ms
[2025-11-06T12:03:55.051+0700][4.697s][info][gc,cpu      ] GC(45) User=0.00s Sys=0.00s Real=0.00s
[2025-11-06T12:03:55.051+0700][4.697s][info][gc,marking  ] GC(45) Concurrent Cleanup for Next Mark
[2025-11-06T12:03:55.052+0700][4.699s][info][gc,marking  ] GC(45) Concurrent Cleanup for Next Mark 1.565ms
[2025-11-06T12:03:55.052+0700][4.699s][info][gc          ] GC(45) Concurrent Mark Cycle 12.066ms
[2025-11-06T12:03:55.560+0700][5.206s][info][gc,start    ] GC(46) Pause Young (Concurrent Start) (G1 Humongous Allocation)
[2025-11-06T12:03:55.560+0700][5.206s][info][gc,task     ] GC(46) Using 20 workers of 20 for evacuation
[2025-11-06T12:03:55.560+0700][5.207s][info][gc,phases   ] GC(46)   Pre Evacuate Collection Set: 0.1ms
[2025-11-06T12:03:55.560+0700][5.207s][info][gc,phases   ] GC(46)   Merge Heap Roots: 0.0ms
[2025-11-06T12:03:55.560+0700][5.207s][info][gc,phases   ] GC(46)   Evacuate Collection Set: 0.2ms
[2025-11-06T12:03:55.560+0700][5.207s][info][gc,phases   ] GC(46)   Post Evacuate Collection Set: 0.1ms
[2025-11-06T12:03:55.560+0700][5.207s][info][gc,phases   ] GC(46)   Other: 0.1ms
[2025-11-06T12:03:55.560+0700][5.207s][info][gc,heap     ] GC(46) Eden regions: 1->0(106)
[2025-11-06T12:03:55.560+0700][5.207s][info][gc,heap     ] GC(46) Survivor regions: 1->1(13)
[2025-11-06T12:03:55.560+0700][5.207s][info][gc,heap     ] GC(46) Old regions: 1->1
[2025-11-06T12:03:55.560+0700][5.207s][info][gc,heap     ] GC(46) Archive regions: 0->0
[2025-11-06T12:03:55.560+0700][5.207s][info][gc,heap     ] GC(46) Humongous regions: 240->240
[2025-11-06T12:03:55.560+0700][5.207s][info][gc,metaspace] GC(46) Metaspace: 9471K(9728K)->9471K(9728K) NonClass: 8331K(8448K)->8331K(8448K) Class: 1140K(1280K)->1140K(1280K)
[2025-11-06T12:03:55.560+0700][5.207s][info][gc          ] GC(46) Pause Young (Concurrent Start) (G1 Humongous Allocation) 964M->962M(1576M) 0.570ms
[2025-11-06T12:03:55.560+0700][5.207s][info][gc,cpu      ] GC(46) User=0.00s Sys=0.00s Real=0.00s
[2025-11-06T12:03:55.560+0700][5.207s][info][gc          ] GC(47) Concurrent Mark Cycle
[2025-11-06T12:03:55.560+0700][5.207s][info][gc,marking  ] GC(47) Concurrent Clear Claimed Marks
[2025-11-06T12:03:55.560+0700][5.207s][info][gc,marking  ] GC(47) Concurrent Clear Claimed Marks 0.008ms
[2025-11-06T12:03:55.560+0700][5.207s][info][gc,marking  ] GC(47) Concurrent Scan Root Regions
[2025-11-06T12:03:55.560+0700][5.207s][info][gc,marking  ] GC(47) Concurrent Scan Root Regions 0.023ms
[2025-11-06T12:03:55.560+0700][5.207s][info][gc,marking  ] GC(47) Concurrent Mark
[2025-11-06T12:03:55.560+0700][5.207s][info][gc,marking  ] GC(47) Concurrent Mark From Roots
[2025-11-06T12:03:55.560+0700][5.207s][info][gc,task     ] GC(47) Using 5 workers of 5 for marking
[2025-11-06T12:03:55.562+0700][5.209s][info][gc,marking  ] GC(47) Concurrent Mark From Roots 2.100ms
[2025-11-06T12:03:55.562+0700][5.209s][info][gc,marking  ] GC(47) Concurrent Preclean
[2025-11-06T12:03:55.563+0700][5.209s][info][gc,marking  ] GC(47) Concurrent Preclean 0.108ms
[2025-11-06T12:03:55.563+0700][5.209s][info][gc,start    ] GC(47) Pause Remark
[2025-11-06T12:03:55.564+0700][5.210s][info][gc          ] GC(47) Pause Remark 974M->974M(1636M) 0.739ms
[2025-11-06T12:03:55.564+0700][5.210s][info][gc,cpu      ] GC(47) User=0.00s Sys=0.00s Real=0.00s
[2025-11-06T12:03:55.564+0700][5.210s][info][gc,marking  ] GC(47) Concurrent Mark 3.445ms
[2025-11-06T12:03:55.564+0700][5.210s][info][gc,marking  ] GC(47) Concurrent Rebuild Remembered Sets
[2025-11-06T12:03:55.565+0700][5.211s][info][gc,marking  ] GC(47) Concurrent Rebuild Remembered Sets 1.051ms
[2025-11-06T12:03:55.575+0700][5.221s][info][gc,start    ] GC(47) Pause Cleanup
[2025-11-06T12:03:55.575+0700][5.221s][info][gc          ] GC(47) Pause Cleanup 986M->986M(1636M) 0.141ms
[2025-11-06T12:03:55.575+0700][5.221s][info][gc,cpu      ] GC(47) User=0.00s Sys=0.00s Real=0.00s
[2025-11-06T12:03:55.575+0700][5.221s][info][gc,marking  ] GC(47) Concurrent Cleanup for Next Mark
[2025-11-06T12:03:55.576+0700][5.223s][info][gc,marking  ] GC(47) Concurrent Cleanup for Next Mark 1.410ms
[2025-11-06T12:03:55.576+0700][5.223s][info][gc          ] GC(47) Concurrent Mark Cycle 15.955ms
[2025-11-06T12:03:55.578+0700][5.225s][info][gc,start    ] GC(48) Pause Young (Concurrent Start) (G1 Humongous Allocation)
[2025-11-06T12:03:55.578+0700][5.225s][info][gc,task     ] GC(48) Using 20 workers of 20 for evacuation
[2025-11-06T12:03:55.579+0700][5.225s][info][gc,phases   ] GC(48)   Pre Evacuate Collection Set: 0.1ms
[2025-11-06T12:03:55.579+0700][5.225s][info][gc,phases   ] GC(48)   Merge Heap Roots: 0.1ms
[2025-11-06T12:03:55.579+0700][5.225s][info][gc,phases   ] GC(48)   Evacuate Collection Set: 0.2ms
[2025-11-06T12:03:55.579+0700][5.225s][info][gc,phases   ] GC(48)   Post Evacuate Collection Set: 0.1ms
[2025-11-06T12:03:55.579+0700][5.225s][info][gc,phases   ] GC(48)   Other: 0.1ms
[2025-11-06T12:03:55.579+0700][5.225s][info][gc,heap     ] GC(48) Eden regions: 0->0(111)
[2025-11-06T12:03:55.579+0700][5.225s][info][gc,heap     ] GC(48) Survivor regions: 1->1(14)
[2025-11-06T12:03:55.579+0700][5.225s][info][gc,heap     ] GC(48) Old regions: 1->1
[2025-11-06T12:03:55.579+0700][5.225s][info][gc,heap     ] GC(48) Archive regions: 0->0
[2025-11-06T12:03:55.579+0700][5.225s][info][gc,heap     ] GC(48) Humongous regions: 249->249
[2025-11-06T12:03:55.579+0700][5.225s][info][gc,metaspace] GC(48) Metaspace: 9471K(9728K)->9471K(9728K) NonClass: 8331K(8448K)->8331K(8448K) Class: 1140K(1280K)->1140K(1280K)
[2025-11-06T12:03:55.579+0700][5.225s][info][gc          ] GC(48) Pause Young (Concurrent Start) (G1 Humongous Allocation) 998M->998M(1636M) 0.593ms
[2025-11-06T12:03:55.579+0700][5.225s][info][gc,cpu      ] GC(48) User=0.00s Sys=0.00s Real=0.00s
[2025-11-06T12:03:55.579+0700][5.225s][info][gc          ] GC(49) Concurrent Mark Cycle
[2025-11-06T12:03:55.579+0700][5.226s][info][gc,marking  ] GC(49) Concurrent Clear Claimed Marks
[2025-11-06T12:03:55.579+0700][5.226s][info][gc,marking  ] GC(49) Concurrent Clear Claimed Marks 0.009ms
[2025-11-06T12:03:55.579+0700][5.226s][info][gc,marking  ] GC(49) Concurrent Scan Root Regions
[2025-11-06T12:03:55.579+0700][5.226s][info][gc,marking  ] GC(49) Concurrent Scan Root Regions 0.043ms
[2025-11-06T12:03:55.579+0700][5.226s][info][gc,marking  ] GC(49) Concurrent Mark
[2025-11-06T12:03:55.579+0700][5.226s][info][gc,marking  ] GC(49) Concurrent Mark From Roots
[2025-11-06T12:03:55.579+0700][5.226s][info][gc,task     ] GC(49) Using 5 workers of 5 for marking
[2025-11-06T12:03:55.582+0700][5.228s][info][gc,marking  ] GC(49) Concurrent Mark From Roots 2.838ms
[2025-11-06T12:03:55.582+0700][5.228s][info][gc,marking  ] GC(49) Concurrent Preclean
[2025-11-06T12:03:55.582+0700][5.229s][info][gc,marking  ] GC(49) Concurrent Preclean 0.104ms
[2025-11-06T12:03:55.590+0700][5.236s][info][gc,start    ] GC(49) Pause Remark
[2025-11-06T12:03:55.591+0700][5.237s][info][gc          ] GC(49) Pause Remark 1022M->1022M(1716M) 1.024ms
[2025-11-06T12:03:55.591+0700][5.237s][info][gc,cpu      ] GC(49) User=0.00s Sys=0.00s Real=0.00s
[2025-11-06T12:03:55.591+0700][5.237s][info][gc,marking  ] GC(49) Concurrent Mark 11.529ms
[2025-11-06T12:03:55.591+0700][5.237s][info][gc,marking  ] GC(49) Concurrent Rebuild Remembered Sets
[2025-11-06T12:03:55.592+0700][5.238s][info][gc,marking  ] GC(49) Concurrent Rebuild Remembered Sets 1.268ms
[2025-11-06T12:03:55.605+0700][5.251s][info][gc,start    ] GC(49) Pause Cleanup
[2025-11-06T12:03:55.605+0700][5.252s][info][gc          ] GC(49) Pause Cleanup 1034M->1034M(1716M) 0.112ms
[2025-11-06T12:03:55.605+0700][5.252s][info][gc,cpu      ] GC(49) User=0.00s Sys=0.00s Real=0.00s
[2025-11-06T12:03:55.605+0700][5.252s][info][gc,marking  ] GC(49) Concurrent Cleanup for Next Mark
[2025-11-06T12:03:55.606+0700][5.253s][info][gc,marking  ] GC(49) Concurrent Cleanup for Next Mark 1.662ms
[2025-11-06T12:03:55.606+0700][5.253s][info][gc          ] GC(49) Concurrent Mark Cycle 27.797ms
[2025-11-06T12:03:55.610+0700][5.256s][info][gc,start    ] GC(50) Pause Young (Concurrent Start) (G1 Humongous Allocation)
[2025-11-06T12:03:55.610+0700][5.256s][info][gc,task     ] GC(50) Using 20 workers of 20 for evacuation
[2025-11-06T12:03:55.610+0700][5.256s][info][gc,phases   ] GC(50)   Pre Evacuate Collection Set: 0.1ms
[2025-11-06T12:03:55.610+0700][5.256s][info][gc,phases   ] GC(50)   Merge Heap Roots: 0.0ms
[2025-11-06T12:03:55.610+0700][5.256s][info][gc,phases   ] GC(50)   Evacuate Collection Set: 0.2ms
[2025-11-06T12:03:55.610+0700][5.256s][info][gc,phases   ] GC(50)   Post Evacuate Collection Set: 0.1ms
[2025-11-06T12:03:55.610+0700][5.257s][info][gc,phases   ] GC(50)   Other: 0.2ms
[2025-11-06T12:03:55.610+0700][5.257s][info][gc,heap     ] GC(50) Eden regions: 0->0(117)
[2025-11-06T12:03:55.610+0700][5.257s][info][gc,heap     ] GC(50) Survivor regions: 1->1(14)
[2025-11-06T12:03:55.610+0700][5.257s][info][gc,heap     ] GC(50) Old regions: 1->1
[2025-11-06T12:03:55.611+0700][5.257s][info][gc,heap     ] GC(50) Archive regions: 0->0
[2025-11-06T12:03:55.611+0700][5.257s][info][gc,heap     ] GC(50) Humongous regions: 261->261
[2025-11-06T12:03:55.611+0700][5.257s][info][gc,metaspace] GC(50) Metaspace: 9471K(9728K)->9471K(9728K) NonClass: 8331K(8448K)->8331K(8448K) Class: 1140K(1280K)->1140K(1280K)
[2025-11-06T12:03:55.611+0700][5.257s][info][gc          ] GC(50) Pause Young (Concurrent Start) (G1 Humongous Allocation) 1046M->1046M(1716M) 0.617ms
[2025-11-06T12:03:55.611+0700][5.257s][info][gc,cpu      ] GC(50) User=0.00s Sys=0.00s Real=0.00s
[2025-11-06T12:03:55.611+0700][5.257s][info][gc          ] GC(51) Concurrent Mark Cycle
[2025-11-06T12:03:55.611+0700][5.257s][info][gc,marking  ] GC(51) Concurrent Clear Claimed Marks
[2025-11-06T12:03:55.611+0700][5.257s][info][gc,marking  ] GC(51) Concurrent Clear Claimed Marks 0.007ms
[2025-11-06T12:03:55.611+0700][5.257s][info][gc,marking  ] GC(51) Concurrent Scan Root Regions
[2025-11-06T12:03:55.611+0700][5.257s][info][gc,marking  ] GC(51) Concurrent Scan Root Regions 0.036ms
[2025-11-06T12:03:55.611+0700][5.257s][info][gc,marking  ] GC(51) Concurrent Mark
[2025-11-06T12:03:55.611+0700][5.257s][info][gc,marking  ] GC(51) Concurrent Mark From Roots
[2025-11-06T12:03:55.611+0700][5.257s][info][gc,task     ] GC(51) Using 5 workers of 5 for marking
[2025-11-06T12:03:55.613+0700][5.260s][info][gc,marking  ] GC(51) Concurrent Mark From Roots 3.320ms
[2025-11-06T12:03:55.614+0700][5.260s][info][gc,marking  ] GC(51) Concurrent Preclean
[2025-11-06T12:03:55.614+0700][5.260s][info][gc,marking  ] GC(51) Concurrent Preclean 0.103ms
[2025-11-06T12:03:55.621+0700][5.267s][info][gc,start    ] GC(51) Pause Remark
[2025-11-06T12:03:55.621+0700][5.268s][info][gc          ] GC(51) Pause Remark 1070M->1070M(1796M) 0.784ms
[2025-11-06T12:03:55.621+0700][5.268s][info][gc,cpu      ] GC(51) User=0.00s Sys=0.00s Real=0.00s
[2025-11-06T12:03:55.621+0700][5.268s][info][gc,marking  ] GC(51) Concurrent Mark 11.320ms
[2025-11-06T12:03:55.621+0700][5.268s][info][gc,marking  ] GC(51) Concurrent Rebuild Remembered Sets
[2025-11-06T12:03:55.623+0700][5.269s][info][gc,marking  ] GC(51) Concurrent Rebuild Remembered Sets 1.100ms
[2025-11-06T12:03:55.636+0700][5.282s][info][gc,start    ] GC(51) Pause Cleanup
[2025-11-06T12:03:55.636+0700][5.282s][info][gc          ] GC(51) Pause Cleanup 1082M->1082M(1796M) 0.189ms
[2025-11-06T12:03:55.636+0700][5.282s][info][gc,cpu      ] GC(51) User=0.00s Sys=0.00s Real=0.00s
[2025-11-06T12:03:55.636+0700][5.282s][info][gc,marking  ] GC(51) Concurrent Cleanup for Next Mark
[2025-11-06T12:03:55.637+0700][5.284s][info][gc,marking  ] GC(51) Concurrent Cleanup for Next Mark 1.432ms
[2025-11-06T12:03:55.637+0700][5.284s][info][gc          ] GC(51) Concurrent Mark Cycle 27.264ms
[2025-11-06T12:03:56.144+0700][5.790s][info][gc,start    ] GC(52) Pause Young (Concurrent Start) (G1 Humongous Allocation)
[2025-11-06T12:03:56.144+0700][5.790s][info][gc,task     ] GC(52) Using 20 workers of 20 for evacuation
[2025-11-06T12:03:56.144+0700][5.790s][info][gc,phases   ] GC(52)   Pre Evacuate Collection Set: 0.1ms
[2025-11-06T12:03:56.144+0700][5.791s][info][gc,phases   ] GC(52)   Merge Heap Roots: 0.0ms
[2025-11-06T12:03:56.144+0700][5.791s][info][gc,phases   ] GC(52)   Evacuate Collection Set: 0.1ms
[2025-11-06T12:03:56.144+0700][5.791s][info][gc,phases   ] GC(52)   Post Evacuate Collection Set: 0.1ms
[2025-11-06T12:03:56.144+0700][5.791s][info][gc,phases   ] GC(52)   Other: 0.2ms
[2025-11-06T12:03:56.144+0700][5.791s][info][gc,heap     ] GC(52) Eden regions: 1->0(127)
[2025-11-06T12:03:56.144+0700][5.791s][info][gc,heap     ] GC(52) Survivor regions: 1->1(15)
[2025-11-06T12:03:56.144+0700][5.791s][info][gc,heap     ] GC(52) Old regions: 1->1
[2025-11-06T12:03:56.144+0700][5.791s][info][gc,heap     ] GC(52) Archive regions: 0->0
[2025-11-06T12:03:56.144+0700][5.791s][info][gc,heap     ] GC(52) Humongous regions: 270->270
[2025-11-06T12:03:56.144+0700][5.791s][info][gc,metaspace] GC(52) Metaspace: 9471K(9728K)->9471K(9728K) NonClass: 8331K(8448K)->8331K(8448K) Class: 1140K(1280K)->1140K(1280K)
[2025-11-06T12:03:56.144+0700][5.791s][info][gc          ] GC(52) Pause Young (Concurrent Start) (G1 Humongous Allocation) 1084M->1082M(1796M) 0.584ms
[2025-11-06T12:03:56.144+0700][5.791s][info][gc,cpu      ] GC(52) User=0.00s Sys=0.00s Real=0.00s
[2025-11-06T12:03:56.144+0700][5.791s][info][gc          ] GC(53) Concurrent Mark Cycle
[2025-11-06T12:03:56.144+0700][5.791s][info][gc,marking  ] GC(53) Concurrent Clear Claimed Marks
[2025-11-06T12:03:56.144+0700][5.791s][info][gc,marking  ] GC(53) Concurrent Clear Claimed Marks 0.021ms
[2025-11-06T12:03:56.144+0700][5.791s][info][gc,marking  ] GC(53) Concurrent Scan Root Regions
[2025-11-06T12:03:56.144+0700][5.791s][info][gc,marking  ] GC(53) Concurrent Scan Root Regions 0.030ms
[2025-11-06T12:03:56.144+0700][5.791s][info][gc,marking  ] GC(53) Concurrent Mark
[2025-11-06T12:03:56.144+0700][5.791s][info][gc,marking  ] GC(53) Concurrent Mark From Roots
[2025-11-06T12:03:56.144+0700][5.791s][info][gc,task     ] GC(53) Using 5 workers of 5 for marking
[2025-11-06T12:03:56.147+0700][5.793s][info][gc,marking  ] GC(53) Concurrent Mark From Roots 2.485ms
[2025-11-06T12:03:56.147+0700][5.793s][info][gc,marking  ] GC(53) Concurrent Preclean
[2025-11-06T12:03:56.147+0700][5.793s][info][gc,marking  ] GC(53) Concurrent Preclean 0.102ms
[2025-11-06T12:03:56.160+0700][5.806s][info][gc,start    ] GC(53) Pause Remark
[2025-11-06T12:03:56.161+0700][5.807s][info][gc          ] GC(53) Pause Remark 1106M->1106M(1856M) 0.615ms
[2025-11-06T12:03:56.161+0700][5.807s][info][gc,cpu      ] GC(53) User=0.00s Sys=0.00s Real=0.00s
[2025-11-06T12:03:56.161+0700][5.807s][info][gc,marking  ] GC(53) Concurrent Mark 15.883ms
[2025-11-06T12:03:56.161+0700][5.807s][info][gc,marking  ] GC(53) Concurrent Rebuild Remembered Sets
[2025-11-06T12:03:56.161+0700][5.808s][info][gc,marking  ] GC(53) Concurrent Rebuild Remembered Sets 1.106ms
[2025-11-06T12:03:56.175+0700][5.821s][info][gc,start    ] GC(53) Pause Cleanup
[2025-11-06T12:03:56.175+0700][5.821s][info][gc          ] GC(53) Pause Cleanup 1118M->1118M(1856M) 0.140ms
[2025-11-06T12:03:56.175+0700][5.821s][info][gc,cpu      ] GC(53) User=0.00s Sys=0.00s Real=0.00s
[2025-11-06T12:03:56.175+0700][5.821s][info][gc,marking  ] GC(53) Concurrent Cleanup for Next Mark
[2025-11-06T12:03:56.177+0700][5.823s][info][gc,marking  ] GC(53) Concurrent Cleanup for Next Mark 1.864ms
[2025-11-06T12:03:56.177+0700][5.823s][info][gc          ] GC(53) Concurrent Mark Cycle 32.534ms
[2025-11-06T12:03:56.179+0700][5.825s][info][gc,start    ] GC(54) Pause Young (Concurrent Start) (G1 Humongous Allocation)
[2025-11-06T12:03:56.179+0700][5.825s][info][gc,task     ] GC(54) Using 20 workers of 20 for evacuation
[2025-11-06T12:03:56.179+0700][5.826s][info][gc,phases   ] GC(54)   Pre Evacuate Collection Set: 0.1ms
[2025-11-06T12:03:56.179+0700][5.826s][info][gc,phases   ] GC(54)   Merge Heap Roots: 0.0ms
[2025-11-06T12:03:56.179+0700][5.826s][info][gc,phases   ] GC(54)   Evacuate Collection Set: 0.2ms
[2025-11-06T12:03:56.179+0700][5.826s][info][gc,phases   ] GC(54)   Post Evacuate Collection Set: 0.1ms
[2025-11-06T12:03:56.179+0700][5.826s][info][gc,phases   ] GC(54)   Other: 0.1ms
[2025-11-06T12:03:56.179+0700][5.826s][info][gc,heap     ] GC(54) Eden regions: 0->0(128)
[2025-11-06T12:03:56.179+0700][5.826s][info][gc,heap     ] GC(54) Survivor regions: 1->1(16)
[2025-11-06T12:03:56.179+0700][5.826s][info][gc,heap     ] GC(54) Old regions: 1->1
[2025-11-06T12:03:56.179+0700][5.826s][info][gc,heap     ] GC(54) Archive regions: 0->0
[2025-11-06T12:03:56.179+0700][5.826s][info][gc,heap     ] GC(54) Humongous regions: 282->282
[2025-11-06T12:03:56.179+0700][5.826s][info][gc,metaspace] GC(54) Metaspace: 9471K(9728K)->9471K(9728K) NonClass: 8331K(8448K)->8331K(8448K) Class: 1140K(1280K)->1140K(1280K)
[2025-11-06T12:03:56.179+0700][5.826s][info][gc          ] GC(54) Pause Young (Concurrent Start) (G1 Humongous Allocation) 1130M->1130M(1856M) 0.604ms
[2025-11-06T12:03:56.179+0700][5.826s][info][gc,cpu      ] GC(54) User=0.00s Sys=0.00s Real=0.00s
[2025-11-06T12:03:56.179+0700][5.826s][info][gc          ] GC(55) Concurrent Mark Cycle
[2025-11-06T12:03:56.180+0700][5.826s][info][gc,marking  ] GC(55) Concurrent Clear Claimed Marks
[2025-11-06T12:03:56.180+0700][5.826s][info][gc,marking  ] GC(55) Concurrent Clear Claimed Marks 0.044ms
[2025-11-06T12:03:56.180+0700][5.826s][info][gc,marking  ] GC(55) Concurrent Scan Root Regions
[2025-11-06T12:03:56.180+0700][5.826s][info][gc,marking  ] GC(55) Concurrent Scan Root Regions 0.046ms
[2025-11-06T12:03:56.180+0700][5.826s][info][gc,marking  ] GC(55) Concurrent Mark
[2025-11-06T12:03:56.180+0700][5.826s][info][gc,marking  ] GC(55) Concurrent Mark From Roots
[2025-11-06T12:03:56.180+0700][5.826s][info][gc,task     ] GC(55) Using 5 workers of 5 for marking
[2025-11-06T12:03:56.182+0700][5.828s][info][gc,marking  ] GC(55) Concurrent Mark From Roots 2.220ms
[2025-11-06T12:03:56.182+0700][5.828s][info][gc,marking  ] GC(55) Concurrent Preclean
[2025-11-06T12:03:56.182+0700][5.828s][info][gc,marking  ] GC(55) Concurrent Preclean 0.105ms
[2025-11-06T12:03:56.190+0700][5.836s][info][gc,start    ] GC(55) Pause Remark
[2025-11-06T12:03:56.191+0700][5.837s][info][gc          ] GC(55) Pause Remark 1142M->1142M(1916M) 0.729ms
[2025-11-06T12:03:56.191+0700][5.837s][info][gc,cpu      ] GC(55) User=0.00s Sys=0.00s Real=0.00s
[2025-11-06T12:03:56.191+0700][5.837s][info][gc,marking  ] GC(55) Concurrent Mark 10.765ms
[2025-11-06T12:03:56.191+0700][5.837s][info][gc,marking  ] GC(55) Concurrent Rebuild Remembered Sets
[2025-11-06T12:03:56.191+0700][5.838s][info][gc,marking  ] GC(55) Concurrent Rebuild Remembered Sets 1.137ms
[2025-11-06T12:03:56.206+0700][5.852s][info][gc,start    ] GC(55) Pause Cleanup
[2025-11-06T12:03:56.206+0700][5.852s][info][gc          ] GC(55) Pause Cleanup 1154M->1154M(1916M) 0.118ms
[2025-11-06T12:03:56.206+0700][5.852s][info][gc,cpu      ] GC(55) User=0.00s Sys=0.00s Real=0.00s
[2025-11-06T12:03:56.206+0700][5.852s][info][gc,marking  ] GC(55) Concurrent Cleanup for Next Mark
[2025-11-06T12:03:56.207+0700][5.853s][info][gc,marking  ] GC(55) Concurrent Cleanup for Next Mark 1.463ms
[2025-11-06T12:03:56.207+0700][5.853s][info][gc          ] GC(55) Concurrent Mark Cycle 27.267ms
[2025-11-06T12:03:56.210+0700][5.856s][info][gc,start    ] GC(56) Pause Young (Concurrent Start) (G1 Humongous Allocation)
[2025-11-06T12:03:56.210+0700][5.856s][info][gc,task     ] GC(56) Using 20 workers of 20 for evacuation
[2025-11-06T12:03:56.211+0700][5.857s][info][gc,phases   ] GC(56)   Pre Evacuate Collection Set: 0.1ms
[2025-11-06T12:03:56.211+0700][5.857s][info][gc,phases   ] GC(56)   Merge Heap Roots: 0.0ms
[2025-11-06T12:03:56.211+0700][5.857s][info][gc,phases   ] GC(56)   Evacuate Collection Set: 0.2ms
[2025-11-06T12:03:56.211+0700][5.857s][info][gc,phases   ] GC(56)   Post Evacuate Collection Set: 0.1ms
[2025-11-06T12:03:56.211+0700][5.857s][info][gc,phases   ] GC(56)   Other: 0.2ms
[2025-11-06T12:03:56.211+0700][5.857s][info][gc,heap     ] GC(56) Eden regions: 0->0(132)
[2025-11-06T12:03:56.211+0700][5.857s][info][gc,heap     ] GC(56) Survivor regions: 1->1(17)
[2025-11-06T12:03:56.211+0700][5.857s][info][gc,heap     ] GC(56) Old regions: 1->1
[2025-11-06T12:03:56.211+0700][5.857s][info][gc,heap     ] GC(56) Archive regions: 0->0
[2025-11-06T12:03:56.211+0700][5.857s][info][gc,heap     ] GC(56) Humongous regions: 291->291
[2025-11-06T12:03:56.211+0700][5.857s][info][gc,metaspace] GC(56) Metaspace: 9471K(9728K)->9471K(9728K) NonClass: 8331K(8448K)->8331K(8448K) Class: 1140K(1280K)->1140K(1280K)
[2025-11-06T12:03:56.211+0700][5.857s][info][gc          ] GC(56) Pause Young (Concurrent Start) (G1 Humongous Allocation) 1166M->1166M(1916M) 0.637ms
[2025-11-06T12:03:56.211+0700][5.857s][info][gc,cpu      ] GC(56) User=0.00s Sys=0.00s Real=0.00s
[2025-11-06T12:03:56.211+0700][5.857s][info][gc          ] GC(57) Concurrent Mark Cycle
[2025-11-06T12:03:56.211+0700][5.857s][info][gc,marking  ] GC(57) Concurrent Clear Claimed Marks
[2025-11-06T12:03:56.211+0700][5.857s][info][gc,marking  ] GC(57) Concurrent Clear Claimed Marks 0.006ms
[2025-11-06T12:03:56.211+0700][5.857s][info][gc,marking  ] GC(57) Concurrent Scan Root Regions
[2025-11-06T12:03:56.211+0700][5.857s][info][gc,marking  ] GC(57) Concurrent Scan Root Regions 0.032ms
[2025-11-06T12:03:56.211+0700][5.857s][info][gc,marking  ] GC(57) Concurrent Mark
[2025-11-06T12:03:56.211+0700][5.857s][info][gc,marking  ] GC(57) Concurrent Mark From Roots
[2025-11-06T12:03:56.211+0700][5.857s][info][gc,task     ] GC(57) Using 5 workers of 5 for marking
[2025-11-06T12:03:56.213+0700][5.859s][info][gc,marking  ] GC(57) Concurrent Mark From Roots 2.363ms
[2025-11-06T12:03:56.213+0700][5.859s][info][gc,marking  ] GC(57) Concurrent Preclean
[2025-11-06T12:03:56.213+0700][5.859s][info][gc,marking  ] GC(57) Concurrent Preclean 0.105ms
[2025-11-06T12:03:56.214+0700][5.860s][info][gc,start    ] GC(57) Pause Remark
[2025-11-06T12:03:56.214+0700][5.861s][info][gc          ] GC(57) Pause Remark 1178M->1178M(1976M) 0.514ms
[2025-11-06T12:03:56.214+0700][5.861s][info][gc,cpu      ] GC(57) User=0.00s Sys=0.00s Real=0.00s
[2025-11-06T12:03:56.214+0700][5.861s][info][gc,marking  ] GC(57) Concurrent Mark 3.919ms
[2025-11-06T12:03:56.214+0700][5.861s][info][gc,marking  ] GC(57) Concurrent Rebuild Remembered Sets
[2025-11-06T12:03:56.215+0700][5.862s][info][gc,marking  ] GC(57) Concurrent Rebuild Remembered Sets 1.023ms
[2025-11-06T12:03:56.221+0700][5.867s][info][gc,start    ] GC(57) Pause Cleanup
[2025-11-06T12:03:56.221+0700][5.867s][info][gc          ] GC(57) Pause Cleanup 1190M->1190M(1976M) 0.165ms
[2025-11-06T12:03:56.221+0700][5.867s][info][gc,cpu      ] GC(57) User=0.00s Sys=0.00s Real=0.00s
[2025-11-06T12:03:56.221+0700][5.867s][info][gc,marking  ] GC(57) Concurrent Cleanup for Next Mark
[2025-11-06T12:03:56.222+0700][5.869s][info][gc,marking  ] GC(57) Concurrent Cleanup for Next Mark 1.494ms
[2025-11-06T12:03:56.222+0700][5.869s][info][gc          ] GC(57) Concurrent Mark Cycle 12.201ms
[2025-11-06T12:03:56.732+0700][6.378s][info][gc,start    ] GC(58) Pause Young (Concurrent Start) (G1 Humongous Allocation)
[2025-11-06T12:03:56.732+0700][6.378s][info][gc,task     ] GC(58) Using 20 workers of 20 for evacuation
[2025-11-06T12:03:56.732+0700][6.379s][info][gc,phases   ] GC(58)   Pre Evacuate Collection Set: 0.1ms
[2025-11-06T12:03:56.732+0700][6.379s][info][gc,phases   ] GC(58)   Merge Heap Roots: 0.1ms
[2025-11-06T12:03:56.732+0700][6.379s][info][gc,phases   ] GC(58)   Evacuate Collection Set: 0.1ms
[2025-11-06T12:03:56.732+0700][6.379s][info][gc,phases   ] GC(58)   Post Evacuate Collection Set: 0.1ms
[2025-11-06T12:03:56.732+0700][6.379s][info][gc,phases   ] GC(58)   Other: 0.2ms
[2025-11-06T12:03:56.732+0700][6.379s][info][gc,heap     ] GC(58) Eden regions: 1->0(137)
[2025-11-06T12:03:56.732+0700][6.379s][info][gc,heap     ] GC(58) Survivor regions: 1->1(17)
[2025-11-06T12:03:56.732+0700][6.379s][info][gc,heap     ] GC(58) Old regions: 1->1
[2025-11-06T12:03:56.732+0700][6.379s][info][gc,heap     ] GC(58) Archive regions: 0->0
[2025-11-06T12:03:56.732+0700][6.379s][info][gc,heap     ] GC(58) Humongous regions: 300->300
[2025-11-06T12:03:56.732+0700][6.379s][info][gc,metaspace] GC(58) Metaspace: 9471K(9728K)->9471K(9728K) NonClass: 8331K(8448K)->8331K(8448K) Class: 1140K(1280K)->1140K(1280K)
[2025-11-06T12:03:56.732+0700][6.379s][info][gc          ] GC(58) Pause Young (Concurrent Start) (G1 Humongous Allocation) 1204M->1202M(1976M) 0.595ms
[2025-11-06T12:03:56.732+0700][6.379s][info][gc,cpu      ] GC(58) User=0.00s Sys=0.00s Real=0.00s
[2025-11-06T12:03:56.732+0700][6.379s][info][gc          ] GC(59) Concurrent Mark Cycle
[2025-11-06T12:03:56.732+0700][6.379s][info][gc,marking  ] GC(59) Concurrent Clear Claimed Marks
[2025-11-06T12:03:56.732+0700][6.379s][info][gc,marking  ] GC(59) Concurrent Clear Claimed Marks 0.009ms
[2025-11-06T12:03:56.732+0700][6.379s][info][gc,marking  ] GC(59) Concurrent Scan Root Regions
[2025-11-06T12:03:56.732+0700][6.379s][info][gc,marking  ] GC(59) Concurrent Scan Root Regions 0.028ms
[2025-11-06T12:03:56.732+0700][6.379s][info][gc,marking  ] GC(59) Concurrent Mark
[2025-11-06T12:03:56.732+0700][6.379s][info][gc,marking  ] GC(59) Concurrent Mark From Roots
[2025-11-06T12:03:56.732+0700][6.379s][info][gc,task     ] GC(59) Using 5 workers of 5 for marking
[2025-11-06T12:03:56.735+0700][6.381s][info][gc,marking  ] GC(59) Concurrent Mark From Roots 2.432ms
[2025-11-06T12:03:56.735+0700][6.381s][info][gc,marking  ] GC(59) Concurrent Preclean
[2025-11-06T12:03:56.735+0700][6.381s][info][gc,marking  ] GC(59) Concurrent Preclean 0.107ms
[2025-11-06T12:03:56.736+0700][6.382s][info][gc,start    ] GC(59) Pause Remark
[2025-11-06T12:03:56.736+0700][6.383s][info][gc          ] GC(59) Pause Remark 1214M->1214M(2036M) 0.620ms
[2025-11-06T12:03:56.736+0700][6.383s][info][gc,cpu      ] GC(59) User=0.00s Sys=0.00s Real=0.00s
[2025-11-06T12:03:56.737+0700][6.383s][info][gc,marking  ] GC(59) Concurrent Mark 4.149ms
[2025-11-06T12:03:56.737+0700][6.383s][info][gc,marking  ] GC(59) Concurrent Rebuild Remembered Sets
[2025-11-06T12:03:56.738+0700][6.384s][info][gc,marking  ] GC(59) Concurrent Rebuild Remembered Sets 1.500ms
[2025-11-06T12:03:56.747+0700][6.393s][info][gc,start    ] GC(59) Pause Cleanup
[2025-11-06T12:03:56.747+0700][6.393s][info][gc          ] GC(59) Pause Cleanup 1226M->1226M(2036M) 0.140ms
[2025-11-06T12:03:56.747+0700][6.393s][info][gc,cpu      ] GC(59) User=0.00s Sys=0.00s Real=0.00s
[2025-11-06T12:03:56.747+0700][6.393s][info][gc,marking  ] GC(59) Concurrent Cleanup for Next Mark
[2025-11-06T12:03:56.748+0700][6.395s][info][gc,marking  ] GC(59) Concurrent Cleanup for Next Mark 1.707ms
[2025-11-06T12:03:56.749+0700][6.395s][info][gc          ] GC(59) Concurrent Mark Cycle 16.250ms
[2025-11-06T12:03:56.751+0700][6.398s][info][gc,start    ] GC(60) Pause Young (Concurrent Start) (G1 Humongous Allocation)
[2025-11-06T12:03:56.751+0700][6.398s][info][gc,task     ] GC(60) Using 20 workers of 20 for evacuation
[2025-11-06T12:03:56.752+0700][6.399s][info][gc,phases   ] GC(60)   Pre Evacuate Collection Set: 0.1ms
[2025-11-06T12:03:56.752+0700][6.399s][info][gc,phases   ] GC(60)   Merge Heap Roots: 0.1ms
[2025-11-06T12:03:56.752+0700][6.399s][info][gc,phases   ] GC(60)   Evacuate Collection Set: 0.3ms
[2025-11-06T12:03:56.752+0700][6.399s][info][gc,phases   ] GC(60)   Post Evacuate Collection Set: 0.1ms
[2025-11-06T12:03:56.752+0700][6.399s][info][gc,phases   ] GC(60)   Other: 0.3ms
[2025-11-06T12:03:56.752+0700][6.399s][info][gc,heap     ] GC(60) Eden regions: 0->0(142)
[2025-11-06T12:03:56.752+0700][6.399s][info][gc,heap     ] GC(60) Survivor regions: 1->1(18)
[2025-11-06T12:03:56.752+0700][6.399s][info][gc,heap     ] GC(60) Old regions: 1->1
[2025-11-06T12:03:56.752+0700][6.399s][info][gc,heap     ] GC(60) Archive regions: 0->0
[2025-11-06T12:03:56.752+0700][6.399s][info][gc,heap     ] GC(60) Humongous regions: 309->309
[2025-11-06T12:03:56.752+0700][6.399s][info][gc,metaspace] GC(60) Metaspace: 9471K(9728K)->9471K(9728K) NonClass: 8331K(8448K)->8331K(8448K) Class: 1140K(1280K)->1140K(1280K)
[2025-11-06T12:03:56.752+0700][6.399s][info][gc          ] GC(60) Pause Young (Concurrent Start) (G1 Humongous Allocation) 1238M->1238M(2036M) 0.976ms
[2025-11-06T12:03:56.752+0700][6.399s][info][gc,cpu      ] GC(60) User=0.00s Sys=0.00s Real=0.00s
[2025-11-06T12:03:56.752+0700][6.399s][info][gc          ] GC(61) Concurrent Mark Cycle
[2025-11-06T12:03:56.752+0700][6.399s][info][gc,marking  ] GC(61) Concurrent Clear Claimed Marks
[2025-11-06T12:03:56.752+0700][6.399s][info][gc,marking  ] GC(61) Concurrent Clear Claimed Marks 0.016ms
[2025-11-06T12:03:56.752+0700][6.399s][info][gc,marking  ] GC(61) Concurrent Scan Root Regions
[2025-11-06T12:03:56.752+0700][6.399s][info][gc,marking  ] GC(61) Concurrent Scan Root Regions 0.053ms
[2025-11-06T12:03:56.752+0700][6.399s][info][gc,marking  ] GC(61) Concurrent Mark
[2025-11-06T12:03:56.752+0700][6.399s][info][gc,marking  ] GC(61) Concurrent Mark From Roots
[2025-11-06T12:03:56.752+0700][6.399s][info][gc,task     ] GC(61) Using 5 workers of 5 for marking
[2025-11-06T12:03:56.755+0700][6.401s][info][gc,marking  ] GC(61) Concurrent Mark From Roots 2.317ms
[2025-11-06T12:03:56.755+0700][6.401s][info][gc,marking  ] GC(61) Concurrent Preclean
[2025-11-06T12:03:56.755+0700][6.401s][info][gc,marking  ] GC(61) Concurrent Preclean 0.103ms
[2025-11-06T12:03:56.755+0700][6.402s][info][gc,start    ] GC(61) Pause Remark
[2025-11-06T12:03:56.756+0700][6.402s][info][gc          ] GC(61) Pause Remark 1250M->1250M(2096M) 0.653ms
[2025-11-06T12:03:56.756+0700][6.402s][info][gc,cpu      ] GC(61) User=0.00s Sys=0.00s Real=0.00s
[2025-11-06T12:03:56.756+0700][6.402s][info][gc,marking  ] GC(61) Concurrent Mark 3.440ms
[2025-11-06T12:03:56.756+0700][6.402s][info][gc,marking  ] GC(61) Concurrent Rebuild Remembered Sets
[2025-11-06T12:03:56.757+0700][6.403s][info][gc,marking  ] GC(61) Concurrent Rebuild Remembered Sets 1.021ms
[2025-11-06T12:03:56.762+0700][6.408s][info][gc,start    ] GC(61) Pause Cleanup
[2025-11-06T12:03:56.762+0700][6.408s][info][gc          ] GC(61) Pause Cleanup 1262M->1262M(2096M) 0.168ms
[2025-11-06T12:03:56.762+0700][6.408s][info][gc,cpu      ] GC(61) User=0.00s Sys=0.00s Real=0.00s
[2025-11-06T12:03:56.762+0700][6.408s][info][gc,marking  ] GC(61) Concurrent Cleanup for Next Mark
[2025-11-06T12:03:56.763+0700][6.410s][info][gc,marking  ] GC(61) Concurrent Cleanup for Next Mark 1.580ms
[2025-11-06T12:03:56.763+0700][6.410s][info][gc          ] GC(61) Concurrent Mark Cycle 11.123ms
[2025-11-06T12:03:56.766+0700][6.413s][info][gc,start    ] GC(62) Pause Young (Concurrent Start) (G1 Humongous Allocation)
[2025-11-06T12:03:56.766+0700][6.413s][info][gc,task     ] GC(62) Using 20 workers of 20 for evacuation
[2025-11-06T12:03:56.767+0700][6.413s][info][gc,phases   ] GC(62)   Pre Evacuate Collection Set: 0.1ms
[2025-11-06T12:03:56.767+0700][6.413s][info][gc,phases   ] GC(62)   Merge Heap Roots: 0.0ms
[2025-11-06T12:03:56.767+0700][6.413s][info][gc,phases   ] GC(62)   Evacuate Collection Set: 0.2ms
[2025-11-06T12:03:56.767+0700][6.413s][info][gc,phases   ] GC(62)   Post Evacuate Collection Set: 0.1ms
[2025-11-06T12:03:56.767+0700][6.413s][info][gc,phases   ] GC(62)   Other: 0.1ms
[2025-11-06T12:03:56.767+0700][6.413s][info][gc,heap     ] GC(62) Eden regions: 0->0(146)
[2025-11-06T12:03:56.767+0700][6.413s][info][gc,heap     ] GC(62) Survivor regions: 1->1(18)
[2025-11-06T12:03:56.767+0700][6.413s][info][gc,heap     ] GC(62) Old regions: 1->1
[2025-11-06T12:03:56.767+0700][6.413s][info][gc,heap     ] GC(62) Archive regions: 0->0
[2025-11-06T12:03:56.767+0700][6.413s][info][gc,heap     ] GC(62) Humongous regions: 318->318
[2025-11-06T12:03:56.767+0700][6.413s][info][gc,metaspace] GC(62) Metaspace: 9471K(9728K)->9471K(9728K) NonClass: 8331K(8448K)->8331K(8448K) Class: 1140K(1280K)->1140K(1280K)
[2025-11-06T12:03:56.767+0700][6.413s][info][gc          ] GC(62) Pause Young (Concurrent Start) (G1 Humongous Allocation) 1274M->1274M(2096M) 0.573ms
[2025-11-06T12:03:56.767+0700][6.413s][info][gc,cpu      ] GC(62) User=0.00s Sys=0.00s Real=0.00s
[2025-11-06T12:03:56.767+0700][6.413s][info][gc          ] GC(63) Concurrent Mark Cycle
[2025-11-06T12:03:56.767+0700][6.413s][info][gc,marking  ] GC(63) Concurrent Clear Claimed Marks
[2025-11-06T12:03:56.767+0700][6.413s][info][gc,marking  ] GC(63) Concurrent Clear Claimed Marks 0.033ms
[2025-11-06T12:03:56.767+0700][6.413s][info][gc,marking  ] GC(63) Concurrent Scan Root Regions
[2025-11-06T12:03:56.767+0700][6.413s][info][gc,marking  ] GC(63) Concurrent Scan Root Regions 0.037ms
[2025-11-06T12:03:56.767+0700][6.413s][info][gc,marking  ] GC(63) Concurrent Mark
[2025-11-06T12:03:56.767+0700][6.413s][info][gc,marking  ] GC(63) Concurrent Mark From Roots
[2025-11-06T12:03:56.767+0700][6.413s][info][gc,task     ] GC(63) Using 5 workers of 5 for marking
[2025-11-06T12:03:56.770+0700][6.416s][info][gc,marking  ] GC(63) Concurrent Mark From Roots 3.082ms
[2025-11-06T12:03:56.770+0700][6.417s][info][gc,marking  ] GC(63) Concurrent Preclean
[2025-11-06T12:03:56.770+0700][6.417s][info][gc,marking  ] GC(63) Concurrent Preclean 0.104ms
[2025-11-06T12:03:56.771+0700][6.417s][info][gc,start    ] GC(63) Pause Remark
[2025-11-06T12:03:56.771+0700][6.418s][info][gc          ] GC(63) Pause Remark 1286M->1286M(2156M) 0.711ms
[2025-11-06T12:03:56.771+0700][6.418s][info][gc,cpu      ] GC(63) User=0.00s Sys=0.00s Real=0.00s
[2025-11-06T12:03:56.771+0700][6.418s][info][gc,marking  ] GC(63) Concurrent Mark 4.288ms
[2025-11-06T12:03:56.771+0700][6.418s][info][gc,marking  ] GC(63) Concurrent Rebuild Remembered Sets
[2025-11-06T12:03:56.772+0700][6.419s][info][gc,marking  ] GC(63) Concurrent Rebuild Remembered Sets 1.032ms
[2025-11-06T12:03:56.778+0700][6.424s][info][gc,start    ] GC(63) Pause Cleanup
[2025-11-06T12:03:56.778+0700][6.424s][info][gc          ] GC(63) Pause Cleanup 1298M->1298M(2156M) 0.122ms
[2025-11-06T12:03:56.778+0700][6.424s][info][gc,cpu      ] GC(63) User=0.00s Sys=0.00s Real=0.00s
[2025-11-06T12:03:56.778+0700][6.424s][info][gc,marking  ] GC(63) Concurrent Cleanup for Next Mark
[2025-11-06T12:03:56.780+0700][6.426s][info][gc,marking  ] GC(63) Concurrent Cleanup for Next Mark 1.870ms
[2025-11-06T12:03:56.780+0700][6.426s][info][gc          ] GC(63) Concurrent Mark Cycle 12.791ms
[2025-11-06T12:03:56.782+0700][6.429s][info][gc,start    ] GC(64) Pause Young (Concurrent Start) (G1 Humongous Allocation)
[2025-11-06T12:03:56.782+0700][6.429s][info][gc,task     ] GC(64) Using 20 workers of 20 for evacuation
[2025-11-06T12:03:56.783+0700][6.429s][info][gc,phases   ] GC(64)   Pre Evacuate Collection Set: 0.1ms
[2025-11-06T12:03:56.783+0700][6.429s][info][gc,phases   ] GC(64)   Merge Heap Roots: 0.0ms
[2025-11-06T12:03:56.783+0700][6.429s][info][gc,phases   ] GC(64)   Evacuate Collection Set: 0.1ms
[2025-11-06T12:03:56.783+0700][6.429s][info][gc,phases   ] GC(64)   Post Evacuate Collection Set: 0.1ms
[2025-11-06T12:03:56.783+0700][6.429s][info][gc,phases   ] GC(64)   Other: 0.1ms
[2025-11-06T12:03:56.783+0700][6.429s][info][gc,heap     ] GC(64) Eden regions: 0->0(151)
[2025-11-06T12:03:56.783+0700][6.429s][info][gc,heap     ] GC(64) Survivor regions: 1->1(19)
[2025-11-06T12:03:56.783+0700][6.429s][info][gc,heap     ] GC(64) Old regions: 1->1
[2025-11-06T12:03:56.783+0700][6.429s][info][gc,heap     ] GC(64) Archive regions: 0->0
[2025-11-06T12:03:56.783+0700][6.429s][info][gc,heap     ] GC(64) Humongous regions: 327->327
[2025-11-06T12:03:56.783+0700][6.429s][info][gc,metaspace] GC(64) Metaspace: 9471K(9728K)->9471K(9728K) NonClass: 8331K(8448K)->8331K(8448K) Class: 1140K(1280K)->1140K(1280K)
[2025-11-06T12:03:56.783+0700][6.429s][info][gc          ] GC(64) Pause Young (Concurrent Start) (G1 Humongous Allocation) 1310M->1310M(2156M) 0.492ms
[2025-11-06T12:03:56.783+0700][6.429s][info][gc,cpu      ] GC(64) User=0.00s Sys=0.00s Real=0.00s
[2025-11-06T12:03:56.783+0700][6.429s][info][gc          ] GC(65) Concurrent Mark Cycle
[2025-11-06T12:03:56.783+0700][6.429s][info][gc,marking  ] GC(65) Concurrent Clear Claimed Marks
[2025-11-06T12:03:56.783+0700][6.429s][info][gc,marking  ] GC(65) Concurrent Clear Claimed Marks 0.007ms
[2025-11-06T12:03:56.783+0700][6.429s][info][gc,marking  ] GC(65) Concurrent Scan Root Regions
[2025-11-06T12:03:56.783+0700][6.429s][info][gc,marking  ] GC(65) Concurrent Scan Root Regions 0.025ms
[2025-11-06T12:03:56.783+0700][6.430s][info][gc,marking  ] GC(65) Concurrent Mark
[2025-11-06T12:03:56.783+0700][6.430s][info][gc,marking  ] GC(65) Concurrent Mark From Roots
[2025-11-06T12:03:56.783+0700][6.430s][info][gc,task     ] GC(65) Using 5 workers of 5 for marking
[2025-11-06T12:03:56.785+0700][6.432s][info][gc,marking  ] GC(65) Concurrent Mark From Roots 2.409ms
[2025-11-06T12:03:56.785+0700][6.432s][info][gc,marking  ] GC(65) Concurrent Preclean
[2025-11-06T12:03:56.786+0700][6.432s][info][gc,marking  ] GC(65) Concurrent Preclean 0.106ms
[2025-11-06T12:03:56.786+0700][6.433s][info][gc,start    ] GC(65) Pause Remark
[2025-11-06T12:03:56.787+0700][6.433s][info][gc          ] GC(65) Pause Remark 1322M->1322M(2216M) 0.665ms
[2025-11-06T12:03:56.787+0700][6.433s][info][gc,cpu      ] GC(65) User=0.00s Sys=0.00s Real=0.00s
[2025-11-06T12:03:56.787+0700][6.433s][info][gc,marking  ] GC(65) Concurrent Mark 3.859ms
[2025-11-06T12:03:56.787+0700][6.433s][info][gc,marking  ] GC(65) Concurrent Rebuild Remembered Sets
[2025-11-06T12:03:56.788+0700][6.434s][info][gc,marking  ] GC(65) Concurrent Rebuild Remembered Sets 1.067ms
[2025-11-06T12:03:56.788+0700][6.434s][info][gc,start    ] GC(65) Pause Cleanup
[2025-11-06T12:03:56.788+0700][6.435s][info][gc          ] GC(65) Pause Cleanup 1324M->1324M(2216M) 0.053ms
[2025-11-06T12:03:56.788+0700][6.435s][info][gc,cpu      ] GC(65) User=0.00s Sys=0.00s Real=0.00s
[2025-11-06T12:03:56.788+0700][6.435s][info][gc,marking  ] GC(65) Concurrent Cleanup for Next Mark
[2025-11-06T12:03:56.790+0700][6.436s][info][gc,marking  ] GC(65) Concurrent Cleanup for Next Mark 1.682ms
[2025-11-06T12:03:56.790+0700][6.436s][info][gc          ] GC(65) Concurrent Mark Cycle 6.825ms
[2025-11-06T12:03:57.289+0700][6.935s][info][gc,start    ] GC(66) Pause Young (Concurrent Start) (G1 Humongous Allocation)
[2025-11-06T12:03:57.289+0700][6.935s][info][gc,task     ] GC(66) Using 20 workers of 20 for evacuation
[2025-11-06T12:03:57.289+0700][6.936s][info][gc,phases   ] GC(66)   Pre Evacuate Collection Set: 0.1ms
[2025-11-06T12:03:57.289+0700][6.936s][info][gc,phases   ] GC(66)   Merge Heap Roots: 0.0ms
[2025-11-06T12:03:57.289+0700][6.936s][info][gc,phases   ] GC(66)   Evacuate Collection Set: 0.2ms
[2025-11-06T12:03:57.289+0700][6.936s][info][gc,phases   ] GC(66)   Post Evacuate Collection Set: 0.1ms
[2025-11-06T12:03:57.289+0700][6.936s][info][gc,phases   ] GC(66)   Other: 0.2ms
[2025-11-06T12:03:57.289+0700][6.936s][info][gc,heap     ] GC(66) Eden regions: 1->0(161)
[2025-11-06T12:03:57.289+0700][6.936s][info][gc,heap     ] GC(66) Survivor regions: 1->1(19)
[2025-11-06T12:03:57.289+0700][6.936s][info][gc,heap     ] GC(66) Old regions: 1->1
[2025-11-06T12:03:57.289+0700][6.936s][info][gc,heap     ] GC(66) Archive regions: 0->0
[2025-11-06T12:03:57.289+0700][6.936s][info][gc,heap     ] GC(66) Humongous regions: 330->330
[2025-11-06T12:03:57.289+0700][6.936s][info][gc,metaspace] GC(66) Metaspace: 9471K(9728K)->9471K(9728K) NonClass: 8331K(8448K)->8331K(8448K) Class: 1140K(1280K)->1140K(1280K)
[2025-11-06T12:03:57.289+0700][6.936s][info][gc          ] GC(66) Pause Young (Concurrent Start) (G1 Humongous Allocation) 1324M->1322M(2216M) 0.644ms
[2025-11-06T12:03:57.289+0700][6.936s][info][gc,cpu      ] GC(66) User=0.00s Sys=0.00s Real=0.00s
[2025-11-06T12:03:57.289+0700][6.936s][info][gc          ] GC(67) Concurrent Mark Cycle
[2025-11-06T12:03:57.289+0700][6.936s][info][gc,marking  ] GC(67) Concurrent Clear Claimed Marks
[2025-11-06T12:03:57.289+0700][6.936s][info][gc,marking  ] GC(67) Concurrent Clear Claimed Marks 0.014ms
[2025-11-06T12:03:57.289+0700][6.936s][info][gc,marking  ] GC(67) Concurrent Scan Root Regions
[2025-11-06T12:03:57.289+0700][6.936s][info][gc,marking  ] GC(67) Concurrent Scan Root Regions 0.039ms
[2025-11-06T12:03:57.289+0700][6.936s][info][gc,marking  ] GC(67) Concurrent Mark
[2025-11-06T12:03:57.289+0700][6.936s][info][gc,marking  ] GC(67) Concurrent Mark From Roots
[2025-11-06T12:03:57.289+0700][6.936s][info][gc,task     ] GC(67) Using 5 workers of 5 for marking
[2025-11-06T12:03:57.292+0700][6.938s][info][gc,marking  ] GC(67) Concurrent Mark From Roots 2.390ms
[2025-11-06T12:03:57.292+0700][6.938s][info][gc,marking  ] GC(67) Concurrent Preclean
[2025-11-06T12:03:57.292+0700][6.939s][info][gc,marking  ] GC(67) Concurrent Preclean 0.170ms
[2025-11-06T12:03:57.292+0700][6.939s][info][gc,start    ] GC(67) Pause Remark
[2025-11-06T12:03:57.293+0700][6.940s][info][gc          ] GC(67) Pause Remark 1334M->1334M(2236M) 0.543ms
[2025-11-06T12:03:57.293+0700][6.940s][info][gc,cpu      ] GC(67) User=0.00s Sys=0.00s Real=0.00s
[2025-11-06T12:03:57.293+0700][6.940s][info][gc,marking  ] GC(67) Concurrent Mark 3.596ms
[2025-11-06T12:03:57.293+0700][6.940s][info][gc,marking  ] GC(67) Concurrent Rebuild Remembered Sets
[2025-11-06T12:03:57.294+0700][6.941s][info][gc,marking  ] GC(67) Concurrent Rebuild Remembered Sets 1.135ms
[2025-11-06T12:03:57.304+0700][6.950s][info][gc,start    ] GC(67) Pause Cleanup
[2025-11-06T12:03:57.304+0700][6.950s][info][gc          ] GC(67) Pause Cleanup 1346M->1346M(2236M) 0.135ms
[2025-11-06T12:03:57.304+0700][6.950s][info][gc,cpu      ] GC(67) User=0.00s Sys=0.00s Real=0.00s
[2025-11-06T12:03:57.304+0700][6.950s][info][gc,marking  ] GC(67) Concurrent Cleanup for Next Mark
[2025-11-06T12:03:57.306+0700][6.952s][info][gc,marking  ] GC(67) Concurrent Cleanup for Next Mark 2.030ms
[2025-11-06T12:03:57.306+0700][6.952s][info][gc          ] GC(67) Concurrent Mark Cycle 16.484ms
[2025-11-06T12:03:57.308+0700][6.954s][info][gc,start    ] GC(68) Pause Young (Concurrent Start) (G1 Humongous Allocation)
[2025-11-06T12:03:57.308+0700][6.954s][info][gc,task     ] GC(68) Using 20 workers of 20 for evacuation
[2025-11-06T12:03:57.308+0700][6.955s][info][gc,phases   ] GC(68)   Pre Evacuate Collection Set: 0.1ms
[2025-11-06T12:03:57.308+0700][6.955s][info][gc,phases   ] GC(68)   Merge Heap Roots: 0.0ms
[2025-11-06T12:03:57.308+0700][6.955s][info][gc,phases   ] GC(68)   Evacuate Collection Set: 0.2ms
[2025-11-06T12:03:57.308+0700][6.955s][info][gc,phases   ] GC(68)   Post Evacuate Collection Set: 0.1ms
[2025-11-06T12:03:57.308+0700][6.955s][info][gc,phases   ] GC(68)   Other: 0.1ms
[2025-11-06T12:03:57.308+0700][6.955s][info][gc,heap     ] GC(68) Eden regions: 0->0(158)
[2025-11-06T12:03:57.308+0700][6.955s][info][gc,heap     ] GC(68) Survivor regions: 1->1(21)
[2025-11-06T12:03:57.308+0700][6.955s][info][gc,heap     ] GC(68) Old regions: 1->1
[2025-11-06T12:03:57.308+0700][6.955s][info][gc,heap     ] GC(68) Archive regions: 0->0
[2025-11-06T12:03:57.308+0700][6.955s][info][gc,heap     ] GC(68) Humongous regions: 339->339
[2025-11-06T12:03:57.308+0700][6.955s][info][gc,metaspace] GC(68) Metaspace: 9471K(9728K)->9471K(9728K) NonClass: 8331K(8448K)->8331K(8448K) Class: 1140K(1280K)->1140K(1280K)
[2025-11-06T12:03:57.308+0700][6.955s][info][gc          ] GC(68) Pause Young (Concurrent Start) (G1 Humongous Allocation) 1358M->1358M(2236M) 0.559ms
[2025-11-06T12:03:57.308+0700][6.955s][info][gc,cpu      ] GC(68) User=0.00s Sys=0.00s Real=0.00s
[2025-11-06T12:03:57.308+0700][6.955s][info][gc          ] GC(69) Concurrent Mark Cycle
[2025-11-06T12:03:57.308+0700][6.955s][info][gc,marking  ] GC(69) Concurrent Clear Claimed Marks
[2025-11-06T12:03:57.308+0700][6.955s][info][gc,marking  ] GC(69) Concurrent Clear Claimed Marks 0.014ms
[2025-11-06T12:03:57.308+0700][6.955s][info][gc,marking  ] GC(69) Concurrent Scan Root Regions
[2025-11-06T12:03:57.308+0700][6.955s][info][gc,marking  ] GC(69) Concurrent Scan Root Regions 0.044ms
[2025-11-06T12:03:57.308+0700][6.955s][info][gc,marking  ] GC(69) Concurrent Mark
[2025-11-06T12:03:57.308+0700][6.955s][info][gc,marking  ] GC(69) Concurrent Mark From Roots
[2025-11-06T12:03:57.308+0700][6.955s][info][gc,task     ] GC(69) Using 5 workers of 5 for marking
[2025-11-06T12:03:57.311+0700][6.958s][info][gc,marking  ] GC(69) Concurrent Mark From Roots 3.175ms
[2025-11-06T12:03:57.311+0700][6.958s][info][gc,marking  ] GC(69) Concurrent Preclean
[2025-11-06T12:03:57.312+0700][6.958s][info][gc,marking  ] GC(69) Concurrent Preclean 0.104ms
[2025-11-06T12:03:57.312+0700][6.958s][info][gc,start    ] GC(69) Pause Remark
[2025-11-06T12:03:57.312+0700][6.959s][info][gc          ] GC(69) Pause Remark 1370M->1370M(2296M) 0.685ms
[2025-11-06T12:03:57.312+0700][6.959s][info][gc,cpu      ] GC(69) User=0.00s Sys=0.00s Real=0.00s
[2025-11-06T12:03:57.312+0700][6.959s][info][gc,marking  ] GC(69) Concurrent Mark 4.123ms
[2025-11-06T12:03:57.312+0700][6.959s][info][gc,marking  ] GC(69) Concurrent Rebuild Remembered Sets
[2025-11-06T12:03:57.313+0700][6.960s][info][gc,marking  ] GC(69) Concurrent Rebuild Remembered Sets 1.094ms
[2025-11-06T12:03:57.319+0700][6.965s][info][gc,start    ] GC(69) Pause Cleanup
[2025-11-06T12:03:57.319+0700][6.965s][info][gc          ] GC(69) Pause Cleanup 1382M->1382M(2296M) 0.228ms
[2025-11-06T12:03:57.319+0700][6.965s][info][gc,cpu      ] GC(69) User=0.00s Sys=0.00s Real=0.00s
[2025-11-06T12:03:57.319+0700][6.965s][info][gc,marking  ] GC(69) Concurrent Cleanup for Next Mark
[2025-11-06T12:03:57.321+0700][6.967s][info][gc,marking  ] GC(69) Concurrent Cleanup for Next Mark 1.848ms
[2025-11-06T12:03:57.321+0700][6.967s][info][gc          ] GC(69) Concurrent Mark Cycle 12.660ms
[2025-11-06T12:03:57.323+0700][6.970s][info][gc,start    ] GC(70) Pause Young (Concurrent Start) (G1 Humongous Allocation)
[2025-11-06T12:03:57.323+0700][6.970s][info][gc,task     ] GC(70) Using 20 workers of 20 for evacuation
[2025-11-06T12:03:57.324+0700][6.970s][info][gc,phases   ] GC(70)   Pre Evacuate Collection Set: 0.1ms
[2025-11-06T12:03:57.324+0700][6.970s][info][gc,phases   ] GC(70)   Merge Heap Roots: 0.0ms
[2025-11-06T12:03:57.324+0700][6.970s][info][gc,phases   ] GC(70)   Evacuate Collection Set: 0.1ms
[2025-11-06T12:03:57.324+0700][6.970s][info][gc,phases   ] GC(70)   Post Evacuate Collection Set: 0.1ms
[2025-11-06T12:03:57.324+0700][6.970s][info][gc,phases   ] GC(70)   Other: 0.1ms
[2025-11-06T12:03:57.324+0700][6.970s][info][gc,heap     ] GC(70) Eden regions: 0->0(161)
[2025-11-06T12:03:57.324+0700][6.970s][info][gc,heap     ] GC(70) Survivor regions: 1->1(20)
[2025-11-06T12:03:57.324+0700][6.970s][info][gc,heap     ] GC(70) Old regions: 1->1
[2025-11-06T12:03:57.324+0700][6.970s][info][gc,heap     ] GC(70) Archive regions: 0->0
[2025-11-06T12:03:57.324+0700][6.970s][info][gc,heap     ] GC(70) Humongous regions: 348->348
[2025-11-06T12:03:57.324+0700][6.970s][info][gc,metaspace] GC(70) Metaspace: 9471K(9728K)->9471K(9728K) NonClass: 8331K(8448K)->8331K(8448K) Class: 1140K(1280K)->1140K(1280K)
[2025-11-06T12:03:57.324+0700][6.970s][info][gc          ] GC(70) Pause Young (Concurrent Start) (G1 Humongous Allocation) 1394M->1394M(2296M) 0.540ms
[2025-11-06T12:03:57.324+0700][6.970s][info][gc,cpu      ] GC(70) User=0.00s Sys=0.00s Real=0.00s
[2025-11-06T12:03:57.324+0700][6.970s][info][gc          ] GC(71) Concurrent Mark Cycle
[2025-11-06T12:03:57.324+0700][6.970s][info][gc,marking  ] GC(71) Concurrent Clear Claimed Marks
[2025-11-06T12:03:57.324+0700][6.970s][info][gc,marking  ] GC(71) Concurrent Clear Claimed Marks 0.008ms
[2025-11-06T12:03:57.324+0700][6.970s][info][gc,marking  ] GC(71) Concurrent Scan Root Regions
[2025-11-06T12:03:57.324+0700][6.970s][info][gc,marking  ] GC(71) Concurrent Scan Root Regions 0.049ms
[2025-11-06T12:03:57.324+0700][6.970s][info][gc,marking  ] GC(71) Concurrent Mark
[2025-11-06T12:03:57.324+0700][6.970s][info][gc,marking  ] GC(71) Concurrent Mark From Roots
[2025-11-06T12:03:57.324+0700][6.970s][info][gc,task     ] GC(71) Using 5 workers of 5 for marking
[2025-11-06T12:03:57.326+0700][6.972s][info][gc,marking  ] GC(71) Concurrent Mark From Roots 2.076ms
[2025-11-06T12:03:57.326+0700][6.972s][info][gc,marking  ] GC(71) Concurrent Preclean
[2025-11-06T12:03:57.326+0700][6.973s][info][gc,marking  ] GC(71) Concurrent Preclean 0.104ms
[2025-11-06T12:03:57.327+0700][6.973s][info][gc,start    ] GC(71) Pause Remark
[2025-11-06T12:03:57.327+0700][6.974s][info][gc          ] GC(71) Pause Remark 1406M->1406M(2356M) 0.531ms
[2025-11-06T12:03:57.327+0700][6.974s][info][gc,cpu      ] GC(71) User=0.00s Sys=0.00s Real=0.00s
[2025-11-06T12:03:57.327+0700][6.974s][info][gc,marking  ] GC(71) Concurrent Mark 3.509ms
[2025-11-06T12:03:57.327+0700][6.974s][info][gc,marking  ] GC(71) Concurrent Rebuild Remembered Sets
[2025-11-06T12:03:57.328+0700][6.975s][info][gc,marking  ] GC(71) Concurrent Rebuild Remembered Sets 1.036ms
[2025-11-06T12:03:57.335+0700][6.981s][info][gc,start    ] GC(71) Pause Cleanup
[2025-11-06T12:03:57.335+0700][6.981s][info][gc          ] GC(71) Pause Cleanup 1418M->1418M(2356M) 0.145ms
[2025-11-06T12:03:57.335+0700][6.981s][info][gc,cpu      ] GC(71) User=0.00s Sys=0.00s Real=0.00s
[2025-11-06T12:03:57.335+0700][6.981s][info][gc,marking  ] GC(71) Concurrent Cleanup for Next Mark
[2025-11-06T12:03:57.337+0700][6.983s][info][gc,marking  ] GC(71) Concurrent Cleanup for Next Mark 2.084ms
[2025-11-06T12:03:57.337+0700][6.983s][info][gc          ] GC(71) Concurrent Mark Cycle 13.165ms
[2025-11-06T12:03:57.339+0700][6.986s][info][gc,start    ] GC(72) Pause Young (Concurrent Start) (G1 Humongous Allocation)
[2025-11-06T12:03:57.339+0700][6.986s][info][gc,task     ] GC(72) Using 20 workers of 20 for evacuation
[2025-11-06T12:03:57.340+0700][6.986s][info][gc,phases   ] GC(72)   Pre Evacuate Collection Set: 0.1ms
[2025-11-06T12:03:57.340+0700][6.986s][info][gc,phases   ] GC(72)   Merge Heap Roots: 0.0ms
[2025-11-06T12:03:57.340+0700][6.986s][info][gc,phases   ] GC(72)   Evacuate Collection Set: 0.2ms
[2025-11-06T12:03:57.340+0700][6.986s][info][gc,phases   ] GC(72)   Post Evacuate Collection Set: 0.1ms
[2025-11-06T12:03:57.340+0700][6.986s][info][gc,phases   ] GC(72)   Other: 0.1ms
[2025-11-06T12:03:57.340+0700][6.986s][info][gc,heap     ] GC(72) Eden regions: 0->0(166)
[2025-11-06T12:03:57.340+0700][6.986s][info][gc,heap     ] GC(72) Survivor regions: 1->1(21)
[2025-11-06T12:03:57.340+0700][6.986s][info][gc,heap     ] GC(72) Old regions: 1->1
[2025-11-06T12:03:57.340+0700][6.986s][info][gc,heap     ] GC(72) Archive regions: 0->0
[2025-11-06T12:03:57.340+0700][6.986s][info][gc,heap     ] GC(72) Humongous regions: 357->357
[2025-11-06T12:03:57.340+0700][6.986s][info][gc,metaspace] GC(72) Metaspace: 9471K(9728K)->9471K(9728K) NonClass: 8331K(8448K)->8331K(8448K) Class: 1140K(1280K)->1140K(1280K)
[2025-11-06T12:03:57.340+0700][6.986s][info][gc          ] GC(72) Pause Young (Concurrent Start) (G1 Humongous Allocation) 1430M->1430M(2356M) 0.598ms
[2025-11-06T12:03:57.340+0700][6.986s][info][gc,cpu      ] GC(72) User=0.00s Sys=0.00s Real=0.00s
[2025-11-06T12:03:57.340+0700][6.986s][info][gc          ] GC(73) Concurrent Mark Cycle
[2025-11-06T12:03:57.340+0700][6.986s][info][gc,marking  ] GC(73) Concurrent Clear Claimed Marks
[2025-11-06T12:03:57.340+0700][6.986s][info][gc,marking  ] GC(73) Concurrent Clear Claimed Marks 0.014ms
[2025-11-06T12:03:57.340+0700][6.986s][info][gc,marking  ] GC(73) Concurrent Scan Root Regions
[2025-11-06T12:03:57.340+0700][6.986s][info][gc,marking  ] GC(73) Concurrent Scan Root Regions 0.042ms
[2025-11-06T12:03:57.340+0700][6.986s][info][gc,marking  ] GC(73) Concurrent Mark
[2025-11-06T12:03:57.340+0700][6.986s][info][gc,marking  ] GC(73) Concurrent Mark From Roots
[2025-11-06T12:03:57.340+0700][6.986s][info][gc,task     ] GC(73) Using 5 workers of 5 for marking
[2025-11-06T12:03:57.343+0700][6.989s][info][gc,marking  ] GC(73) Concurrent Mark From Roots 2.859ms
[2025-11-06T12:03:57.343+0700][6.989s][info][gc,marking  ] GC(73) Concurrent Preclean
[2025-11-06T12:03:57.343+0700][6.989s][info][gc,marking  ] GC(73) Concurrent Preclean 0.102ms
[2025-11-06T12:03:57.343+0700][6.990s][info][gc,start    ] GC(73) Pause Remark
[2025-11-06T12:03:57.344+0700][6.991s][info][gc          ] GC(73) Pause Remark 1442M->1442M(2416M) 0.646ms
[2025-11-06T12:03:57.344+0700][6.991s][info][gc,cpu      ] GC(73) User=0.00s Sys=0.00s Real=0.00s
[2025-11-06T12:03:57.344+0700][6.991s][info][gc,marking  ] GC(73) Concurrent Mark 4.267ms
[2025-11-06T12:03:57.344+0700][6.991s][info][gc,marking  ] GC(73) Concurrent Rebuild Remembered Sets
[2025-11-06T12:03:57.345+0700][6.992s][info][gc,marking  ] GC(73) Concurrent Rebuild Remembered Sets 1.025ms
[2025-11-06T12:03:57.345+0700][6.992s][info][gc,start    ] GC(73) Pause Cleanup
[2025-11-06T12:03:57.345+0700][6.992s][info][gc          ] GC(73) Pause Cleanup 1444M->1444M(2416M) 0.063ms
[2025-11-06T12:03:57.345+0700][6.992s][info][gc,cpu      ] GC(73) User=0.00s Sys=0.00s Real=0.00s
[2025-11-06T12:03:57.345+0700][6.992s][info][gc,marking  ] GC(73) Concurrent Cleanup for Next Mark
[2025-11-06T12:03:57.347+0700][6.994s][info][gc,marking  ] GC(73) Concurrent Cleanup for Next Mark 1.946ms
[2025-11-06T12:03:57.347+0700][6.994s][info][gc          ] GC(73) Concurrent Mark Cycle 7.522ms
[2025-11-06T12:03:57.845+0700][7.491s][info][gc,start    ] GC(74) Pause Young (Concurrent Start) (G1 Humongous Allocation)
[2025-11-06T12:03:57.845+0700][7.492s][info][gc,task     ] GC(74) Using 20 workers of 20 for evacuation
[2025-11-06T12:03:57.845+0700][7.492s][info][gc,phases   ] GC(74)   Pre Evacuate Collection Set: 0.1ms
[2025-11-06T12:03:57.845+0700][7.492s][info][gc,phases   ] GC(74)   Merge Heap Roots: 0.0ms
[2025-11-06T12:03:57.845+0700][7.492s][info][gc,phases   ] GC(74)   Evacuate Collection Set: 0.2ms
[2025-11-06T12:03:57.845+0700][7.492s][info][gc,phases   ] GC(74)   Post Evacuate Collection Set: 0.1ms
[2025-11-06T12:03:57.845+0700][7.492s][info][gc,phases   ] GC(74)   Other: 0.2ms
[2025-11-06T12:03:57.845+0700][7.492s][info][gc,heap     ] GC(74) Eden regions: 1->0(177)
[2025-11-06T12:03:57.845+0700][7.492s][info][gc,heap     ] GC(74) Survivor regions: 1->1(21)
[2025-11-06T12:03:57.845+0700][7.492s][info][gc,heap     ] GC(74) Old regions: 1->1
[2025-11-06T12:03:57.845+0700][7.492s][info][gc,heap     ] GC(74) Archive regions: 0->0
[2025-11-06T12:03:57.845+0700][7.492s][info][gc,heap     ] GC(74) Humongous regions: 360->360
[2025-11-06T12:03:57.845+0700][7.492s][info][gc,metaspace] GC(74) Metaspace: 9471K(9728K)->9471K(9728K) NonClass: 8331K(8448K)->8331K(8448K) Class: 1140K(1280K)->1140K(1280K)
[2025-11-06T12:03:57.845+0700][7.492s][info][gc          ] GC(74) Pause Young (Concurrent Start) (G1 Humongous Allocation) 1444M->1442M(2416M) 0.599ms
[2025-11-06T12:03:57.845+0700][7.492s][info][gc,cpu      ] GC(74) User=0.00s Sys=0.00s Real=0.00s
[2025-11-06T12:03:57.845+0700][7.492s][info][gc          ] GC(75) Concurrent Mark Cycle
[2025-11-06T12:03:57.845+0700][7.492s][info][gc,marking  ] GC(75) Concurrent Clear Claimed Marks
[2025-11-06T12:03:57.845+0700][7.492s][info][gc,marking  ] GC(75) Concurrent Clear Claimed Marks 0.007ms
[2025-11-06T12:03:57.845+0700][7.492s][info][gc,marking  ] GC(75) Concurrent Scan Root Regions
[2025-11-06T12:03:57.845+0700][7.492s][info][gc,marking  ] GC(75) Concurrent Scan Root Regions 0.046ms
[2025-11-06T12:03:57.845+0700][7.492s][info][gc,marking  ] GC(75) Concurrent Mark
[2025-11-06T12:03:57.845+0700][7.492s][info][gc,marking  ] GC(75) Concurrent Mark From Roots
[2025-11-06T12:03:57.845+0700][7.492s][info][gc,task     ] GC(75) Using 5 workers of 5 for marking
[2025-11-06T12:03:57.847+0700][7.494s][info][gc,marking  ] GC(75) Concurrent Mark From Roots 2.051ms
[2025-11-06T12:03:57.847+0700][7.494s][info][gc,marking  ] GC(75) Concurrent Preclean
[2025-11-06T12:03:57.848+0700][7.494s][info][gc,marking  ] GC(75) Concurrent Preclean 0.120ms
[2025-11-06T12:03:57.848+0700][7.495s][info][gc,start    ] GC(75) Pause Remark
[2025-11-06T12:03:57.849+0700][7.496s][info][gc          ] GC(75) Pause Remark 1454M->1454M(2436M) 0.546ms
[2025-11-06T12:03:57.849+0700][7.496s][info][gc,cpu      ] GC(75) User=0.00s Sys=0.00s Real=0.00s
[2025-11-06T12:03:57.849+0700][7.496s][info][gc,marking  ] GC(75) Concurrent Mark 3.522ms
[2025-11-06T12:03:57.849+0700][7.496s][info][gc,marking  ] GC(75) Concurrent Rebuild Remembered Sets
[2025-11-06T12:03:57.850+0700][7.497s][info][gc,marking  ] GC(75) Concurrent Rebuild Remembered Sets 1.185ms
[2025-11-06T12:03:57.860+0700][7.506s][info][gc,start    ] GC(75) Pause Cleanup
[2025-11-06T12:03:57.860+0700][7.507s][info][gc          ] GC(75) Pause Cleanup 1466M->1466M(2436M) 0.107ms
[2025-11-06T12:03:57.860+0700][7.507s][info][gc,cpu      ] GC(75) User=0.00s Sys=0.00s Real=0.00s
[2025-11-06T12:03:57.860+0700][7.507s][info][gc,marking  ] GC(75) Concurrent Cleanup for Next Mark
[2025-11-06T12:03:57.862+0700][7.508s][info][gc,marking  ] GC(75) Concurrent Cleanup for Next Mark 1.853ms
[2025-11-06T12:03:57.862+0700][7.508s][info][gc          ] GC(75) Concurrent Mark Cycle 16.404ms
[2025-11-06T12:03:57.864+0700][7.511s][info][gc,start    ] GC(76) Pause Young (Concurrent Start) (G1 Humongous Allocation)
[2025-11-06T12:03:57.864+0700][7.511s][info][gc,task     ] GC(76) Using 20 workers of 20 for evacuation
[2025-11-06T12:03:57.865+0700][7.512s][info][gc,phases   ] GC(76)   Pre Evacuate Collection Set: 0.1ms
[2025-11-06T12:03:57.865+0700][7.512s][info][gc,phases   ] GC(76)   Merge Heap Roots: 0.0ms
[2025-11-06T12:03:57.865+0700][7.512s][info][gc,phases   ] GC(76)   Evacuate Collection Set: 0.1ms
[2025-11-06T12:03:57.865+0700][7.512s][info][gc,phases   ] GC(76)   Post Evacuate Collection Set: 0.1ms
[2025-11-06T12:03:57.865+0700][7.512s][info][gc,phases   ] GC(76)   Other: 0.2ms
[2025-11-06T12:03:57.865+0700][7.512s][info][gc,heap     ] GC(76) Eden regions: 0->0(173)
[2025-11-06T12:03:57.865+0700][7.512s][info][gc,heap     ] GC(76) Survivor regions: 1->1(23)
[2025-11-06T12:03:57.865+0700][7.512s][info][gc,heap     ] GC(76) Old regions: 1->1
[2025-11-06T12:03:57.865+0700][7.512s][info][gc,heap     ] GC(76) Archive regions: 0->0
[2025-11-06T12:03:57.865+0700][7.512s][info][gc,heap     ] GC(76) Humongous regions: 369->369
[2025-11-06T12:03:57.865+0700][7.512s][info][gc,metaspace] GC(76) Metaspace: 9471K(9728K)->9471K(9728K) NonClass: 8331K(8448K)->8331K(8448K) Class: 1140K(1280K)->1140K(1280K)
[2025-11-06T12:03:57.865+0700][7.512s][info][gc          ] GC(76) Pause Young (Concurrent Start) (G1 Humongous Allocation) 1478M->1478M(2436M) 0.541ms
[2025-11-06T12:03:57.865+0700][7.512s][info][gc,cpu      ] GC(76) User=0.00s Sys=0.00s Real=0.00s
[2025-11-06T12:03:57.865+0700][7.512s][info][gc          ] GC(77) Concurrent Mark Cycle
[2025-11-06T12:03:57.865+0700][7.512s][info][gc,marking  ] GC(77) Concurrent Clear Claimed Marks
[2025-11-06T12:03:57.865+0700][7.512s][info][gc,marking  ] GC(77) Concurrent Clear Claimed Marks 0.007ms
[2025-11-06T12:03:57.865+0700][7.512s][info][gc,marking  ] GC(77) Concurrent Scan Root Regions
[2025-11-06T12:03:57.865+0700][7.512s][info][gc,marking  ] GC(77) Concurrent Scan Root Regions 0.024ms
[2025-11-06T12:03:57.865+0700][7.512s][info][gc,marking  ] GC(77) Concurrent Mark
[2025-11-06T12:03:57.865+0700][7.512s][info][gc,marking  ] GC(77) Concurrent Mark From Roots
[2025-11-06T12:03:57.865+0700][7.512s][info][gc,task     ] GC(77) Using 5 workers of 5 for marking
[2025-11-06T12:03:57.868+0700][7.514s][info][gc,marking  ] GC(77) Concurrent Mark From Roots 2.506ms
[2025-11-06T12:03:57.868+0700][7.514s][info][gc,marking  ] GC(77) Concurrent Preclean
[2025-11-06T12:03:57.868+0700][7.515s][info][gc,marking  ] GC(77) Concurrent Preclean 0.201ms
[2025-11-06T12:03:57.869+0700][7.516s][info][gc,start    ] GC(77) Pause Remark
[2025-11-06T12:03:57.869+0700][7.516s][info][gc          ] GC(77) Pause Remark 1490M->1490M(2496M) 0.648ms
[2025-11-06T12:03:57.869+0700][7.516s][info][gc,cpu      ] GC(77) User=0.00s Sys=0.00s Real=0.00s
[2025-11-06T12:03:57.869+0700][7.516s][info][gc,marking  ] GC(77) Concurrent Mark 4.402ms
[2025-11-06T12:03:57.869+0700][7.516s][info][gc,marking  ] GC(77) Concurrent Rebuild Remembered Sets
[2025-11-06T12:03:57.871+0700][7.518s][info][gc,marking  ] GC(77) Concurrent Rebuild Remembered Sets 1.334ms
[2025-11-06T12:03:57.876+0700][7.522s][info][gc,start    ] GC(77) Pause Cleanup
[2025-11-06T12:03:57.876+0700][7.523s][info][gc          ] GC(77) Pause Cleanup 1502M->1502M(2496M) 0.161ms
[2025-11-06T12:03:57.876+0700][7.523s][info][gc,cpu      ] GC(77) User=0.00s Sys=0.00s Real=0.00s
[2025-11-06T12:03:57.876+0700][7.523s][info][gc,marking  ] GC(77) Concurrent Cleanup for Next Mark
[2025-11-06T12:03:57.878+0700][7.525s][info][gc,marking  ] GC(77) Concurrent Cleanup for Next Mark 2.138ms
[2025-11-06T12:03:57.878+0700][7.525s][info][gc          ] GC(77) Concurrent Mark Cycle 13.046ms
[2025-11-06T12:03:57.880+0700][7.527s][info][gc,start    ] GC(78) Pause Young (Concurrent Start) (G1 Humongous Allocation)
[2025-11-06T12:03:57.880+0700][7.527s][info][gc,task     ] GC(78) Using 20 workers of 20 for evacuation
[2025-11-06T12:03:57.880+0700][7.527s][info][gc,phases   ] GC(78)   Pre Evacuate Collection Set: 0.1ms
[2025-11-06T12:03:57.880+0700][7.527s][info][gc,phases   ] GC(78)   Merge Heap Roots: 0.0ms
[2025-11-06T12:03:57.880+0700][7.527s][info][gc,phases   ] GC(78)   Evacuate Collection Set: 0.2ms
[2025-11-06T12:03:57.880+0700][7.527s][info][gc,phases   ] GC(78)   Post Evacuate Collection Set: 0.1ms
[2025-11-06T12:03:57.880+0700][7.527s][info][gc,phases   ] GC(78)   Other: 0.1ms
[2025-11-06T12:03:57.880+0700][7.527s][info][gc,heap     ] GC(78) Eden regions: 0->0(177)
[2025-11-06T12:03:57.880+0700][7.527s][info][gc,heap     ] GC(78) Survivor regions: 1->1(22)
[2025-11-06T12:03:57.880+0700][7.527s][info][gc,heap     ] GC(78) Old regions: 1->1
[2025-11-06T12:03:57.880+0700][7.527s][info][gc,heap     ] GC(78) Archive regions: 0->0
[2025-11-06T12:03:57.880+0700][7.527s][info][gc,heap     ] GC(78) Humongous regions: 378->378
[2025-11-06T12:03:57.880+0700][7.527s][info][gc,metaspace] GC(78) Metaspace: 9471K(9728K)->9471K(9728K) NonClass: 8331K(8448K)->8331K(8448K) Class: 1140K(1280K)->1140K(1280K)
[2025-11-06T12:03:57.880+0700][7.527s][info][gc          ] GC(78) Pause Young (Concurrent Start) (G1 Humongous Allocation) 1514M->1514M(2496M) 0.577ms
[2025-11-06T12:03:57.880+0700][7.527s][info][gc,cpu      ] GC(78) User=0.00s Sys=0.00s Real=0.00s
[2025-11-06T12:03:57.880+0700][7.527s][info][gc          ] GC(79) Concurrent Mark Cycle
[2025-11-06T12:03:57.880+0700][7.527s][info][gc,marking  ] GC(79) Concurrent Clear Claimed Marks
[2025-11-06T12:03:57.880+0700][7.527s][info][gc,marking  ] GC(79) Concurrent Clear Claimed Marks 0.007ms
[2025-11-06T12:03:57.880+0700][7.527s][info][gc,marking  ] GC(79) Concurrent Scan Root Regions
[2025-11-06T12:03:57.880+0700][7.527s][info][gc,marking  ] GC(79) Concurrent Scan Root Regions 0.035ms
[2025-11-06T12:03:57.880+0700][7.527s][info][gc,marking  ] GC(79) Concurrent Mark
[2025-11-06T12:03:57.880+0700][7.527s][info][gc,marking  ] GC(79) Concurrent Mark From Roots
[2025-11-06T12:03:57.880+0700][7.527s][info][gc,task     ] GC(79) Using 5 workers of 5 for marking
[2025-11-06T12:03:57.883+0700][7.530s][info][gc,marking  ] GC(79) Concurrent Mark From Roots 2.382ms
[2025-11-06T12:03:57.883+0700][7.530s][info][gc,marking  ] GC(79) Concurrent Preclean
[2025-11-06T12:03:57.883+0700][7.530s][info][gc,marking  ] GC(79) Concurrent Preclean 0.124ms
[2025-11-06T12:03:57.892+0700][7.538s][info][gc,start    ] GC(79) Pause Remark
[2025-11-06T12:03:57.892+0700][7.539s][info][gc          ] GC(79) Pause Remark 1526M->1526M(2556M) 0.609ms
[2025-11-06T12:03:57.892+0700][7.539s][info][gc,cpu      ] GC(79) User=0.00s Sys=0.00s Real=0.00s
[2025-11-06T12:03:57.892+0700][7.539s][info][gc,marking  ] GC(79) Concurrent Mark 11.716ms
[2025-11-06T12:03:57.892+0700][7.539s][info][gc,marking  ] GC(79) Concurrent Rebuild Remembered Sets
[2025-11-06T12:03:57.893+0700][7.540s][info][gc,marking  ] GC(79) Concurrent Rebuild Remembered Sets 1.107ms
[2025-11-06T12:03:57.907+0700][7.553s][info][gc,start    ] GC(79) Pause Cleanup
[2025-11-06T12:03:57.907+0700][7.553s][info][gc          ] GC(79) Pause Cleanup 1538M->1538M(2556M) 0.128ms
[2025-11-06T12:03:57.907+0700][7.554s][info][gc,cpu      ] GC(79) User=0.00s Sys=0.00s Real=0.00s
[2025-11-06T12:03:57.907+0700][7.554s][info][gc,marking  ] GC(79) Concurrent Cleanup for Next Mark
[2025-11-06T12:03:57.909+0700][7.556s][info][gc,marking  ] GC(79) Concurrent Cleanup for Next Mark 2.112ms
[2025-11-06T12:03:57.909+0700][7.556s][info][gc          ] GC(79) Concurrent Mark Cycle 28.470ms
[2025-11-06T12:03:57.911+0700][7.557s][info][gc,start    ] GC(80) Pause Young (Concurrent Start) (G1 Humongous Allocation)
[2025-11-06T12:03:57.911+0700][7.557s][info][gc,task     ] GC(80) Using 20 workers of 20 for evacuation
[2025-11-06T12:03:57.911+0700][7.558s][info][gc,phases   ] GC(80)   Pre Evacuate Collection Set: 0.1ms
[2025-11-06T12:03:57.911+0700][7.558s][info][gc,phases   ] GC(80)   Merge Heap Roots: 0.1ms
[2025-11-06T12:03:57.911+0700][7.558s][info][gc,phases   ] GC(80)   Evacuate Collection Set: 0.1ms
[2025-11-06T12:03:57.911+0700][7.558s][info][gc,phases   ] GC(80)   Post Evacuate Collection Set: 0.1ms
[2025-11-06T12:03:57.911+0700][7.558s][info][gc,phases   ] GC(80)   Other: 0.2ms
[2025-11-06T12:03:57.911+0700][7.558s][info][gc,heap     ] GC(80) Eden regions: 0->0(182)
[2025-11-06T12:03:57.911+0700][7.558s][info][gc,heap     ] GC(80) Survivor regions: 1->1(23)
[2025-11-06T12:03:57.911+0700][7.558s][info][gc,heap     ] GC(80) Old regions: 1->1
[2025-11-06T12:03:57.911+0700][7.558s][info][gc,heap     ] GC(80) Archive regions: 0->0
[2025-11-06T12:03:57.911+0700][7.558s][info][gc,heap     ] GC(80) Humongous regions: 387->387
[2025-11-06T12:03:57.911+0700][7.558s][info][gc,metaspace] GC(80) Metaspace: 9471K(9728K)->9471K(9728K) NonClass: 8331K(8448K)->8331K(8448K) Class: 1140K(1280K)->1140K(1280K)
[2025-11-06T12:03:57.911+0700][7.558s][info][gc          ] GC(80) Pause Young (Concurrent Start) (G1 Humongous Allocation) 1550M->1550M(2556M) 0.658ms
[2025-11-06T12:03:57.911+0700][7.558s][info][gc,cpu      ] GC(80) User=0.00s Sys=0.00s Real=0.00s
[2025-11-06T12:03:57.911+0700][7.558s][info][gc          ] GC(81) Concurrent Mark Cycle
[2025-11-06T12:03:57.911+0700][7.558s][info][gc,marking  ] GC(81) Concurrent Clear Claimed Marks
[2025-11-06T12:03:57.911+0700][7.558s][info][gc,marking  ] GC(81) Concurrent Clear Claimed Marks 0.008ms
[2025-11-06T12:03:57.911+0700][7.558s][info][gc,marking  ] GC(81) Concurrent Scan Root Regions
[2025-11-06T12:03:57.911+0700][7.558s][info][gc,marking  ] GC(81) Concurrent Scan Root Regions 0.040ms
[2025-11-06T12:03:57.911+0700][7.558s][info][gc,marking  ] GC(81) Concurrent Mark
[2025-11-06T12:03:57.911+0700][7.558s][info][gc,marking  ] GC(81) Concurrent Mark From Roots
[2025-11-06T12:03:57.911+0700][7.558s][info][gc,task     ] GC(81) Using 5 workers of 5 for marking
[2025-11-06T12:03:57.914+0700][7.560s][info][gc,marking  ] GC(81) Concurrent Mark From Roots 2.238ms
[2025-11-06T12:03:57.914+0700][7.560s][info][gc,marking  ] GC(81) Concurrent Preclean
[2025-11-06T12:03:57.914+0700][7.561s][info][gc,marking  ] GC(81) Concurrent Preclean 0.102ms
[2025-11-06T12:03:57.914+0700][7.561s][info][gc,start    ] GC(81) Pause Remark
[2025-11-06T12:03:57.915+0700][7.562s][info][gc          ] GC(81) Pause Remark 1562M->1562M(2616M) 0.631ms
[2025-11-06T12:03:57.915+0700][7.562s][info][gc,cpu      ] GC(81) User=0.00s Sys=0.00s Real=0.00s
[2025-11-06T12:03:57.915+0700][7.562s][info][gc,marking  ] GC(81) Concurrent Mark 3.455ms
[2025-11-06T12:03:57.915+0700][7.562s][info][gc,marking  ] GC(81) Concurrent Rebuild Remembered Sets
[2025-11-06T12:03:57.916+0700][7.563s][info][gc,marking  ] GC(81) Concurrent Rebuild Remembered Sets 1.039ms
[2025-11-06T12:03:57.916+0700][7.563s][info][gc,start    ] GC(81) Pause Cleanup
[2025-11-06T12:03:57.916+0700][7.563s][info][gc          ] GC(81) Pause Cleanup 1564M->1564M(2616M) 0.055ms
[2025-11-06T12:03:57.916+0700][7.563s][info][gc,cpu      ] GC(81) User=0.00s Sys=0.00s Real=0.00s
[2025-11-06T12:03:57.916+0700][7.563s][info][gc,marking  ] GC(81) Concurrent Cleanup for Next Mark
[2025-11-06T12:03:57.918+0700][7.565s][info][gc,marking  ] GC(81) Concurrent Cleanup for Next Mark 2.414ms
[2025-11-06T12:03:57.919+0700][7.565s][info][gc          ] GC(81) Concurrent Mark Cycle 7.192ms
[2025-11-06T12:03:58.420+0700][8.066s][info][gc,start    ] GC(82) Pause Young (Concurrent Start) (G1 Humongous Allocation)
[2025-11-06T12:03:58.420+0700][8.066s][info][gc,task     ] GC(82) Using 20 workers of 20 for evacuation
[2025-11-06T12:03:58.420+0700][8.066s][info][gc,phases   ] GC(82)   Pre Evacuate Collection Set: 0.1ms
[2025-11-06T12:03:58.420+0700][8.066s][info][gc,phases   ] GC(82)   Merge Heap Roots: 0.0ms
[2025-11-06T12:03:58.420+0700][8.066s][info][gc,phases   ] GC(82)   Evacuate Collection Set: 0.2ms
[2025-11-06T12:03:58.420+0700][8.066s][info][gc,phases   ] GC(82)   Post Evacuate Collection Set: 0.1ms
[2025-11-06T12:03:58.420+0700][8.066s][info][gc,phases   ] GC(82)   Other: 0.2ms
[2025-11-06T12:03:58.420+0700][8.066s][info][gc,heap     ] GC(82) Eden regions: 1->0(192)
[2025-11-06T12:03:58.420+0700][8.066s][info][gc,heap     ] GC(82) Survivor regions: 1->1(23)
[2025-11-06T12:03:58.420+0700][8.066s][info][gc,heap     ] GC(82) Old regions: 1->1
[2025-11-06T12:03:58.420+0700][8.066s][info][gc,heap     ] GC(82) Archive regions: 0->0
[2025-11-06T12:03:58.420+0700][8.066s][info][gc,heap     ] GC(82) Humongous regions: 390->390
[2025-11-06T12:03:58.420+0700][8.066s][info][gc,metaspace] GC(82) Metaspace: 9471K(9728K)->9471K(9728K) NonClass: 8331K(8448K)->8331K(8448K) Class: 1140K(1280K)->1140K(1280K)
[2025-11-06T12:03:58.420+0700][8.066s][info][gc          ] GC(82) Pause Young (Concurrent Start) (G1 Humongous Allocation) 1564M->1562M(2616M) 0.561ms
[2025-11-06T12:03:58.420+0700][8.066s][info][gc,cpu      ] GC(82) User=0.00s Sys=0.00s Real=0.00s
[2025-11-06T12:03:58.420+0700][8.066s][info][gc          ] GC(83) Concurrent Mark Cycle
[2025-11-06T12:03:58.420+0700][8.066s][info][gc,marking  ] GC(83) Concurrent Clear Claimed Marks
[2025-11-06T12:03:58.420+0700][8.066s][info][gc,marking  ] GC(83) Concurrent Clear Claimed Marks 0.008ms
[2025-11-06T12:03:58.420+0700][8.066s][info][gc,marking  ] GC(83) Concurrent Scan Root Regions
[2025-11-06T12:03:58.420+0700][8.066s][info][gc,marking  ] GC(83) Concurrent Scan Root Regions 0.043ms
[2025-11-06T12:03:58.420+0700][8.066s][info][gc,marking  ] GC(83) Concurrent Mark
[2025-11-06T12:03:58.420+0700][8.066s][info][gc,marking  ] GC(83) Concurrent Mark From Roots
[2025-11-06T12:03:58.420+0700][8.066s][info][gc,task     ] GC(83) Using 5 workers of 5 for marking
[2025-11-06T12:03:58.423+0700][8.069s][info][gc,marking  ] GC(83) Concurrent Mark From Roots 2.676ms
[2025-11-06T12:03:58.423+0700][8.069s][info][gc,marking  ] GC(83) Concurrent Preclean
[2025-11-06T12:03:58.423+0700][8.069s][info][gc,marking  ] GC(83) Concurrent Preclean 0.103ms
[2025-11-06T12:03:58.436+0700][8.082s][info][gc,start    ] GC(83) Pause Remark
[2025-11-06T12:03:58.437+0700][8.082s][info][gc          ] GC(83) Pause Remark 1586M->1586M(2656M) 0.945ms
[2025-11-06T12:03:58.437+0700][8.082s][info][gc,cpu      ] GC(83) User=0.00s Sys=0.00s Real=0.00s
[2025-11-06T12:03:58.437+0700][8.082s][info][gc,marking  ] GC(83) Concurrent Mark 16.207ms
[2025-11-06T12:03:58.437+0700][8.083s][info][gc,marking  ] GC(83) Concurrent Rebuild Remembered Sets
[2025-11-06T12:03:58.438+0700][8.084s][info][gc,marking  ] GC(83) Concurrent Rebuild Remembered Sets 1.106ms
[2025-11-06T12:03:58.451+0700][8.096s][info][gc,start    ] GC(83) Pause Cleanup
[2025-11-06T12:03:58.451+0700][8.097s][info][gc          ] GC(83) Pause Cleanup 1598M->1598M(2656M) 0.120ms
[2025-11-06T12:03:58.451+0700][8.097s][info][gc,cpu      ] GC(83) User=0.00s Sys=0.00s Real=0.00s
[2025-11-06T12:03:58.451+0700][8.097s][info][gc,marking  ] GC(83) Concurrent Cleanup for Next Mark
[2025-11-06T12:03:58.453+0700][8.099s][info][gc,marking  ] GC(83) Concurrent Cleanup for Next Mark 2.657ms
[2025-11-06T12:03:58.453+0700][8.099s][info][gc          ] GC(83) Concurrent Mark Cycle 33.198ms
[2025-11-06T12:03:58.455+0700][8.101s][info][gc,start    ] GC(84) Pause Young (Concurrent Start) (G1 Humongous Allocation)
[2025-11-06T12:03:58.455+0700][8.101s][info][gc,task     ] GC(84) Using 20 workers of 20 for evacuation
[2025-11-06T12:03:58.456+0700][8.102s][info][gc,phases   ] GC(84)   Pre Evacuate Collection Set: 0.1ms
[2025-11-06T12:03:58.456+0700][8.102s][info][gc,phases   ] GC(84)   Merge Heap Roots: 0.1ms
[2025-11-06T12:03:58.456+0700][8.102s][info][gc,phases   ] GC(84)   Evacuate Collection Set: 0.2ms
[2025-11-06T12:03:58.456+0700][8.102s][info][gc,phases   ] GC(84)   Post Evacuate Collection Set: 0.1ms
[2025-11-06T12:03:58.456+0700][8.102s][info][gc,phases   ] GC(84)   Other: 0.2ms
[2025-11-06T12:03:58.456+0700][8.102s][info][gc,heap     ] GC(84) Eden regions: 0->0(189)
[2025-11-06T12:03:58.456+0700][8.102s][info][gc,heap     ] GC(84) Survivor regions: 1->1(25)
[2025-11-06T12:03:58.456+0700][8.102s][info][gc,heap     ] GC(84) Old regions: 1->1
[2025-11-06T12:03:58.456+0700][8.102s][info][gc,heap     ] GC(84) Archive regions: 0->0
[2025-11-06T12:03:58.456+0700][8.102s][info][gc,heap     ] GC(84) Humongous regions: 402->402
[2025-11-06T12:03:58.456+0700][8.102s][info][gc,metaspace] GC(84) Metaspace: 9471K(9728K)->9471K(9728K) NonClass: 8331K(8448K)->8331K(8448K) Class: 1140K(1280K)->1140K(1280K)
[2025-11-06T12:03:58.456+0700][8.102s][info][gc          ] GC(84) Pause Young (Concurrent Start) (G1 Humongous Allocation) 1610M->1610M(2656M) 0.701ms
[2025-11-06T12:03:58.456+0700][8.102s][info][gc,cpu      ] GC(84) User=0.00s Sys=0.00s Real=0.00s
[2025-11-06T12:03:58.456+0700][8.102s][info][gc          ] GC(85) Concurrent Mark Cycle
[2025-11-06T12:03:58.456+0700][8.102s][info][gc,marking  ] GC(85) Concurrent Clear Claimed Marks
[2025-11-06T12:03:58.456+0700][8.102s][info][gc,marking  ] GC(85) Concurrent Clear Claimed Marks 0.006ms
[2025-11-06T12:03:58.456+0700][8.102s][info][gc,marking  ] GC(85) Concurrent Scan Root Regions
[2025-11-06T12:03:58.456+0700][8.102s][info][gc,marking  ] GC(85) Concurrent Scan Root Regions 0.028ms
[2025-11-06T12:03:58.456+0700][8.102s][info][gc,marking  ] GC(85) Concurrent Mark
[2025-11-06T12:03:58.456+0700][8.102s][info][gc,marking  ] GC(85) Concurrent Mark From Roots
[2025-11-06T12:03:58.456+0700][8.102s][info][gc,task     ] GC(85) Using 5 workers of 5 for marking
[2025-11-06T12:03:58.459+0700][8.105s][info][gc,marking  ] GC(85) Concurrent Mark From Roots 2.759ms
[2025-11-06T12:03:58.459+0700][8.105s][info][gc,marking  ] GC(85) Concurrent Preclean
[2025-11-06T12:03:58.459+0700][8.105s][info][gc,marking  ] GC(85) Concurrent Preclean 0.103ms
[2025-11-06T12:03:58.459+0700][8.105s][info][gc,start    ] GC(85) Pause Remark
[2025-11-06T12:03:58.460+0700][8.106s][info][gc          ] GC(85) Pause Remark 1622M->1622M(2716M) 0.584ms
[2025-11-06T12:03:58.460+0700][8.106s][info][gc,cpu      ] GC(85) User=0.00s Sys=0.00s Real=0.00s
[2025-11-06T12:03:58.460+0700][8.106s][info][gc,marking  ] GC(85) Concurrent Mark 3.541ms
[2025-11-06T12:03:58.460+0700][8.106s][info][gc,marking  ] GC(85) Concurrent Rebuild Remembered Sets
[2025-11-06T12:03:58.461+0700][8.107s][info][gc,marking  ] GC(85) Concurrent Rebuild Remembered Sets 1.057ms
[2025-11-06T12:03:58.466+0700][8.111s][info][gc,start    ] GC(85) Pause Cleanup
[2025-11-06T12:03:58.466+0700][8.112s][info][gc          ] GC(85) Pause Cleanup 1634M->1634M(2716M) 0.122ms
[2025-11-06T12:03:58.466+0700][8.112s][info][gc,cpu      ] GC(85) User=0.00s Sys=0.00s Real=0.00s
[2025-11-06T12:03:58.466+0700][8.112s][info][gc,marking  ] GC(85) Concurrent Cleanup for Next Mark
[2025-11-06T12:03:58.468+0700][8.114s][info][gc,marking  ] GC(85) Concurrent Cleanup for Next Mark 2.615ms
[2025-11-06T12:03:58.469+0700][8.115s][info][gc          ] GC(85) Concurrent Mark Cycle 12.463ms
[2025-11-06T12:03:58.471+0700][8.117s][info][gc,start    ] GC(86) Pause Young (Concurrent Start) (G1 Humongous Allocation)
[2025-11-06T12:03:58.471+0700][8.117s][info][gc,task     ] GC(86) Using 20 workers of 20 for evacuation
[2025-11-06T12:03:58.471+0700][8.117s][info][gc,phases   ] GC(86)   Pre Evacuate Collection Set: 0.1ms
[2025-11-06T12:03:58.471+0700][8.117s][info][gc,phases   ] GC(86)   Merge Heap Roots: 0.1ms
[2025-11-06T12:03:58.471+0700][8.117s][info][gc,phases   ] GC(86)   Evacuate Collection Set: 0.2ms
[2025-11-06T12:03:58.471+0700][8.117s][info][gc,phases   ] GC(86)   Post Evacuate Collection Set: 0.1ms
[2025-11-06T12:03:58.471+0700][8.117s][info][gc,phases   ] GC(86)   Other: 0.2ms
[2025-11-06T12:03:58.471+0700][8.117s][info][gc,heap     ] GC(86) Eden regions: 0->0(194)
[2025-11-06T12:03:58.471+0700][8.117s][info][gc,heap     ] GC(86) Survivor regions: 1->1(24)
[2025-11-06T12:03:58.471+0700][8.117s][info][gc,heap     ] GC(86) Old regions: 1->1
[2025-11-06T12:03:58.471+0700][8.117s][info][gc,heap     ] GC(86) Archive regions: 0->0
[2025-11-06T12:03:58.471+0700][8.117s][info][gc,heap     ] GC(86) Humongous regions: 411->411
[2025-11-06T12:03:58.471+0700][8.117s][info][gc,metaspace] GC(86) Metaspace: 9471K(9728K)->9471K(9728K) NonClass: 8331K(8448K)->8331K(8448K) Class: 1140K(1280K)->1140K(1280K)
[2025-11-06T12:03:58.471+0700][8.117s][info][gc          ] GC(86) Pause Young (Concurrent Start) (G1 Humongous Allocation) 1646M->1646M(2716M) 0.676ms
[2025-11-06T12:03:58.471+0700][8.117s][info][gc,cpu      ] GC(86) User=0.00s Sys=0.00s Real=0.00s
[2025-11-06T12:03:58.471+0700][8.117s][info][gc          ] GC(87) Concurrent Mark Cycle
[2025-11-06T12:03:58.471+0700][8.117s][info][gc,marking  ] GC(87) Concurrent Clear Claimed Marks
[2025-11-06T12:03:58.471+0700][8.117s][info][gc,marking  ] GC(87) Concurrent Clear Claimed Marks 0.009ms
[2025-11-06T12:03:58.471+0700][8.117s][info][gc,marking  ] GC(87) Concurrent Scan Root Regions
[2025-11-06T12:03:58.471+0700][8.117s][info][gc,marking  ] GC(87) Concurrent Scan Root Regions 0.034ms
[2025-11-06T12:03:58.471+0700][8.117s][info][gc,marking  ] GC(87) Concurrent Mark
[2025-11-06T12:03:58.471+0700][8.117s][info][gc,marking  ] GC(87) Concurrent Mark From Roots
[2025-11-06T12:03:58.471+0700][8.117s][info][gc,task     ] GC(87) Using 5 workers of 5 for marking
[2025-11-06T12:03:58.474+0700][8.120s][info][gc,marking  ] GC(87) Concurrent Mark From Roots 2.331ms
[2025-11-06T12:03:58.474+0700][8.120s][info][gc,marking  ] GC(87) Concurrent Preclean
[2025-11-06T12:03:58.474+0700][8.120s][info][gc,marking  ] GC(87) Concurrent Preclean 0.156ms
[2025-11-06T12:03:58.475+0700][8.120s][info][gc,start    ] GC(87) Pause Remark
[2025-11-06T12:03:58.475+0700][8.121s][info][gc          ] GC(87) Pause Remark 1658M->1658M(2776M) 0.624ms
[2025-11-06T12:03:58.475+0700][8.121s][info][gc,cpu      ] GC(87) User=0.00s Sys=0.00s Real=0.00s
[2025-11-06T12:03:58.475+0700][8.121s][info][gc,marking  ] GC(87) Concurrent Mark 3.699ms
[2025-11-06T12:03:58.475+0700][8.121s][info][gc,marking  ] GC(87) Concurrent Rebuild Remembered Sets
[2025-11-06T12:03:58.476+0700][8.122s][info][gc,marking  ] GC(87) Concurrent Rebuild Remembered Sets 1.050ms
[2025-11-06T12:03:58.482+0700][8.128s][info][gc,start    ] GC(87) Pause Cleanup
[2025-11-06T12:03:58.482+0700][8.128s][info][gc          ] GC(87) Pause Cleanup 1670M->1670M(2776M) 0.197ms
[2025-11-06T12:03:58.482+0700][8.128s][info][gc,cpu      ] GC(87) User=0.00s Sys=0.00s Real=0.00s
[2025-11-06T12:03:58.482+0700][8.128s][info][gc,marking  ] GC(87) Concurrent Cleanup for Next Mark
[2025-11-06T12:03:58.485+0700][8.131s][info][gc,marking  ] GC(87) Concurrent Cleanup for Next Mark 2.974ms
[2025-11-06T12:03:58.485+0700][8.131s][info][gc          ] GC(87) Concurrent Mark Cycle 13.561ms
[2025-11-06T12:03:58.988+0700][8.633s][info][gc,start    ] GC(88) Pause Young (Concurrent Start) (G1 Humongous Allocation)
[2025-11-06T12:03:58.988+0700][8.634s][info][gc,task     ] GC(88) Using 20 workers of 20 for evacuation
[2025-11-06T12:03:58.988+0700][8.634s][info][gc,phases   ] GC(88)   Pre Evacuate Collection Set: 0.1ms
[2025-11-06T12:03:58.988+0700][8.634s][info][gc,phases   ] GC(88)   Merge Heap Roots: 0.0ms
[2025-11-06T12:03:58.988+0700][8.634s][info][gc,phases   ] GC(88)   Evacuate Collection Set: 0.2ms
[2025-11-06T12:03:58.988+0700][8.634s][info][gc,phases   ] GC(88)   Post Evacuate Collection Set: 0.1ms
[2025-11-06T12:03:58.988+0700][8.634s][info][gc,phases   ] GC(88)   Other: 0.2ms
[2025-11-06T12:03:58.988+0700][8.634s][info][gc,heap     ] GC(88) Eden regions: 1->0(199)
[2025-11-06T12:03:58.988+0700][8.634s][info][gc,heap     ] GC(88) Survivor regions: 1->1(25)
[2025-11-06T12:03:58.988+0700][8.634s][info][gc,heap     ] GC(88) Old regions: 1->1
[2025-11-06T12:03:58.988+0700][8.634s][info][gc,heap     ] GC(88) Archive regions: 0->0
[2025-11-06T12:03:58.988+0700][8.634s][info][gc,heap     ] GC(88) Humongous regions: 420->420
[2025-11-06T12:03:58.988+0700][8.634s][info][gc,metaspace] GC(88) Metaspace: 9471K(9728K)->9471K(9728K) NonClass: 8331K(8448K)->8331K(8448K) Class: 1140K(1280K)->1140K(1280K)
[2025-11-06T12:03:58.988+0700][8.634s][info][gc          ] GC(88) Pause Young (Concurrent Start) (G1 Humongous Allocation) 1684M->1682M(2776M) 0.684ms
[2025-11-06T12:03:58.988+0700][8.634s][info][gc,cpu      ] GC(88) User=0.00s Sys=0.00s Real=0.00s
[2025-11-06T12:03:58.988+0700][8.634s][info][gc          ] GC(89) Concurrent Mark Cycle
[2025-11-06T12:03:58.988+0700][8.634s][info][gc,marking  ] GC(89) Concurrent Clear Claimed Marks
[2025-11-06T12:03:58.988+0700][8.634s][info][gc,marking  ] GC(89) Concurrent Clear Claimed Marks 0.007ms
[2025-11-06T12:03:58.988+0700][8.634s][info][gc,marking  ] GC(89) Concurrent Scan Root Regions
[2025-11-06T12:03:58.988+0700][8.634s][info][gc,marking  ] GC(89) Concurrent Scan Root Regions 0.038ms
[2025-11-06T12:03:58.988+0700][8.634s][info][gc,marking  ] GC(89) Concurrent Mark
[2025-11-06T12:03:58.988+0700][8.634s][info][gc,marking  ] GC(89) Concurrent Mark From Roots
[2025-11-06T12:03:58.988+0700][8.634s][info][gc,task     ] GC(89) Using 5 workers of 5 for marking
[2025-11-06T12:03:58.991+0700][8.637s][info][gc,marking  ] GC(89) Concurrent Mark From Roots 2.560ms
[2025-11-06T12:03:58.991+0700][8.637s][info][gc,marking  ] GC(89) Concurrent Preclean
[2025-11-06T12:03:58.991+0700][8.637s][info][gc,marking  ] GC(89) Concurrent Preclean 0.107ms
[2025-11-06T12:03:58.992+0700][8.638s][info][gc,start    ] GC(89) Pause Remark
[2025-11-06T12:03:58.992+0700][8.638s][info][gc          ] GC(89) Pause Remark 1694M->1694M(2836M) 0.618ms
[2025-11-06T12:03:58.992+0700][8.638s][info][gc,cpu      ] GC(89) User=0.00s Sys=0.00s Real=0.00s
[2025-11-06T12:03:58.992+0700][8.638s][info][gc,marking  ] GC(89) Concurrent Mark 4.051ms
[2025-11-06T12:03:58.993+0700][8.638s][info][gc,marking  ] GC(89) Concurrent Rebuild Remembered Sets
[2025-11-06T12:03:58.994+0700][8.640s][info][gc,marking  ] GC(89) Concurrent Rebuild Remembered Sets 1.451ms
[2025-11-06T12:03:59.004+0700][8.649s][info][gc,start    ] GC(89) Pause Cleanup
[2025-11-06T12:03:59.004+0700][8.650s][info][gc          ] GC(89) Pause Cleanup 1706M->1706M(2836M) 0.216ms
[2025-11-06T12:03:59.004+0700][8.650s][info][gc,cpu      ] GC(89) User=0.00s Sys=0.00s Real=0.00s
[2025-11-06T12:03:59.004+0700][8.650s][info][gc,marking  ] GC(89) Concurrent Cleanup for Next Mark
[2025-11-06T12:03:59.006+0700][8.652s][info][gc,marking  ] GC(89) Concurrent Cleanup for Next Mark 2.389ms
[2025-11-06T12:03:59.006+0700][8.652s][info][gc          ] GC(89) Concurrent Mark Cycle 17.950ms
[2025-11-06T12:03:59.009+0700][8.655s][info][gc,start    ] GC(90) Pause Young (Concurrent Start) (G1 Humongous Allocation)
[2025-11-06T12:03:59.009+0700][8.655s][info][gc,task     ] GC(90) Using 20 workers of 20 for evacuation
[2025-11-06T12:03:59.009+0700][8.655s][info][gc,phases   ] GC(90)   Pre Evacuate Collection Set: 0.1ms
[2025-11-06T12:03:59.009+0700][8.655s][info][gc,phases   ] GC(90)   Merge Heap Roots: 0.1ms
[2025-11-06T12:03:59.009+0700][8.655s][info][gc,phases   ] GC(90)   Evacuate Collection Set: 0.2ms
[2025-11-06T12:03:59.009+0700][8.655s][info][gc,phases   ] GC(90)   Post Evacuate Collection Set: 0.1ms
[2025-11-06T12:03:59.009+0700][8.655s][info][gc,phases   ] GC(90)   Other: 0.1ms
[2025-11-06T12:03:59.010+0700][8.655s][info][gc,heap     ] GC(90) Eden regions: 0->0(204)
[2025-11-06T12:03:59.010+0700][8.655s][info][gc,heap     ] GC(90) Survivor regions: 1->1(25)
[2025-11-06T12:03:59.010+0700][8.655s][info][gc,heap     ] GC(90) Old regions: 1->1
[2025-11-06T12:03:59.010+0700][8.655s][info][gc,heap     ] GC(90) Archive regions: 0->0
[2025-11-06T12:03:59.010+0700][8.655s][info][gc,heap     ] GC(90) Humongous regions: 429->429
[2025-11-06T12:03:59.010+0700][8.655s][info][gc,metaspace] GC(90) Metaspace: 9471K(9728K)->9471K(9728K) NonClass: 8331K(8448K)->8331K(8448K) Class: 1140K(1280K)->1140K(1280K)
[2025-11-06T12:03:59.010+0700][8.655s][info][gc          ] GC(90) Pause Young (Concurrent Start) (G1 Humongous Allocation) 1718M->1718M(2836M) 0.622ms
[2025-11-06T12:03:59.010+0700][8.655s][info][gc,cpu      ] GC(90) User=0.00s Sys=0.00s Real=0.00s
[2025-11-06T12:03:59.010+0700][8.655s][info][gc          ] GC(91) Concurrent Mark Cycle
[2025-11-06T12:03:59.010+0700][8.655s][info][gc,marking  ] GC(91) Concurrent Clear Claimed Marks
[2025-11-06T12:03:59.010+0700][8.655s][info][gc,marking  ] GC(91) Concurrent Clear Claimed Marks 0.008ms
[2025-11-06T12:03:59.010+0700][8.655s][info][gc,marking  ] GC(91) Concurrent Scan Root Regions
[2025-11-06T12:03:59.010+0700][8.656s][info][gc,marking  ] GC(91) Concurrent Scan Root Regions 0.053ms
[2025-11-06T12:03:59.010+0700][8.656s][info][gc,marking  ] GC(91) Concurrent Mark
[2025-11-06T12:03:59.010+0700][8.656s][info][gc,marking  ] GC(91) Concurrent Mark From Roots
[2025-11-06T12:03:59.010+0700][8.656s][info][gc,task     ] GC(91) Using 5 workers of 5 for marking
[2025-11-06T12:03:59.012+0700][8.658s][info][gc,marking  ] GC(91) Concurrent Mark From Roots 2.158ms
[2025-11-06T12:03:59.012+0700][8.658s][info][gc,marking  ] GC(91) Concurrent Preclean
[2025-11-06T12:03:59.012+0700][8.658s][info][gc,marking  ] GC(91) Concurrent Preclean 0.170ms
[2025-11-06T12:03:59.013+0700][8.659s][info][gc,start    ] GC(91) Pause Remark
[2025-11-06T12:03:59.014+0700][8.660s][info][gc          ] GC(91) Pause Remark 1730M->1730M(2896M) 0.871ms
[2025-11-06T12:03:59.014+0700][8.660s][info][gc,cpu      ] GC(91) User=0.00s Sys=0.00s Real=0.00s
[2025-11-06T12:03:59.014+0700][8.660s][info][gc,marking  ] GC(91) Concurrent Mark 4.202ms
[2025-11-06T12:03:59.014+0700][8.660s][info][gc,marking  ] GC(91) Concurrent Rebuild Remembered Sets
[2025-11-06T12:03:59.015+0700][8.661s][info][gc,marking  ] GC(91) Concurrent Rebuild Remembered Sets 1.073ms
[2025-11-06T12:03:59.019+0700][8.664s][info][gc,start    ] GC(91) Pause Cleanup
[2025-11-06T12:03:59.019+0700][8.665s][info][gc          ] GC(91) Pause Cleanup 1742M->1742M(2896M) 0.166ms
[2025-11-06T12:03:59.019+0700][8.665s][info][gc,cpu      ] GC(91) User=0.00s Sys=0.00s Real=0.00s
[2025-11-06T12:03:59.019+0700][8.665s][info][gc,marking  ] GC(91) Concurrent Cleanup for Next Mark
[2025-11-06T12:03:59.022+0700][8.667s][info][gc,marking  ] GC(91) Concurrent Cleanup for Next Mark 2.725ms
[2025-11-06T12:03:59.022+0700][8.668s][info][gc          ] GC(91) Concurrent Mark Cycle 12.099ms
[2025-11-06T12:03:59.023+0700][8.669s][info][gc,start    ] GC(92) Pause Young (Concurrent Start) (G1 Humongous Allocation)
[2025-11-06T12:03:59.023+0700][8.669s][info][gc,task     ] GC(92) Using 20 workers of 20 for evacuation
[2025-11-06T12:03:59.023+0700][8.669s][info][gc,phases   ] GC(92)   Pre Evacuate Collection Set: 0.1ms
[2025-11-06T12:03:59.023+0700][8.669s][info][gc,phases   ] GC(92)   Merge Heap Roots: 0.0ms
[2025-11-06T12:03:59.023+0700][8.669s][info][gc,phases   ] GC(92)   Evacuate Collection Set: 0.2ms
[2025-11-06T12:03:59.023+0700][8.669s][info][gc,phases   ] GC(92)   Post Evacuate Collection Set: 0.1ms
[2025-11-06T12:03:59.023+0700][8.669s][info][gc,phases   ] GC(92)   Other: 0.1ms
[2025-11-06T12:03:59.023+0700][8.669s][info][gc,heap     ] GC(92) Eden regions: 0->0(208)
[2025-11-06T12:03:59.023+0700][8.669s][info][gc,heap     ] GC(92) Survivor regions: 1->1(26)
[2025-11-06T12:03:59.023+0700][8.669s][info][gc,heap     ] GC(92) Old regions: 1->1
[2025-11-06T12:03:59.023+0700][8.669s][info][gc,heap     ] GC(92) Archive regions: 0->0
[2025-11-06T12:03:59.023+0700][8.669s][info][gc,heap     ] GC(92) Humongous regions: 438->438
[2025-11-06T12:03:59.023+0700][8.669s][info][gc,metaspace] GC(92) Metaspace: 9471K(9728K)->9471K(9728K) NonClass: 8331K(8448K)->8331K(8448K) Class: 1140K(1280K)->1140K(1280K)
[2025-11-06T12:03:59.023+0700][8.669s][info][gc          ] GC(92) Pause Young (Concurrent Start) (G1 Humongous Allocation) 1754M->1754M(2896M) 0.579ms
[2025-11-06T12:03:59.023+0700][8.669s][info][gc,cpu      ] GC(92) User=0.00s Sys=0.00s Real=0.00s
[2025-11-06T12:03:59.023+0700][8.669s][info][gc          ] GC(93) Concurrent Mark Cycle
[2025-11-06T12:03:59.023+0700][8.669s][info][gc,marking  ] GC(93) Concurrent Clear Claimed Marks
[2025-11-06T12:03:59.023+0700][8.669s][info][gc,marking  ] GC(93) Concurrent Clear Claimed Marks 0.006ms
[2025-11-06T12:03:59.023+0700][8.669s][info][gc,marking  ] GC(93) Concurrent Scan Root Regions
[2025-11-06T12:03:59.023+0700][8.669s][info][gc,marking  ] GC(93) Concurrent Scan Root Regions 0.027ms
[2025-11-06T12:03:59.023+0700][8.669s][info][gc,marking  ] GC(93) Concurrent Mark
[2025-11-06T12:03:59.023+0700][8.669s][info][gc,marking  ] GC(93) Concurrent Mark From Roots
[2025-11-06T12:03:59.023+0700][8.669s][info][gc,task     ] GC(93) Using 5 workers of 5 for marking
[2025-11-06T12:03:59.026+0700][8.672s][info][gc,marking  ] GC(93) Concurrent Mark From Roots 2.470ms
[2025-11-06T12:03:59.026+0700][8.672s][info][gc,marking  ] GC(93) Concurrent Preclean
[2025-11-06T12:03:59.026+0700][8.672s][info][gc,marking  ] GC(93) Concurrent Preclean 0.104ms
[2025-11-06T12:03:59.027+0700][8.673s][info][gc,start    ] GC(93) Pause Remark
[2025-11-06T12:03:59.028+0700][8.673s][info][gc          ] GC(93) Pause Remark 1766M->1766M(2956M) 0.718ms
[2025-11-06T12:03:59.028+0700][8.673s][info][gc,cpu      ] GC(93) User=0.00s Sys=0.00s Real=0.00s
[2025-11-06T12:03:59.028+0700][8.673s][info][gc,marking  ] GC(93) Concurrent Mark 4.185ms
[2025-11-06T12:03:59.028+0700][8.673s][info][gc,marking  ] GC(93) Concurrent Rebuild Remembered Sets
[2025-11-06T12:03:59.029+0700][8.675s][info][gc,marking  ] GC(93) Concurrent Rebuild Remembered Sets 1.026ms
[2025-11-06T12:03:59.035+0700][8.680s][info][gc,start    ] GC(93) Pause Cleanup
[2025-11-06T12:03:59.035+0700][8.681s][info][gc          ] GC(93) Pause Cleanup 1778M->1778M(2956M) 0.176ms
[2025-11-06T12:03:59.035+0700][8.681s][info][gc,cpu      ] GC(93) User=0.00s Sys=0.00s Real=0.00s
[2025-11-06T12:03:59.035+0700][8.681s][info][gc,marking  ] GC(93) Concurrent Cleanup for Next Mark
[2025-11-06T12:03:59.038+0700][8.684s][info][gc,marking  ] GC(93) Concurrent Cleanup for Next Mark 2.827ms
[2025-11-06T12:03:59.038+0700][8.684s][info][gc          ] GC(93) Concurrent Mark Cycle 14.379ms
[2025-11-06T12:03:59.041+0700][8.686s][info][gc,start    ] GC(94) Pause Young (Concurrent Start) (G1 Humongous Allocation)
[2025-11-06T12:03:59.041+0700][8.686s][info][gc,task     ] GC(94) Using 20 workers of 20 for evacuation
[2025-11-06T12:03:59.041+0700][8.687s][info][gc,phases   ] GC(94)   Pre Evacuate Collection Set: 0.1ms
[2025-11-06T12:03:59.041+0700][8.687s][info][gc,phases   ] GC(94)   Merge Heap Roots: 0.0ms
[2025-11-06T12:03:59.041+0700][8.687s][info][gc,phases   ] GC(94)   Evacuate Collection Set: 0.2ms
[2025-11-06T12:03:59.041+0700][8.687s][info][gc,phases   ] GC(94)   Post Evacuate Collection Set: 0.1ms
[2025-11-06T12:03:59.041+0700][8.687s][info][gc,phases   ] GC(94)   Other: 0.2ms
[2025-11-06T12:03:59.041+0700][8.687s][info][gc,heap     ] GC(94) Eden regions: 0->0(213)
[2025-11-06T12:03:59.041+0700][8.687s][info][gc,heap     ] GC(94) Survivor regions: 1->1(27)
[2025-11-06T12:03:59.041+0700][8.687s][info][gc,heap     ] GC(94) Old regions: 1->1
[2025-11-06T12:03:59.041+0700][8.687s][info][gc,heap     ] GC(94) Archive regions: 0->0
[2025-11-06T12:03:59.041+0700][8.687s][info][gc,heap     ] GC(94) Humongous regions: 447->447
[2025-11-06T12:03:59.041+0700][8.687s][info][gc,metaspace] GC(94) Metaspace: 9471K(9728K)->9471K(9728K) NonClass: 8331K(8448K)->8331K(8448K) Class: 1140K(1280K)->1140K(1280K)
[2025-11-06T12:03:59.041+0700][8.687s][info][gc          ] GC(94) Pause Young (Concurrent Start) (G1 Humongous Allocation) 1790M->1790M(2956M) 0.660ms
[2025-11-06T12:03:59.041+0700][8.687s][info][gc,cpu      ] GC(94) User=0.00s Sys=0.00s Real=0.00s
[2025-11-06T12:03:59.041+0700][8.687s][info][gc          ] GC(95) Concurrent Mark Cycle
[2025-11-06T12:03:59.041+0700][8.687s][info][gc,marking  ] GC(95) Concurrent Clear Claimed Marks
[2025-11-06T12:03:59.041+0700][8.687s][info][gc,marking  ] GC(95) Concurrent Clear Claimed Marks 0.006ms
[2025-11-06T12:03:59.041+0700][8.687s][info][gc,marking  ] GC(95) Concurrent Scan Root Regions
[2025-11-06T12:03:59.041+0700][8.687s][info][gc,marking  ] GC(95) Concurrent Scan Root Regions 0.038ms
[2025-11-06T12:03:59.041+0700][8.687s][info][gc,marking  ] GC(95) Concurrent Mark
[2025-11-06T12:03:59.041+0700][8.687s][info][gc,marking  ] GC(95) Concurrent Mark From Roots
[2025-11-06T12:03:59.041+0700][8.687s][info][gc,task     ] GC(95) Using 5 workers of 5 for marking
[2025-11-06T12:03:59.044+0700][8.690s][info][gc,marking  ] GC(95) Concurrent Mark From Roots 2.577ms
[2025-11-06T12:03:59.044+0700][8.690s][info][gc,marking  ] GC(95) Concurrent Preclean
[2025-11-06T12:03:59.044+0700][8.690s][info][gc,marking  ] GC(95) Concurrent Preclean 0.104ms
[2025-11-06T12:03:59.044+0700][8.690s][info][gc,start    ] GC(95) Pause Remark
[2025-11-06T12:03:59.045+0700][8.691s][info][gc          ] GC(95) Pause Remark 1802M->1802M(3016M) 0.648ms
[2025-11-06T12:03:59.045+0700][8.691s][info][gc,cpu      ] GC(95) User=0.00s Sys=0.00s Real=0.00s
[2025-11-06T12:03:59.045+0700][8.691s][info][gc,marking  ] GC(95) Concurrent Mark 3.860ms
[2025-11-06T12:03:59.045+0700][8.691s][info][gc,marking  ] GC(95) Concurrent Rebuild Remembered Sets
[2025-11-06T12:03:59.046+0700][8.692s][info][gc,marking  ] GC(95) Concurrent Rebuild Remembered Sets 1.040ms
[2025-11-06T12:03:59.046+0700][8.692s][info][gc,start    ] GC(95) Pause Cleanup
[2025-11-06T12:03:59.046+0700][8.692s][info][gc          ] GC(95) Pause Cleanup 1804M->1804M(3016M) 0.060ms
[2025-11-06T12:03:59.046+0700][8.692s][info][gc,cpu      ] GC(95) User=0.00s Sys=0.00s Real=0.00s
[2025-11-06T12:03:59.046+0700][8.692s][info][gc,marking  ] GC(95) Concurrent Cleanup for Next Mark
[2025-11-06T12:03:59.049+0700][8.695s][info][gc,marking  ] GC(95) Concurrent Cleanup for Next Mark 2.383ms
[2025-11-06T12:03:59.049+0700][8.695s][info][gc          ] GC(95) Concurrent Mark Cycle 7.579ms
[2025-11-06T12:03:59.556+0700][9.202s][info][gc,start    ] GC(96) Pause Young (Concurrent Start) (G1 Humongous Allocation)
[2025-11-06T12:03:59.556+0700][9.202s][info][gc,task     ] GC(96) Using 20 workers of 20 for evacuation
[2025-11-06T12:03:59.556+0700][9.203s][info][gc,phases   ] GC(96)   Pre Evacuate Collection Set: 0.2ms
[2025-11-06T12:03:59.557+0700][9.203s][info][gc,phases   ] GC(96)   Merge Heap Roots: 0.1ms
[2025-11-06T12:03:59.557+0700][9.203s][info][gc,phases   ] GC(96)   Evacuate Collection Set: 0.1ms
[2025-11-06T12:03:59.557+0700][9.203s][info][gc,phases   ] GC(96)   Post Evacuate Collection Set: 0.3ms
[2025-11-06T12:03:59.557+0700][9.203s][info][gc,phases   ] GC(96)   Other: 0.2ms
[2025-11-06T12:03:59.557+0700][9.203s][info][gc,heap     ] GC(96) Eden regions: 1->0(224)
[2025-11-06T12:03:59.557+0700][9.203s][info][gc,heap     ] GC(96) Survivor regions: 1->0(27)
[2025-11-06T12:03:59.557+0700][9.203s][info][gc,heap     ] GC(96) Old regions: 1->1
[2025-11-06T12:03:59.557+0700][9.203s][info][gc,heap     ] GC(96) Archive regions: 0->0
[2025-11-06T12:03:59.557+0700][9.203s][info][gc,heap     ] GC(96) Humongous regions: 450->450
[2025-11-06T12:03:59.557+0700][9.203s][info][gc,metaspace] GC(96) Metaspace: 9471K(9728K)->9471K(9728K) NonClass: 8331K(8448K)->8331K(8448K) Class: 1140K(1280K)->1140K(1280K)
[2025-11-06T12:03:59.557+0700][9.203s][info][gc          ] GC(96) Pause Young (Concurrent Start) (G1 Humongous Allocation) 1804M->1802M(3016M) 0.995ms
[2025-11-06T12:03:59.557+0700][9.203s][info][gc,cpu      ] GC(96) User=0.00s Sys=0.00s Real=0.00s
[2025-11-06T12:03:59.557+0700][9.203s][info][gc          ] GC(97) Concurrent Mark Cycle
[2025-11-06T12:03:59.557+0700][9.203s][info][gc,marking  ] GC(97) Concurrent Clear Claimed Marks
[2025-11-06T12:03:59.557+0700][9.203s][info][gc,marking  ] GC(97) Concurrent Clear Claimed Marks 0.016ms
[2025-11-06T12:03:59.557+0700][9.203s][info][gc,marking  ] GC(97) Concurrent Scan Root Regions
[2025-11-06T12:03:59.557+0700][9.203s][info][gc,marking  ] GC(97) Concurrent Scan Root Regions 0.031ms
[2025-11-06T12:03:59.557+0700][9.203s][info][gc,marking  ] GC(97) Concurrent Mark
[2025-11-06T12:03:59.557+0700][9.203s][info][gc,marking  ] GC(97) Concurrent Mark From Roots
[2025-11-06T12:03:59.557+0700][9.203s][info][gc,task     ] GC(97) Using 5 workers of 5 for marking
[2025-11-06T12:03:59.559+0700][9.206s][info][gc,marking  ] GC(97) Concurrent Mark From Roots 2.393ms
[2025-11-06T12:03:59.559+0700][9.206s][info][gc,marking  ] GC(97) Concurrent Preclean
[2025-11-06T12:03:59.559+0700][9.206s][info][gc,marking  ] GC(97) Concurrent Preclean 0.105ms
[2025-11-06T12:03:59.572+0700][9.218s][info][gc,start    ] GC(97) Pause Remark
[2025-11-06T12:03:59.572+0700][9.219s][info][gc          ] GC(97) Pause Remark 1814M->1814M(3028M) 0.727ms
[2025-11-06T12:03:59.572+0700][9.219s][info][gc,cpu      ] GC(97) User=0.00s Sys=0.00s Real=0.00s
[2025-11-06T12:03:59.572+0700][9.219s][info][gc,marking  ] GC(97) Concurrent Mark 15.602ms
[2025-11-06T12:03:59.572+0700][9.219s][info][gc,marking  ] GC(97) Concurrent Rebuild Remembered Sets
[2025-11-06T12:03:59.574+0700][9.220s][info][gc,marking  ] GC(97) Concurrent Rebuild Remembered Sets 1.450ms
[2025-11-06T12:03:59.587+0700][9.233s][info][gc,start    ] GC(97) Pause Cleanup
[2025-11-06T12:03:59.587+0700][9.233s][info][gc          ] GC(97) Pause Cleanup 1826M->1826M(3028M) 0.149ms
[2025-11-06T12:03:59.587+0700][9.233s][info][gc,cpu      ] GC(97) User=0.00s Sys=0.00s Real=0.00s
[2025-11-06T12:03:59.587+0700][9.233s][info][gc,marking  ] GC(97) Concurrent Cleanup for Next Mark
[2025-11-06T12:03:59.589+0700][9.235s][info][gc,marking  ] GC(97) Concurrent Cleanup for Next Mark 2.336ms
[2025-11-06T12:03:59.589+0700][9.236s][info][gc          ] GC(97) Concurrent Mark Cycle 32.469ms
[2025-11-06T12:03:59.591+0700][9.238s][info][gc,start    ] GC(98) Pause Young (Concurrent Start) (G1 Humongous Allocation)
[2025-11-06T12:03:59.591+0700][9.238s][info][gc,task     ] GC(98) Using 20 workers of 20 for evacuation
[2025-11-06T12:03:59.592+0700][9.238s][info][gc,phases   ] GC(98)   Pre Evacuate Collection Set: 0.1ms
[2025-11-06T12:03:59.592+0700][9.238s][info][gc,phases   ] GC(98)   Merge Heap Roots: 0.1ms
[2025-11-06T12:03:59.592+0700][9.238s][info][gc,phases   ] GC(98)   Evacuate Collection Set: 0.2ms
[2025-11-06T12:03:59.592+0700][9.238s][info][gc,phases   ] GC(98)   Post Evacuate Collection Set: 0.1ms
[2025-11-06T12:03:59.592+0700][9.238s][info][gc,phases   ] GC(98)   Other: 0.1ms
[2025-11-06T12:03:59.592+0700][9.238s][info][gc,heap     ] GC(98) Eden regions: 0->0(218)
[2025-11-06T12:03:59.592+0700][9.238s][info][gc,heap     ] GC(98) Survivor regions: 0->0(28)
[2025-11-06T12:03:59.592+0700][9.238s][info][gc,heap     ] GC(98) Old regions: 1->1
[2025-11-06T12:03:59.592+0700][9.238s][info][gc,heap     ] GC(98) Archive regions: 0->0
[2025-11-06T12:03:59.592+0700][9.239s][info][gc,heap     ] GC(98) Humongous regions: 459->459
[2025-11-06T12:03:59.592+0700][9.239s][info][gc,metaspace] GC(98) Metaspace: 9471K(9728K)->9471K(9728K) NonClass: 8331K(8448K)->8331K(8448K) Class: 1140K(1280K)->1140K(1280K)
[2025-11-06T12:03:59.592+0700][9.239s][info][gc          ] GC(98) Pause Young (Concurrent Start) (G1 Humongous Allocation) 1838M->1838M(3028M) 0.732ms
[2025-11-06T12:03:59.592+0700][9.239s][info][gc,cpu      ] GC(98) User=0.00s Sys=0.00s Real=0.00s
[2025-11-06T12:03:59.592+0700][9.239s][info][gc          ] GC(99) Concurrent Mark Cycle
[2025-11-06T12:03:59.592+0700][9.239s][info][gc,marking  ] GC(99) Concurrent Clear Claimed Marks
[2025-11-06T12:03:59.592+0700][9.239s][info][gc,marking  ] GC(99) Concurrent Clear Claimed Marks 0.007ms
[2025-11-06T12:03:59.592+0700][9.239s][info][gc,marking  ] GC(99) Concurrent Scan Root Regions
[2025-11-06T12:03:59.592+0700][9.239s][info][gc,marking  ] GC(99) Concurrent Scan Root Regions 0.005ms
[2025-11-06T12:03:59.592+0700][9.239s][info][gc,marking  ] GC(99) Concurrent Mark
[2025-11-06T12:03:59.592+0700][9.239s][info][gc,marking  ] GC(99) Concurrent Mark From Roots
[2025-11-06T12:03:59.592+0700][9.239s][info][gc,task     ] GC(99) Using 5 workers of 5 for marking
[2025-11-06T12:03:59.594+0700][9.241s][info][gc,marking  ] GC(99) Concurrent Mark From Roots 2.084ms
[2025-11-06T12:03:59.594+0700][9.241s][info][gc,marking  ] GC(99) Concurrent Preclean
[2025-11-06T12:03:59.594+0700][9.241s][info][gc,marking  ] GC(99) Concurrent Preclean 0.103ms
[2025-11-06T12:03:59.602+0700][9.248s][info][gc,start    ] GC(99) Pause Remark
[2025-11-06T12:03:59.603+0700][9.249s][info][gc          ] GC(99) Pause Remark 1850M->1850M(3088M) 0.828ms
[2025-11-06T12:03:59.603+0700][9.249s][info][gc,cpu      ] GC(99) User=0.00s Sys=0.00s Real=0.00s
[2025-11-06T12:03:59.603+0700][9.249s][info][gc,marking  ] GC(99) Concurrent Mark 10.563ms
[2025-11-06T12:03:59.603+0700][9.249s][info][gc,marking  ] GC(99) Concurrent Rebuild Remembered Sets
[2025-11-06T12:03:59.604+0700][9.250s][info][gc,marking  ] GC(99) Concurrent Rebuild Remembered Sets 1.131ms
[2025-11-06T12:03:59.617+0700][9.263s][info][gc,start    ] GC(99) Pause Cleanup
[2025-11-06T12:03:59.617+0700][9.263s][info][gc          ] GC(99) Pause Cleanup 1862M->1862M(3088M) 0.214ms
[2025-11-06T12:03:59.617+0700][9.263s][info][gc,cpu      ] GC(99) User=0.00s Sys=0.00s Real=0.00s
[2025-11-06T12:03:59.617+0700][9.264s][info][gc,marking  ] GC(99) Concurrent Cleanup for Next Mark
[2025-11-06T12:03:59.621+0700][9.267s][info][gc,marking  ] GC(99) Concurrent Cleanup for Next Mark 3.739ms
[2025-11-06T12:03:59.621+0700][9.267s][info][gc          ] GC(99) Concurrent Mark Cycle 28.839ms
[2025-11-06T12:03:59.622+0700][9.269s][info][gc,start    ] GC(100) Pause Young (Concurrent Start) (G1 Humongous Allocation)
[2025-11-06T12:03:59.622+0700][9.269s][info][gc,task     ] GC(100) Using 20 workers of 20 for evacuation
[2025-11-06T12:03:59.623+0700][9.269s][info][gc,phases   ] GC(100)   Pre Evacuate Collection Set: 0.1ms
[2025-11-06T12:03:59.623+0700][9.269s][info][gc,phases   ] GC(100)   Merge Heap Roots: 0.1ms
[2025-11-06T12:03:59.623+0700][9.269s][info][gc,phases   ] GC(100)   Evacuate Collection Set: 0.2ms
[2025-11-06T12:03:59.623+0700][9.269s][info][gc,phases   ] GC(100)   Post Evacuate Collection Set: 0.1ms
[2025-11-06T12:03:59.623+0700][9.269s][info][gc,phases   ] GC(100)   Other: 0.1ms
[2025-11-06T12:03:59.623+0700][9.269s][info][gc,heap     ] GC(100) Eden regions: 0->0(222)
[2025-11-06T12:03:59.623+0700][9.269s][info][gc,heap     ] GC(100) Survivor regions: 0->0(28)
[2025-11-06T12:03:59.623+0700][9.269s][info][gc,heap     ] GC(100) Old regions: 1->1
[2025-11-06T12:03:59.623+0700][9.269s][info][gc,heap     ] GC(100) Archive regions: 0->0
[2025-11-06T12:03:59.623+0700][9.269s][info][gc,heap     ] GC(100) Humongous regions: 468->468
[2025-11-06T12:03:59.623+0700][9.269s][info][gc,metaspace] GC(100) Metaspace: 9471K(9728K)->9471K(9728K) NonClass: 8331K(8448K)->8331K(8448K) Class: 1140K(1280K)->1140K(1280K)
[2025-11-06T12:03:59.623+0700][9.269s][info][gc          ] GC(100) Pause Young (Concurrent Start) (G1 Humongous Allocation) 1874M->1874M(3088M) 0.719ms
[2025-11-06T12:03:59.623+0700][9.269s][info][gc,cpu      ] GC(100) User=0.00s Sys=0.00s Real=0.00s
[2025-11-06T12:03:59.623+0700][9.269s][info][gc          ] GC(101) Concurrent Mark Cycle
[2025-11-06T12:03:59.623+0700][9.269s][info][gc,marking  ] GC(101) Concurrent Clear Claimed Marks
[2025-11-06T12:03:59.623+0700][9.269s][info][gc,marking  ] GC(101) Concurrent Clear Claimed Marks 0.009ms
[2025-11-06T12:03:59.623+0700][9.269s][info][gc,marking  ] GC(101) Concurrent Scan Root Regions
[2025-11-06T12:03:59.623+0700][9.269s][info][gc,marking  ] GC(101) Concurrent Scan Root Regions 0.005ms
[2025-11-06T12:03:59.623+0700][9.269s][info][gc,marking  ] GC(101) Concurrent Mark
[2025-11-06T12:03:59.623+0700][9.269s][info][gc,marking  ] GC(101) Concurrent Mark From Roots
[2025-11-06T12:03:59.623+0700][9.269s][info][gc,task     ] GC(101) Using 5 workers of 5 for marking
[2025-11-06T12:03:59.625+0700][9.272s][info][gc,marking  ] GC(101) Concurrent Mark From Roots 2.129ms
[2025-11-06T12:03:59.625+0700][9.272s][info][gc,marking  ] GC(101) Concurrent Preclean
[2025-11-06T12:03:59.625+0700][9.272s][info][gc,marking  ] GC(101) Concurrent Preclean 0.104ms
[2025-11-06T12:03:59.633+0700][9.279s][info][gc,start    ] GC(101) Pause Remark
[2025-11-06T12:03:59.633+0700][9.280s][info][gc          ] GC(101) Pause Remark 1886M->1886M(3148M) 0.680ms
[2025-11-06T12:03:59.633+0700][9.280s][info][gc,cpu      ] GC(101) User=0.00s Sys=0.00s Real=0.00s
[2025-11-06T12:03:59.633+0700][9.280s][info][gc,marking  ] GC(101) Concurrent Mark 10.531ms
[2025-11-06T12:03:59.633+0700][9.280s][info][gc,marking  ] GC(101) Concurrent Rebuild Remembered Sets
[2025-11-06T12:03:59.634+0700][9.281s][info][gc,marking  ] GC(101) Concurrent Rebuild Remembered Sets 1.134ms
[2025-11-06T12:03:59.648+0700][9.294s][info][gc,start    ] GC(101) Pause Cleanup
[2025-11-06T12:03:59.648+0700][9.294s][info][gc          ] GC(101) Pause Cleanup 1898M->1898M(3148M) 0.138ms
[2025-11-06T12:03:59.648+0700][9.294s][info][gc,cpu      ] GC(101) User=0.00s Sys=0.00s Real=0.00s
[2025-11-06T12:03:59.648+0700][9.294s][info][gc,marking  ] GC(101) Concurrent Cleanup for Next Mark
[2025-11-06T12:03:59.650+0700][9.297s][info][gc,marking  ] GC(101) Concurrent Cleanup for Next Mark 2.569ms
[2025-11-06T12:03:59.650+0700][9.297s][info][gc          ] GC(101) Concurrent Mark Cycle 27.649ms
[2025-11-06T12:03:59.653+0700][9.300s][info][gc,start    ] GC(102) Pause Young (Concurrent Start) (G1 Humongous Allocation)
[2025-11-06T12:03:59.653+0700][9.300s][info][gc,task     ] GC(102) Using 20 workers of 20 for evacuation
[2025-11-06T12:03:59.654+0700][9.301s][info][gc,phases   ] GC(102)   Pre Evacuate Collection Set: 0.1ms
[2025-11-06T12:03:59.654+0700][9.301s][info][gc,phases   ] GC(102)   Merge Heap Roots: 0.1ms
[2025-11-06T12:03:59.654+0700][9.301s][info][gc,phases   ] GC(102)   Evacuate Collection Set: 0.1ms
[2025-11-06T12:03:59.654+0700][9.301s][info][gc,phases   ] GC(102)   Post Evacuate Collection Set: 0.1ms
[2025-11-06T12:03:59.654+0700][9.301s][info][gc,phases   ] GC(102)   Other: 0.2ms
[2025-11-06T12:03:59.654+0700][9.301s][info][gc,heap     ] GC(102) Eden regions: 0->0(227)
[2025-11-06T12:03:59.654+0700][9.301s][info][gc,heap     ] GC(102) Survivor regions: 0->0(28)
[2025-11-06T12:03:59.654+0700][9.301s][info][gc,heap     ] GC(102) Old regions: 1->1
[2025-11-06T12:03:59.654+0700][9.301s][info][gc,heap     ] GC(102) Archive regions: 0->0
[2025-11-06T12:03:59.654+0700][9.301s][info][gc,heap     ] GC(102) Humongous regions: 477->477
[2025-11-06T12:03:59.654+0700][9.301s][info][gc,metaspace] GC(102) Metaspace: 9471K(9728K)->9471K(9728K) NonClass: 8331K(8448K)->8331K(8448K) Class: 1140K(1280K)->1140K(1280K)
[2025-11-06T12:03:59.654+0700][9.301s][info][gc          ] GC(102) Pause Young (Concurrent Start) (G1 Humongous Allocation) 1910M->1910M(3148M) 0.614ms
[2025-11-06T12:03:59.654+0700][9.301s][info][gc,cpu      ] GC(102) User=0.00s Sys=0.00s Real=0.00s
[2025-11-06T12:03:59.654+0700][9.301s][info][gc          ] GC(103) Concurrent Mark Cycle
[2025-11-06T12:03:59.654+0700][9.301s][info][gc,marking  ] GC(103) Concurrent Clear Claimed Marks
[2025-11-06T12:03:59.654+0700][9.301s][info][gc,marking  ] GC(103) Concurrent Clear Claimed Marks 0.007ms
[2025-11-06T12:03:59.654+0700][9.301s][info][gc,marking  ] GC(103) Concurrent Scan Root Regions
[2025-11-06T12:03:59.654+0700][9.301s][info][gc,marking  ] GC(103) Concurrent Scan Root Regions 0.005ms
[2025-11-06T12:03:59.654+0700][9.301s][info][gc,marking  ] GC(103) Concurrent Mark
[2025-11-06T12:03:59.654+0700][9.301s][info][gc,marking  ] GC(103) Concurrent Mark From Roots
[2025-11-06T12:03:59.654+0700][9.301s][info][gc,task     ] GC(103) Using 5 workers of 5 for marking
[2025-11-06T12:03:59.657+0700][9.304s][info][gc,marking  ] GC(103) Concurrent Mark From Roots 3.203ms
[2025-11-06T12:03:59.657+0700][9.304s][info][gc,marking  ] GC(103) Concurrent Preclean
[2025-11-06T12:03:59.658+0700][9.304s][info][gc,marking  ] GC(103) Concurrent Preclean 0.167ms
[2025-11-06T12:03:59.658+0700][9.304s][info][gc,start    ] GC(103) Pause Remark
[2025-11-06T12:03:59.658+0700][9.305s][info][gc          ] GC(103) Pause Remark 1924M->1924M(3216M) 0.606ms
[2025-11-06T12:03:59.658+0700][9.305s][info][gc,cpu      ] GC(103) User=0.00s Sys=0.00s Real=0.00s
[2025-11-06T12:03:59.658+0700][9.305s][info][gc,marking  ] GC(103) Concurrent Mark 4.095ms
[2025-11-06T12:03:59.658+0700][9.305s][info][gc,marking  ] GC(103) Concurrent Rebuild Remembered Sets
[2025-11-06T12:03:59.659+0700][9.306s][info][gc,marking  ] GC(103) Concurrent Rebuild Remembered Sets 0.970ms
[2025-11-06T12:03:59.659+0700][9.306s][info][gc,start    ] GC(103) Pause Cleanup
[2025-11-06T12:03:59.659+0700][9.306s][info][gc          ] GC(103) Pause Cleanup 1924M->1924M(3216M) 0.061ms
[2025-11-06T12:03:59.659+0700][9.306s][info][gc,cpu      ] GC(103) User=0.00s Sys=0.00s Real=0.00s
[2025-11-06T12:03:59.659+0700][9.306s][info][gc,marking  ] GC(103) Concurrent Cleanup for Next Mark
[2025-11-06T12:03:59.662+0700][9.309s][info][gc,marking  ] GC(103) Concurrent Cleanup for Next Mark 2.836ms
[2025-11-06T12:03:59.662+0700][9.309s][info][gc          ] GC(103) Concurrent Mark Cycle 8.104ms
[2025-11-06T12:04:00.160+0700][9.806s][info][gc,start    ] GC(104) Pause Young (Concurrent Start) (G1 Humongous Allocation)
[2025-11-06T12:04:00.160+0700][9.806s][info][gc,task     ] GC(104) Using 20 workers of 20 for evacuation
[2025-11-06T12:04:00.160+0700][9.807s][info][gc,phases   ] GC(104)   Pre Evacuate Collection Set: 0.1ms
[2025-11-06T12:04:00.160+0700][9.807s][info][gc,phases   ] GC(104)   Merge Heap Roots: 0.1ms
[2025-11-06T12:04:00.160+0700][9.807s][info][gc,phases   ] GC(104)   Evacuate Collection Set: 0.3ms
[2025-11-06T12:04:00.160+0700][9.807s][info][gc,phases   ] GC(104)   Post Evacuate Collection Set: 0.1ms
[2025-11-06T12:04:00.160+0700][9.807s][info][gc,phases   ] GC(104)   Other: 0.2ms
[2025-11-06T12:04:00.160+0700][9.807s][info][gc,heap     ] GC(104) Eden regions: 1->0(239)
[2025-11-06T12:04:00.160+0700][9.807s][info][gc,heap     ] GC(104) Survivor regions: 0->0(29)
[2025-11-06T12:04:00.160+0700][9.807s][info][gc,heap     ] GC(104) Old regions: 1->1
[2025-11-06T12:04:00.160+0700][9.807s][info][gc,heap     ] GC(104) Archive regions: 0->0
[2025-11-06T12:04:00.160+0700][9.807s][info][gc,heap     ] GC(104) Humongous regions: 480->480
[2025-11-06T12:04:00.160+0700][9.807s][info][gc,metaspace] GC(104) Metaspace: 9471K(9728K)->9471K(9728K) NonClass: 8331K(8448K)->8331K(8448K) Class: 1140K(1280K)->1140K(1280K)
[2025-11-06T12:04:00.160+0700][9.807s][info][gc          ] GC(104) Pause Young (Concurrent Start) (G1 Humongous Allocation) 1924M->1922M(3216M) 0.739ms
[2025-11-06T12:04:00.160+0700][9.807s][info][gc,cpu      ] GC(104) User=0.00s Sys=0.00s Real=0.00s
[2025-11-06T12:04:00.160+0700][9.807s][info][gc          ] GC(105) Concurrent Mark Cycle
[2025-11-06T12:04:00.160+0700][9.807s][info][gc,marking  ] GC(105) Concurrent Clear Claimed Marks
[2025-11-06T12:04:00.160+0700][9.807s][info][gc,marking  ] GC(105) Concurrent Clear Claimed Marks 0.042ms
[2025-11-06T12:04:00.160+0700][9.807s][info][gc,marking  ] GC(105) Concurrent Scan Root Regions
[2025-11-06T12:04:00.160+0700][9.807s][info][gc,marking  ] GC(105) Concurrent Scan Root Regions 0.006ms
[2025-11-06T12:04:00.161+0700][9.807s][info][gc,marking  ] GC(105) Concurrent Mark
[2025-11-06T12:04:00.161+0700][9.807s][info][gc,marking  ] GC(105) Concurrent Mark From Roots
[2025-11-06T12:04:00.161+0700][9.807s][info][gc,task     ] GC(105) Using 5 workers of 5 for marking
[2025-11-06T12:04:00.163+0700][9.809s][info][gc,marking  ] GC(105) Concurrent Mark From Roots 2.249ms
[2025-11-06T12:04:00.163+0700][9.809s][info][gc,marking  ] GC(105) Concurrent Preclean
[2025-11-06T12:04:00.163+0700][9.809s][info][gc,marking  ] GC(105) Concurrent Preclean 0.105ms
[2025-11-06T12:04:00.176+0700][9.822s][info][gc,start    ] GC(105) Pause Remark
[2025-11-06T12:04:00.176+0700][9.823s][info][gc          ] GC(105) Pause Remark 1934M->1934M(3228M) 0.641ms
[2025-11-06T12:04:00.176+0700][9.823s][info][gc,cpu      ] GC(105) User=0.00s Sys=0.00s Real=0.00s
[2025-11-06T12:04:00.176+0700][9.823s][info][gc,marking  ] GC(105) Concurrent Mark 15.747ms
[2025-11-06T12:04:00.176+0700][9.823s][info][gc,marking  ] GC(105) Concurrent Rebuild Remembered Sets
[2025-11-06T12:04:00.177+0700][9.824s][info][gc,marking  ] GC(105) Concurrent Rebuild Remembered Sets 1.125ms
[2025-11-06T12:04:00.191+0700][9.837s][info][gc,start    ] GC(105) Pause Cleanup
[2025-11-06T12:04:00.191+0700][9.837s][info][gc          ] GC(105) Pause Cleanup 1946M->1946M(3228M) 0.277ms
[2025-11-06T12:04:00.191+0700][9.837s][info][gc,cpu      ] GC(105) User=0.00s Sys=0.00s Real=0.00s
[2025-11-06T12:04:00.191+0700][9.837s][info][gc,marking  ] GC(105) Concurrent Cleanup for Next Mark
[2025-11-06T12:04:00.194+0700][9.840s][info][gc,marking  ] GC(105) Concurrent Cleanup for Next Mark 2.679ms
[2025-11-06T12:04:00.194+0700][9.840s][info][gc          ] GC(105) Concurrent Mark Cycle 33.248ms
[2025-11-06T12:04:00.196+0700][9.843s][info][gc,start    ] GC(106) Pause Young (Concurrent Start) (G1 Humongous Allocation)
[2025-11-06T12:04:00.196+0700][9.843s][info][gc,task     ] GC(106) Using 20 workers of 20 for evacuation
[2025-11-06T12:04:00.196+0700][9.843s][info][gc,phases   ] GC(106)   Pre Evacuate Collection Set: 0.1ms
[2025-11-06T12:04:00.197+0700][9.843s][info][gc,phases   ] GC(106)   Merge Heap Roots: 0.1ms
[2025-11-06T12:04:00.197+0700][9.843s][info][gc,phases   ] GC(106)   Evacuate Collection Set: 0.2ms
[2025-11-06T12:04:00.197+0700][9.843s][info][gc,phases   ] GC(106)   Post Evacuate Collection Set: 0.1ms
[2025-11-06T12:04:00.197+0700][9.843s][info][gc,phases   ] GC(106)   Other: 0.2ms
[2025-11-06T12:04:00.197+0700][9.843s][info][gc,heap     ] GC(106) Eden regions: 0->0(233)
[2025-11-06T12:04:00.197+0700][9.843s][info][gc,heap     ] GC(106) Survivor regions: 0->0(30)
[2025-11-06T12:04:00.197+0700][9.843s][info][gc,heap     ] GC(106) Old regions: 1->1
[2025-11-06T12:04:00.197+0700][9.843s][info][gc,heap     ] GC(106) Archive regions: 0->0
[2025-11-06T12:04:00.197+0700][9.843s][info][gc,heap     ] GC(106) Humongous regions: 489->489
[2025-11-06T12:04:00.197+0700][9.843s][info][gc,metaspace] GC(106) Metaspace: 9471K(9728K)->9471K(9728K) NonClass: 8331K(8448K)->8331K(8448K) Class: 1140K(1280K)->1140K(1280K)
[2025-11-06T12:04:00.197+0700][9.843s][info][gc          ] GC(106) Pause Young (Concurrent Start) (G1 Humongous Allocation) 1958M->1958M(3228M) 0.710ms
[2025-11-06T12:04:00.197+0700][9.843s][info][gc,cpu      ] GC(106) User=0.00s Sys=0.00s Real=0.00s
[2025-11-06T12:04:00.197+0700][9.843s][info][gc          ] GC(107) Concurrent Mark Cycle
[2025-11-06T12:04:00.197+0700][9.843s][info][gc,marking  ] GC(107) Concurrent Clear Claimed Marks
[2025-11-06T12:04:00.197+0700][9.843s][info][gc,marking  ] GC(107) Concurrent Clear Claimed Marks 0.013ms
[2025-11-06T12:04:00.197+0700][9.843s][info][gc,marking  ] GC(107) Concurrent Scan Root Regions
[2025-11-06T12:04:00.197+0700][9.843s][info][gc,marking  ] GC(107) Concurrent Scan Root Regions 0.070ms
[2025-11-06T12:04:00.197+0700][9.843s][info][gc,marking  ] GC(107) Concurrent Mark
[2025-11-06T12:04:00.197+0700][9.843s][info][gc,marking  ] GC(107) Concurrent Mark From Roots
[2025-11-06T12:04:00.197+0700][9.843s][info][gc,task     ] GC(107) Using 5 workers of 5 for marking
[2025-11-06T12:04:00.199+0700][9.846s][info][gc,marking  ] GC(107) Concurrent Mark From Roots 2.586ms
[2025-11-06T12:04:00.199+0700][9.846s][info][gc,marking  ] GC(107) Concurrent Preclean
[2025-11-06T12:04:00.199+0700][9.846s][info][gc,marking  ] GC(107) Concurrent Preclean 0.110ms
[2025-11-06T12:04:00.200+0700][9.847s][info][gc,start    ] GC(107) Pause Remark
[2025-11-06T12:04:00.201+0700][9.848s][info][gc          ] GC(107) Pause Remark 1970M->1970M(3288M) 0.908ms
[2025-11-06T12:04:00.201+0700][9.848s][info][gc,cpu      ] GC(107) User=0.00s Sys=0.00s Real=0.00s
[2025-11-06T12:04:00.201+0700][9.848s][info][gc,marking  ] GC(107) Concurrent Mark 4.377ms
[2025-11-06T12:04:00.201+0700][9.848s][info][gc,marking  ] GC(107) Concurrent Rebuild Remembered Sets
[2025-11-06T12:04:00.202+0700][9.849s][info][gc,marking  ] GC(107) Concurrent Rebuild Remembered Sets 1.282ms
[2025-11-06T12:04:00.206+0700][9.852s][info][gc,start    ] GC(107) Pause Cleanup
[2025-11-06T12:04:00.206+0700][9.853s][info][gc          ] GC(107) Pause Cleanup 1984M->1984M(3288M) 0.208ms
[2025-11-06T12:04:00.206+0700][9.853s][info][gc,cpu      ] GC(107) User=0.00s Sys=0.00s Real=0.00s
[2025-11-06T12:04:00.206+0700][9.853s][info][gc,marking  ] GC(107) Concurrent Cleanup for Next Mark
[2025-11-06T12:04:00.209+0700][9.856s][info][gc,marking  ] GC(107) Concurrent Cleanup for Next Mark 3.036ms
[2025-11-06T12:04:00.209+0700][9.856s][info][gc          ] GC(107) Concurrent Mark Cycle 12.595ms
[2025-11-06T12:04:00.212+0700][9.858s][info][gc,start    ] GC(108) Pause Young (Concurrent Start) (G1 Humongous Allocation)
[2025-11-06T12:04:00.212+0700][9.858s][info][gc,task     ] GC(108) Using 20 workers of 20 for evacuation
[2025-11-06T12:04:00.212+0700][9.859s][info][gc,phases   ] GC(108)   Pre Evacuate Collection Set: 0.1ms
[2025-11-06T12:04:00.212+0700][9.859s][info][gc,phases   ] GC(108)   Merge Heap Roots: 0.1ms
[2025-11-06T12:04:00.212+0700][9.859s][info][gc,phases   ] GC(108)   Evacuate Collection Set: 0.2ms
[2025-11-06T12:04:00.212+0700][9.859s][info][gc,phases   ] GC(108)   Post Evacuate Collection Set: 0.1ms
[2025-11-06T12:04:00.212+0700][9.859s][info][gc,phases   ] GC(108)   Other: 0.2ms
[2025-11-06T12:04:00.212+0700][9.859s][info][gc,heap     ] GC(108) Eden regions: 1->0(237)
[2025-11-06T12:04:00.212+0700][9.859s][info][gc,heap     ] GC(108) Survivor regions: 0->1(30)
[2025-11-06T12:04:00.212+0700][9.859s][info][gc,heap     ] GC(108) Old regions: 1->1
[2025-11-06T12:04:00.212+0700][9.859s][info][gc,heap     ] GC(108) Archive regions: 0->0
[2025-11-06T12:04:00.212+0700][9.859s][info][gc,heap     ] GC(108) Humongous regions: 498->498
[2025-11-06T12:04:00.212+0700][9.859s][info][gc,metaspace] GC(108) Metaspace: 9471K(9728K)->9471K(9728K) NonClass: 8331K(8448K)->8331K(8448K) Class: 1140K(1280K)->1140K(1280K)
[2025-11-06T12:04:00.212+0700][9.859s][info][gc          ] GC(108) Pause Young (Concurrent Start) (G1 Humongous Allocation) 1996M->1994M(3288M) 0.697ms
[2025-11-06T12:04:00.212+0700][9.859s][info][gc,cpu      ] GC(108) User=0.00s Sys=0.00s Real=0.00s
[2025-11-06T12:04:00.212+0700][9.859s][info][gc          ] GC(109) Concurrent Mark Cycle
[2025-11-06T12:04:00.212+0700][9.859s][info][gc,marking  ] GC(109) Concurrent Clear Claimed Marks
[2025-11-06T12:04:00.212+0700][9.859s][info][gc,marking  ] GC(109) Concurrent Clear Claimed Marks 0.014ms
[2025-11-06T12:04:00.212+0700][9.859s][info][gc,marking  ] GC(109) Concurrent Scan Root Regions
[2025-11-06T12:04:00.212+0700][9.859s][info][gc,marking  ] GC(109) Concurrent Scan Root Regions 0.042ms
[2025-11-06T12:04:00.212+0700][9.859s][info][gc,marking  ] GC(109) Concurrent Mark
[2025-11-06T12:04:00.213+0700][9.859s][info][gc,marking  ] GC(109) Concurrent Mark From Roots
[2025-11-06T12:04:00.213+0700][9.859s][info][gc,task     ] GC(109) Using 5 workers of 5 for marking
[2025-11-06T12:04:00.215+0700][9.862s][info][gc,marking  ] GC(109) Concurrent Mark From Roots 2.264ms
[2025-11-06T12:04:00.215+0700][9.862s][info][gc,marking  ] GC(109) Concurrent Preclean
[2025-11-06T12:04:00.215+0700][9.862s][info][gc,marking  ] GC(109) Concurrent Preclean 0.103ms
[2025-11-06T12:04:00.216+0700][9.862s][info][gc,start    ] GC(109) Pause Remark
[2025-11-06T12:04:00.216+0700][9.863s][info][gc          ] GC(109) Pause Remark 2006M->2006M(3356M) 0.749ms
[2025-11-06T12:04:00.216+0700][9.863s][info][gc,cpu      ] GC(109) User=0.00s Sys=0.00s Real=0.00s
[2025-11-06T12:04:00.216+0700][9.863s][info][gc,marking  ] GC(109) Concurrent Mark 3.899ms
[2025-11-06T12:04:00.216+0700][9.863s][info][gc,marking  ] GC(109) Concurrent Rebuild Remembered Sets
[2025-11-06T12:04:00.217+0700][9.864s][info][gc,marking  ] GC(109) Concurrent Rebuild Remembered Sets 1.062ms
[2025-11-06T12:04:00.222+0700][9.868s][info][gc,start    ] GC(109) Pause Cleanup
[2025-11-06T12:04:00.222+0700][9.868s][info][gc          ] GC(109) Pause Cleanup 2018M->2018M(3356M) 0.166ms
[2025-11-06T12:04:00.222+0700][9.868s][info][gc,cpu      ] GC(109) User=0.00s Sys=0.00s Real=0.00s
[2025-11-06T12:04:00.222+0700][9.868s][info][gc,marking  ] GC(109) Concurrent Cleanup for Next Mark
[2025-11-06T12:04:00.225+0700][9.871s][info][gc,marking  ] GC(109) Concurrent Cleanup for Next Mark 2.828ms
[2025-11-06T12:04:00.225+0700][9.871s][info][gc          ] GC(109) Concurrent Mark Cycle 11.888ms
[2025-11-06T12:04:00.227+0700][9.874s][info][gc,start    ] GC(110) Pause Young (Concurrent Start) (G1 Humongous Allocation)
[2025-11-06T12:04:00.227+0700][9.874s][info][gc,task     ] GC(110) Using 20 workers of 20 for evacuation
[2025-11-06T12:04:00.228+0700][9.874s][info][gc,phases   ] GC(110)   Pre Evacuate Collection Set: 0.1ms
[2025-11-06T12:04:00.228+0700][9.875s][info][gc,phases   ] GC(110)   Merge Heap Roots: 0.1ms
[2025-11-06T12:04:00.228+0700][9.875s][info][gc,phases   ] GC(110)   Evacuate Collection Set: 0.2ms
[2025-11-06T12:04:00.228+0700][9.875s][info][gc,phases   ] GC(110)   Post Evacuate Collection Set: 0.2ms
[2025-11-06T12:04:00.228+0700][9.875s][info][gc,phases   ] GC(110)   Other: 0.2ms
[2025-11-06T12:04:00.228+0700][9.875s][info][gc,heap     ] GC(110) Eden regions: 0->0(244)
[2025-11-06T12:04:00.228+0700][9.875s][info][gc,heap     ] GC(110) Survivor regions: 1->1(30)
[2025-11-06T12:04:00.228+0700][9.875s][info][gc,heap     ] GC(110) Old regions: 1->1
[2025-11-06T12:04:00.228+0700][9.875s][info][gc,heap     ] GC(110) Archive regions: 0->0
[2025-11-06T12:04:00.228+0700][9.875s][info][gc,heap     ] GC(110) Humongous regions: 507->507
[2025-11-06T12:04:00.228+0700][9.875s][info][gc,metaspace] GC(110) Metaspace: 9471K(9728K)->9471K(9728K) NonClass: 8331K(8448K)->8331K(8448K) Class: 1140K(1280K)->1140K(1280K)
[2025-11-06T12:04:00.228+0700][9.875s][info][gc          ] GC(110) Pause Young (Concurrent Start) (G1 Humongous Allocation) 2030M->2030M(3356M) 0.796ms
[2025-11-06T12:04:00.228+0700][9.875s][info][gc,cpu      ] GC(110) User=0.00s Sys=0.00s Real=0.00s
[2025-11-06T12:04:00.228+0700][9.875s][info][gc          ] GC(111) Concurrent Mark Cycle
[2025-11-06T12:04:00.228+0700][9.875s][info][gc,marking  ] GC(111) Concurrent Clear Claimed Marks
[2025-11-06T12:04:00.228+0700][9.875s][info][gc,marking  ] GC(111) Concurrent Clear Claimed Marks 0.015ms
[2025-11-06T12:04:00.228+0700][9.875s][info][gc,marking  ] GC(111) Concurrent Scan Root Regions
[2025-11-06T12:04:00.228+0700][9.875s][info][gc,marking  ] GC(111) Concurrent Scan Root Regions 0.052ms
[2025-11-06T12:04:00.228+0700][9.875s][info][gc,marking  ] GC(111) Concurrent Mark
[2025-11-06T12:04:00.228+0700][9.875s][info][gc,marking  ] GC(111) Concurrent Mark From Roots
[2025-11-06T12:04:00.228+0700][9.875s][info][gc,task     ] GC(111) Using 5 workers of 5 for marking
[2025-11-06T12:04:00.231+0700][9.878s][info][gc,marking  ] GC(111) Concurrent Mark From Roots 3.006ms
[2025-11-06T12:04:00.231+0700][9.878s][info][gc,marking  ] GC(111) Concurrent Preclean
[2025-11-06T12:04:00.231+0700][9.878s][info][gc,marking  ] GC(111) Concurrent Preclean 0.109ms
[2025-11-06T12:04:00.231+0700][9.878s][info][gc,start    ] GC(111) Pause Remark
[2025-11-06T12:04:00.232+0700][9.879s][info][gc          ] GC(111) Pause Remark 2044M->2044M(3420M) 0.770ms
[2025-11-06T12:04:00.232+0700][9.879s][info][gc,cpu      ] GC(111) User=0.00s Sys=0.00s Real=0.00s
[2025-11-06T12:04:00.232+0700][9.879s][info][gc,marking  ] GC(111) Concurrent Mark 4.059ms
[2025-11-06T12:04:00.232+0700][9.879s][info][gc,marking  ] GC(111) Concurrent Rebuild Remembered Sets
[2025-11-06T12:04:00.233+0700][9.880s][info][gc,marking  ] GC(111) Concurrent Rebuild Remembered Sets 1.024ms
[2025-11-06T12:04:00.233+0700][9.880s][info][gc,start    ] GC(111) Pause Cleanup
[2025-11-06T12:04:00.233+0700][9.880s][info][gc          ] GC(111) Pause Cleanup 2044M->2044M(3420M) 0.071ms
[2025-11-06T12:04:00.233+0700][9.880s][info][gc,cpu      ] GC(111) User=0.00s Sys=0.00s Real=0.00s
[2025-11-06T12:04:00.233+0700][9.880s][info][gc,marking  ] GC(111) Concurrent Cleanup for Next Mark
[2025-11-06T12:04:00.236+0700][9.883s][info][gc,marking  ] GC(111) Concurrent Cleanup for Next Mark 2.846ms
[2025-11-06T12:04:00.236+0700][9.883s][info][gc          ] GC(111) Concurrent Mark Cycle 8.310ms
[2025-11-06T12:04:00.746+0700][10.392s][info][gc,start    ] GC(112) Pause Young (Concurrent Start) (G1 Humongous Allocation)
[2025-11-06T12:04:00.746+0700][10.392s][info][gc,task     ] GC(112) Using 20 workers of 20 for evacuation
[2025-11-06T12:04:00.746+0700][10.393s][info][gc,phases   ] GC(112)   Pre Evacuate Collection Set: 0.1ms
[2025-11-06T12:04:00.746+0700][10.393s][info][gc,phases   ] GC(112)   Merge Heap Roots: 0.0ms
[2025-11-06T12:04:00.746+0700][10.393s][info][gc,phases   ] GC(112)   Evacuate Collection Set: 0.1ms
[2025-11-06T12:04:00.746+0700][10.393s][info][gc,phases   ] GC(112)   Post Evacuate Collection Set: 0.1ms
[2025-11-06T12:04:00.746+0700][10.393s][info][gc,phases   ] GC(112)   Other: 0.1ms
[2025-11-06T12:04:00.746+0700][10.393s][info][gc,heap     ] GC(112) Eden regions: 1->0(255)
[2025-11-06T12:04:00.746+0700][10.393s][info][gc,heap     ] GC(112) Survivor regions: 1->1(31)
[2025-11-06T12:04:00.746+0700][10.393s][info][gc,heap     ] GC(112) Old regions: 1->1
[2025-11-06T12:04:00.746+0700][10.393s][info][gc,heap     ] GC(112) Archive regions: 0->0
[2025-11-06T12:04:00.746+0700][10.393s][info][gc,heap     ] GC(112) Humongous regions: 510->510
[2025-11-06T12:04:00.746+0700][10.393s][info][gc,metaspace] GC(112) Metaspace: 9471K(9728K)->9471K(9728K) NonClass: 8331K(8448K)->8331K(8448K) Class: 1140K(1280K)->1140K(1280K)
[2025-11-06T12:04:00.746+0700][10.393s][info][gc          ] GC(112) Pause Young (Concurrent Start) (G1 Humongous Allocation) 2044M->2042M(3420M) 0.505ms
[2025-11-06T12:04:00.746+0700][10.393s][info][gc,cpu      ] GC(112) User=0.00s Sys=0.00s Real=0.00s
[2025-11-06T12:04:00.746+0700][10.393s][info][gc          ] GC(113) Concurrent Mark Cycle
[2025-11-06T12:04:00.746+0700][10.393s][info][gc,marking  ] GC(113) Concurrent Clear Claimed Marks
[2025-11-06T12:04:00.746+0700][10.393s][info][gc,marking  ] GC(113) Concurrent Clear Claimed Marks 0.008ms
[2025-11-06T12:04:00.746+0700][10.393s][info][gc,marking  ] GC(113) Concurrent Scan Root Regions
[2025-11-06T12:04:00.746+0700][10.393s][info][gc,marking  ] GC(113) Concurrent Scan Root Regions 0.045ms
[2025-11-06T12:04:00.746+0700][10.393s][info][gc,marking  ] GC(113) Concurrent Mark
[2025-11-06T12:04:00.746+0700][10.393s][info][gc,marking  ] GC(113) Concurrent Mark From Roots
[2025-11-06T12:04:00.746+0700][10.393s][info][gc,task     ] GC(113) Using 5 workers of 5 for marking
[2025-11-06T12:04:00.748+0700][10.395s][info][gc,marking  ] GC(113) Concurrent Mark From Roots 2.119ms
[2025-11-06T12:04:00.748+0700][10.395s][info][gc,marking  ] GC(113) Concurrent Preclean
[2025-11-06T12:04:00.749+0700][10.395s][info][gc,marking  ] GC(113) Concurrent Preclean 0.107ms
[2025-11-06T12:04:00.749+0700][10.396s][info][gc,start    ] GC(113) Pause Remark
[2025-11-06T12:04:00.750+0700][10.396s][info][gc          ] GC(113) Pause Remark 2054M->2054M(3436M) 0.562ms
[2025-11-06T12:04:00.750+0700][10.397s][info][gc,cpu      ] GC(113) User=0.00s Sys=0.00s Real=0.00s
[2025-11-06T12:04:00.750+0700][10.397s][info][gc,marking  ] GC(113) Concurrent Mark 3.590ms
[2025-11-06T12:04:00.750+0700][10.397s][info][gc,marking  ] GC(113) Concurrent Rebuild Remembered Sets
[2025-11-06T12:04:00.751+0700][10.398s][info][gc,marking  ] GC(113) Concurrent Rebuild Remembered Sets 1.109ms
[2025-11-06T12:04:00.761+0700][10.407s][info][gc,start    ] GC(113) Pause Cleanup
[2025-11-06T12:04:00.761+0700][10.407s][info][gc          ] GC(113) Pause Cleanup 2066M->2066M(3436M) 0.227ms
[2025-11-06T12:04:00.761+0700][10.408s][info][gc,cpu      ] GC(113) User=0.00s Sys=0.00s Real=0.00s
[2025-11-06T12:04:00.761+0700][10.408s][info][gc,marking  ] GC(113) Concurrent Cleanup for Next Mark
[2025-11-06T12:04:00.764+0700][10.411s][info][gc,marking  ] GC(113) Concurrent Cleanup for Next Mark 3.091ms
[2025-11-06T12:04:00.764+0700][10.411s][info][gc          ] GC(113) Concurrent Mark Cycle 17.848ms
[2025-11-06T12:04:00.766+0700][10.413s][info][gc,start    ] GC(114) Pause Young (Concurrent Start) (G1 Humongous Allocation)
[2025-11-06T12:04:00.766+0700][10.413s][info][gc,task     ] GC(114) Using 20 workers of 20 for evacuation
[2025-11-06T12:04:00.767+0700][10.413s][info][gc,phases   ] GC(114)   Pre Evacuate Collection Set: 0.1ms
[2025-11-06T12:04:00.767+0700][10.413s][info][gc,phases   ] GC(114)   Merge Heap Roots: 0.1ms
[2025-11-06T12:04:00.767+0700][10.413s][info][gc,phases   ] GC(114)   Evacuate Collection Set: 0.1ms
[2025-11-06T12:04:00.767+0700][10.413s][info][gc,phases   ] GC(114)   Post Evacuate Collection Set: 0.1ms
[2025-11-06T12:04:00.767+0700][10.413s][info][gc,phases   ] GC(114)   Other: 0.1ms
[2025-11-06T12:04:00.767+0700][10.413s][info][gc,heap     ] GC(114) Eden regions: 0->0(250)
[2025-11-06T12:04:00.767+0700][10.413s][info][gc,heap     ] GC(114) Survivor regions: 1->1(32)
[2025-11-06T12:04:00.767+0700][10.413s][info][gc,heap     ] GC(114) Old regions: 1->1
[2025-11-06T12:04:00.767+0700][10.413s][info][gc,heap     ] GC(114) Archive regions: 0->0
[2025-11-06T12:04:00.767+0700][10.413s][info][gc,heap     ] GC(114) Humongous regions: 519->519
[2025-11-06T12:04:00.767+0700][10.413s][info][gc,metaspace] GC(114) Metaspace: 9471K(9728K)->9471K(9728K) NonClass: 8331K(8448K)->8331K(8448K) Class: 1140K(1280K)->1140K(1280K)
[2025-11-06T12:04:00.767+0700][10.413s][info][gc          ] GC(114) Pause Young (Concurrent Start) (G1 Humongous Allocation) 2078M->2078M(3436M) 0.613ms
[2025-11-06T12:04:00.767+0700][10.413s][info][gc,cpu      ] GC(114) User=0.00s Sys=0.00s Real=0.00s
[2025-11-06T12:04:00.767+0700][10.413s][info][gc          ] GC(115) Concurrent Mark Cycle
[2025-11-06T12:04:00.767+0700][10.413s][info][gc,marking  ] GC(115) Concurrent Clear Claimed Marks
[2025-11-06T12:04:00.767+0700][10.413s][info][gc,marking  ] GC(115) Concurrent Clear Claimed Marks 0.007ms
[2025-11-06T12:04:00.767+0700][10.413s][info][gc,marking  ] GC(115) Concurrent Scan Root Regions
[2025-11-06T12:04:00.767+0700][10.413s][info][gc,marking  ] GC(115) Concurrent Scan Root Regions 0.052ms
[2025-11-06T12:04:00.767+0700][10.413s][info][gc,marking  ] GC(115) Concurrent Mark
[2025-11-06T12:04:00.767+0700][10.414s][info][gc,marking  ] GC(115) Concurrent Mark From Roots
[2025-11-06T12:04:00.767+0700][10.414s][info][gc,task     ] GC(115) Using 5 workers of 5 for marking
[2025-11-06T12:04:00.771+0700][10.417s][info][gc,marking  ] GC(115) Concurrent Mark From Roots 3.846ms
[2025-11-06T12:04:00.771+0700][10.417s][info][gc,marking  ] GC(115) Concurrent Preclean
[2025-11-06T12:04:00.771+0700][10.418s][info][gc,marking  ] GC(115) Concurrent Preclean 0.185ms
[2025-11-06T12:04:00.777+0700][10.423s][info][gc,start    ] GC(115) Pause Remark
[2025-11-06T12:04:00.777+0700][10.424s][info][gc          ] GC(115) Pause Remark 2102M->2102M(3516M) 0.854ms
[2025-11-06T12:04:00.777+0700][10.424s][info][gc,cpu      ] GC(115) User=0.00s Sys=0.00s Real=0.00s
[2025-11-06T12:04:00.777+0700][10.424s][info][gc,marking  ] GC(115) Concurrent Mark 10.638ms
[2025-11-06T12:04:00.777+0700][10.424s][info][gc,marking  ] GC(115) Concurrent Rebuild Remembered Sets
[2025-11-06T12:04:00.779+0700][10.425s][info][gc,marking  ] GC(115) Concurrent Rebuild Remembered Sets 1.115ms
[2025-11-06T12:04:00.793+0700][10.439s][info][gc,start    ] GC(115) Pause Cleanup
[2025-11-06T12:04:00.793+0700][10.439s][info][gc          ] GC(115) Pause Cleanup 2114M->2114M(3516M) 0.167ms
[2025-11-06T12:04:00.793+0700][10.439s][info][gc,cpu      ] GC(115) User=0.00s Sys=0.00s Real=0.00s
[2025-11-06T12:04:00.793+0700][10.439s][info][gc,marking  ] GC(115) Concurrent Cleanup for Next Mark
[2025-11-06T12:04:00.796+0700][10.442s][info][gc,marking  ] GC(115) Concurrent Cleanup for Next Mark 2.812ms
[2025-11-06T12:04:00.796+0700][10.442s][info][gc          ] GC(115) Concurrent Mark Cycle 28.632ms
[2025-11-06T12:04:00.798+0700][10.444s][info][gc,start    ] GC(116) Pause Young (Concurrent Start) (G1 Humongous Allocation)
[2025-11-06T12:04:00.798+0700][10.444s][info][gc,task     ] GC(116) Using 20 workers of 20 for evacuation
[2025-11-06T12:04:00.798+0700][10.445s][info][gc,phases   ] GC(116)   Pre Evacuate Collection Set: 0.1ms
[2025-11-06T12:04:00.798+0700][10.445s][info][gc,phases   ] GC(116)   Merge Heap Roots: 0.0ms
[2025-11-06T12:04:00.798+0700][10.445s][info][gc,phases   ] GC(116)   Evacuate Collection Set: 0.2ms
[2025-11-06T12:04:00.798+0700][10.445s][info][gc,phases   ] GC(116)   Post Evacuate Collection Set: 0.1ms
[2025-11-06T12:04:00.798+0700][10.445s][info][gc,phases   ] GC(116)   Other: 0.1ms
[2025-11-06T12:04:00.798+0700][10.445s][info][gc,heap     ] GC(116) Eden regions: 0->0(256)
[2025-11-06T12:04:00.798+0700][10.445s][info][gc,heap     ] GC(116) Survivor regions: 1->1(32)
[2025-11-06T12:04:00.798+0700][10.445s][info][gc,heap     ] GC(116) Old regions: 1->1
[2025-11-06T12:04:00.798+0700][10.445s][info][gc,heap     ] GC(116) Archive regions: 0->0
[2025-11-06T12:04:00.798+0700][10.445s][info][gc,heap     ] GC(116) Humongous regions: 531->531
[2025-11-06T12:04:00.798+0700][10.445s][info][gc,metaspace] GC(116) Metaspace: 9471K(9728K)->9471K(9728K) NonClass: 8331K(8448K)->8331K(8448K) Class: 1140K(1280K)->1140K(1280K)
[2025-11-06T12:04:00.798+0700][10.445s][info][gc          ] GC(116) Pause Young (Concurrent Start) (G1 Humongous Allocation) 2126M->2126M(3516M) 0.626ms
[2025-11-06T12:04:00.798+0700][10.445s][info][gc,cpu      ] GC(116) User=0.00s Sys=0.00s Real=0.00s
[2025-11-06T12:04:00.798+0700][10.445s][info][gc          ] GC(117) Concurrent Mark Cycle
[2025-11-06T12:04:00.798+0700][10.445s][info][gc,marking  ] GC(117) Concurrent Clear Claimed Marks
[2025-11-06T12:04:00.798+0700][10.445s][info][gc,marking  ] GC(117) Concurrent Clear Claimed Marks 0.007ms
[2025-11-06T12:04:00.798+0700][10.445s][info][gc,marking  ] GC(117) Concurrent Scan Root Regions
[2025-11-06T12:04:00.798+0700][10.445s][info][gc,marking  ] GC(117) Concurrent Scan Root Regions 0.045ms
[2025-11-06T12:04:00.798+0700][10.445s][info][gc,marking  ] GC(117) Concurrent Mark
[2025-11-06T12:04:00.798+0700][10.445s][info][gc,marking  ] GC(117) Concurrent Mark From Roots
[2025-11-06T12:04:00.798+0700][10.445s][info][gc,task     ] GC(117) Using 5 workers of 5 for marking
[2025-11-06T12:04:00.802+0700][10.448s][info][gc,marking  ] GC(117) Concurrent Mark From Roots 3.134ms
[2025-11-06T12:04:00.802+0700][10.448s][info][gc,marking  ] GC(117) Concurrent Preclean
[2025-11-06T12:04:00.802+0700][10.448s][info][gc,marking  ] GC(117) Concurrent Preclean 0.131ms
[2025-11-06T12:04:00.802+0700][10.449s][info][gc,start    ] GC(117) Pause Remark
[2025-11-06T12:04:00.803+0700][10.449s][info][gc          ] GC(117) Pause Remark 2138M->2138M(3576M) 0.836ms
[2025-11-06T12:04:00.803+0700][10.449s][info][gc,cpu      ] GC(117) User=0.00s Sys=0.00s Real=0.00s
[2025-11-06T12:04:00.803+0700][10.449s][info][gc,marking  ] GC(117) Concurrent Mark 4.674ms
[2025-11-06T12:04:00.803+0700][10.450s][info][gc,marking  ] GC(117) Concurrent Rebuild Remembered Sets
[2025-11-06T12:04:00.804+0700][10.451s][info][gc,marking  ] GC(117) Concurrent Rebuild Remembered Sets 1.099ms
[2025-11-06T12:04:00.808+0700][10.454s][info][gc,start    ] GC(117) Pause Cleanup
[2025-11-06T12:04:00.808+0700][10.454s][info][gc          ] GC(117) Pause Cleanup 2150M->2150M(3576M) 0.148ms
[2025-11-06T12:04:00.808+0700][10.454s][info][gc,cpu      ] GC(117) User=0.00s Sys=0.00s Real=0.00s
[2025-11-06T12:04:00.808+0700][10.454s][info][gc,marking  ] GC(117) Concurrent Cleanup for Next Mark
[2025-11-06T12:04:00.811+0700][10.457s][info][gc,marking  ] GC(117) Concurrent Cleanup for Next Mark 3.087ms
[2025-11-06T12:04:00.811+0700][10.457s][info][gc          ] GC(117) Concurrent Mark Cycle 12.546ms
[2025-11-06T12:04:01.321+0700][10.967s][info][gc,start    ] GC(118) Pause Young (Concurrent Start) (G1 Humongous Allocation)
[2025-11-06T12:04:01.321+0700][10.967s][info][gc,task     ] GC(118) Using 20 workers of 20 for evacuation
[2025-11-06T12:04:01.321+0700][10.967s][info][gc,phases   ] GC(118)   Pre Evacuate Collection Set: 0.1ms
[2025-11-06T12:04:01.321+0700][10.967s][info][gc,phases   ] GC(118)   Merge Heap Roots: 0.0ms
[2025-11-06T12:04:01.321+0700][10.967s][info][gc,phases   ] GC(118)   Evacuate Collection Set: 0.1ms
[2025-11-06T12:04:01.321+0700][10.967s][info][gc,phases   ] GC(118)   Post Evacuate Collection Set: 0.1ms
[2025-11-06T12:04:01.321+0700][10.968s][info][gc,phases   ] GC(118)   Other: 0.2ms
[2025-11-06T12:04:01.321+0700][10.968s][info][gc,heap     ] GC(118) Eden regions: 1->0(260)
[2025-11-06T12:04:01.321+0700][10.968s][info][gc,heap     ] GC(118) Survivor regions: 1->1(33)
[2025-11-06T12:04:01.321+0700][10.968s][info][gc,heap     ] GC(118) Old regions: 1->1
[2025-11-06T12:04:01.321+0700][10.968s][info][gc,heap     ] GC(118) Archive regions: 0->0
[2025-11-06T12:04:01.321+0700][10.968s][info][gc,heap     ] GC(118) Humongous regions: 540->540
[2025-11-06T12:04:01.321+0700][10.968s][info][gc,metaspace] GC(118) Metaspace: 9471K(9728K)->9471K(9728K) NonClass: 8331K(8448K)->8331K(8448K) Class: 1140K(1280K)->1140K(1280K)
[2025-11-06T12:04:01.321+0700][10.968s][info][gc          ] GC(118) Pause Young (Concurrent Start) (G1 Humongous Allocation) 2164M->2162M(3576M) 0.551ms
[2025-11-06T12:04:01.321+0700][10.968s][info][gc,cpu      ] GC(118) User=0.00s Sys=0.00s Real=0.00s
[2025-11-06T12:04:01.321+0700][10.968s][info][gc          ] GC(119) Concurrent Mark Cycle
[2025-11-06T12:04:01.321+0700][10.968s][info][gc,marking  ] GC(119) Concurrent Clear Claimed Marks
[2025-11-06T12:04:01.321+0700][10.968s][info][gc,marking  ] GC(119) Concurrent Clear Claimed Marks 0.007ms
[2025-11-06T12:04:01.321+0700][10.968s][info][gc,marking  ] GC(119) Concurrent Scan Root Regions
[2025-11-06T12:04:01.321+0700][10.968s][info][gc,marking  ] GC(119) Concurrent Scan Root Regions 0.045ms
[2025-11-06T12:04:01.321+0700][10.968s][info][gc,marking  ] GC(119) Concurrent Mark
[2025-11-06T12:04:01.321+0700][10.968s][info][gc,marking  ] GC(119) Concurrent Mark From Roots
[2025-11-06T12:04:01.321+0700][10.968s][info][gc,task     ] GC(119) Using 5 workers of 5 for marking
[2025-11-06T12:04:01.325+0700][10.971s][info][gc,marking  ] GC(119) Concurrent Mark From Roots 3.401ms
[2025-11-06T12:04:01.325+0700][10.971s][info][gc,marking  ] GC(119) Concurrent Preclean
[2025-11-06T12:04:01.325+0700][10.971s][info][gc,marking  ] GC(119) Concurrent Preclean 0.171ms
[2025-11-06T12:04:01.337+0700][10.983s][info][gc,start    ] GC(119) Pause Remark
[2025-11-06T12:04:01.338+0700][10.984s][info][gc          ] GC(119) Pause Remark 2186M->2186M(3656M) 0.931ms
[2025-11-06T12:04:01.338+0700][10.984s][info][gc,cpu      ] GC(119) User=0.00s Sys=0.00s Real=0.00s
[2025-11-06T12:04:01.338+0700][10.984s][info][gc,marking  ] GC(119) Concurrent Mark 16.282ms
[2025-11-06T12:04:01.338+0700][10.984s][info][gc,marking  ] GC(119) Concurrent Rebuild Remembered Sets
[2025-11-06T12:04:01.339+0700][10.985s][info][gc,marking  ] GC(119) Concurrent Rebuild Remembered Sets 1.128ms
[2025-11-06T12:04:01.352+0700][10.998s][info][gc,start    ] GC(119) Pause Cleanup
[2025-11-06T12:04:01.352+0700][10.998s][info][gc          ] GC(119) Pause Cleanup 2198M->2198M(3656M) 0.287ms
[2025-11-06T12:04:01.352+0700][10.998s][info][gc,cpu      ] GC(119) User=0.00s Sys=0.00s Real=0.00s
[2025-11-06T12:04:01.352+0700][10.998s][info][gc,marking  ] GC(119) Concurrent Cleanup for Next Mark
[2025-11-06T12:04:01.356+0700][11.002s][info][gc,marking  ] GC(119) Concurrent Cleanup for Next Mark 3.545ms
[2025-11-06T12:04:01.356+0700][11.002s][info][gc          ] GC(119) Concurrent Mark Cycle 34.365ms
[2025-11-06T12:04:01.358+0700][11.004s][info][gc,start    ] GC(120) Pause Young (Concurrent Start) (G1 Humongous Allocation)
[2025-11-06T12:04:01.358+0700][11.004s][info][gc,task     ] GC(120) Using 20 workers of 20 for evacuation
[2025-11-06T12:04:01.359+0700][11.005s][info][gc,phases   ] GC(120)   Pre Evacuate Collection Set: 0.1ms
[2025-11-06T12:04:01.359+0700][11.005s][info][gc,phases   ] GC(120)   Merge Heap Roots: 0.1ms
[2025-11-06T12:04:01.359+0700][11.005s][info][gc,phases   ] GC(120)   Evacuate Collection Set: 0.2ms
[2025-11-06T12:04:01.359+0700][11.005s][info][gc,phases   ] GC(120)   Post Evacuate Collection Set: 0.1ms
[2025-11-06T12:04:01.359+0700][11.005s][info][gc,phases   ] GC(120)   Other: 0.2ms
[2025-11-06T12:04:01.359+0700][11.005s][info][gc,heap     ] GC(120) Eden regions: 0->0(266)
[2025-11-06T12:04:01.359+0700][11.005s][info][gc,heap     ] GC(120) Survivor regions: 1->1(33)
[2025-11-06T12:04:01.359+0700][11.005s][info][gc,heap     ] GC(120) Old regions: 1->1
[2025-11-06T12:04:01.359+0700][11.005s][info][gc,heap     ] GC(120) Archive regions: 0->0
[2025-11-06T12:04:01.359+0700][11.005s][info][gc,heap     ] GC(120) Humongous regions: 552->552
[2025-11-06T12:04:01.359+0700][11.005s][info][gc,metaspace] GC(120) Metaspace: 9471K(9728K)->9471K(9728K) NonClass: 8331K(8448K)->8331K(8448K) Class: 1140K(1280K)->1140K(1280K)
[2025-11-06T12:04:01.359+0700][11.005s][info][gc          ] GC(120) Pause Young (Concurrent Start) (G1 Humongous Allocation) 2210M->2210M(3656M) 0.715ms
[2025-11-06T12:04:01.359+0700][11.005s][info][gc,cpu      ] GC(120) User=0.00s Sys=0.00s Real=0.00s
[2025-11-06T12:04:01.359+0700][11.005s][info][gc          ] GC(121) Concurrent Mark Cycle
[2025-11-06T12:04:01.359+0700][11.005s][info][gc,marking  ] GC(121) Concurrent Clear Claimed Marks
[2025-11-06T12:04:01.359+0700][11.005s][info][gc,marking  ] GC(121) Concurrent Clear Claimed Marks 0.008ms
[2025-11-06T12:04:01.359+0700][11.005s][info][gc,marking  ] GC(121) Concurrent Scan Root Regions
[2025-11-06T12:04:01.359+0700][11.005s][info][gc,marking  ] GC(121) Concurrent Scan Root Regions 0.044ms
[2025-11-06T12:04:01.359+0700][11.005s][info][gc,marking  ] GC(121) Concurrent Mark
[2025-11-06T12:04:01.359+0700][11.005s][info][gc,marking  ] GC(121) Concurrent Mark From Roots
[2025-11-06T12:04:01.359+0700][11.005s][info][gc,task     ] GC(121) Using 5 workers of 5 for marking
[2025-11-06T12:04:01.361+0700][11.007s][info][gc,marking  ] GC(121) Concurrent Mark From Roots 2.329ms
[2025-11-06T12:04:01.361+0700][11.007s][info][gc,marking  ] GC(121) Concurrent Preclean
[2025-11-06T12:04:01.361+0700][11.007s][info][gc,marking  ] GC(121) Concurrent Preclean 0.106ms
[2025-11-06T12:04:01.362+0700][11.009s][info][gc,start    ] GC(121) Pause Remark
[2025-11-06T12:04:01.363+0700][11.009s][info][gc          ] GC(121) Pause Remark 2222M->2222M(3716M) 0.696ms
[2025-11-06T12:04:01.363+0700][11.009s][info][gc,cpu      ] GC(121) User=0.00s Sys=0.00s Real=0.00s
[2025-11-06T12:04:01.363+0700][11.009s][info][gc,marking  ] GC(121) Concurrent Mark 4.221ms
[2025-11-06T12:04:01.363+0700][11.009s][info][gc,marking  ] GC(121) Concurrent Rebuild Remembered Sets
[2025-11-06T12:04:01.364+0700][11.010s][info][gc,marking  ] GC(121) Concurrent Rebuild Remembered Sets 1.045ms
[2025-11-06T12:04:01.367+0700][11.013s][info][gc,start    ] GC(121) Pause Cleanup
[2025-11-06T12:04:01.367+0700][11.013s][info][gc          ] GC(121) Pause Cleanup 2234M->2234M(3716M) 0.160ms
[2025-11-06T12:04:01.367+0700][11.013s][info][gc,cpu      ] GC(121) User=0.00s Sys=0.00s Real=0.00s
[2025-11-06T12:04:01.367+0700][11.013s][info][gc,marking  ] GC(121) Concurrent Cleanup for Next Mark
[2025-11-06T12:04:01.371+0700][11.018s][info][gc,marking  ] GC(121) Concurrent Cleanup for Next Mark 4.524ms
[2025-11-06T12:04:01.371+0700][11.018s][info][gc          ] GC(121) Concurrent Mark Cycle 12.783ms
[2025-11-06T12:04:01.372+0700][11.019s][info][gc,start    ] GC(122) Pause Young (Concurrent Start) (G1 Humongous Allocation)
[2025-11-06T12:04:01.372+0700][11.019s][info][gc,task     ] GC(122) Using 20 workers of 20 for evacuation
[2025-11-06T12:04:01.373+0700][11.019s][info][gc,phases   ] GC(122)   Pre Evacuate Collection Set: 0.1ms
[2025-11-06T12:04:01.373+0700][11.019s][info][gc,phases   ] GC(122)   Merge Heap Roots: 0.1ms
[2025-11-06T12:04:01.373+0700][11.019s][info][gc,phases   ] GC(122)   Evacuate Collection Set: 0.3ms
[2025-11-06T12:04:01.373+0700][11.019s][info][gc,phases   ] GC(122)   Post Evacuate Collection Set: 0.1ms
[2025-11-06T12:04:01.373+0700][11.019s][info][gc,phases   ] GC(122)   Other: 0.2ms
[2025-11-06T12:04:01.373+0700][11.019s][info][gc,heap     ] GC(122) Eden regions: 0->0(271)
[2025-11-06T12:04:01.373+0700][11.019s][info][gc,heap     ] GC(122) Survivor regions: 1->1(34)
[2025-11-06T12:04:01.373+0700][11.019s][info][gc,heap     ] GC(122) Old regions: 1->1
[2025-11-06T12:04:01.373+0700][11.019s][info][gc,heap     ] GC(122) Archive regions: 0->0
[2025-11-06T12:04:01.373+0700][11.019s][info][gc,heap     ] GC(122) Humongous regions: 561->561
[2025-11-06T12:04:01.373+0700][11.019s][info][gc,metaspace] GC(122) Metaspace: 9471K(9728K)->9471K(9728K) NonClass: 8331K(8448K)->8331K(8448K) Class: 1140K(1280K)->1140K(1280K)
[2025-11-06T12:04:01.373+0700][11.020s][info][gc          ] GC(122) Pause Young (Concurrent Start) (G1 Humongous Allocation) 2246M->2246M(3716M) 0.913ms
[2025-11-06T12:04:01.373+0700][11.020s][info][gc,cpu      ] GC(122) User=0.00s Sys=0.00s Real=0.00s
[2025-11-06T12:04:01.373+0700][11.020s][info][gc          ] GC(123) Concurrent Mark Cycle
[2025-11-06T12:04:01.373+0700][11.020s][info][gc,marking  ] GC(123) Concurrent Clear Claimed Marks
[2025-11-06T12:04:01.373+0700][11.020s][info][gc,marking  ] GC(123) Concurrent Clear Claimed Marks 0.008ms
[2025-11-06T12:04:01.373+0700][11.020s][info][gc,marking  ] GC(123) Concurrent Scan Root Regions
[2025-11-06T12:04:01.373+0700][11.020s][info][gc,marking  ] GC(123) Concurrent Scan Root Regions 0.037ms
[2025-11-06T12:04:01.373+0700][11.020s][info][gc,marking  ] GC(123) Concurrent Mark
[2025-11-06T12:04:01.373+0700][11.020s][info][gc,marking  ] GC(123) Concurrent Mark From Roots
[2025-11-06T12:04:01.373+0700][11.020s][info][gc,task     ] GC(123) Using 5 workers of 5 for marking
[2025-11-06T12:04:01.377+0700][11.023s][info][gc,marking  ] GC(123) Concurrent Mark From Roots 3.226ms
[2025-11-06T12:04:01.377+0700][11.023s][info][gc,marking  ] GC(123) Concurrent Preclean
[2025-11-06T12:04:01.377+0700][11.023s][info][gc,marking  ] GC(123) Concurrent Preclean 0.107ms
[2025-11-06T12:04:01.377+0700][11.023s][info][gc,start    ] GC(123) Pause Remark
[2025-11-06T12:04:01.378+0700][11.024s][info][gc          ] GC(123) Pause Remark 2258M->2258M(3776M) 0.660ms
[2025-11-06T12:04:01.378+0700][11.024s][info][gc,cpu      ] GC(123) User=0.02s Sys=0.00s Real=0.00s
[2025-11-06T12:04:01.378+0700][11.024s][info][gc,marking  ] GC(123) Concurrent Mark 4.454ms
[2025-11-06T12:04:01.378+0700][11.024s][info][gc,marking  ] GC(123) Concurrent Rebuild Remembered Sets
[2025-11-06T12:04:01.379+0700][11.025s][info][gc,marking  ] GC(123) Concurrent Rebuild Remembered Sets 1.358ms
[2025-11-06T12:04:01.382+0700][11.028s][info][gc,start    ] GC(123) Pause Cleanup
[2025-11-06T12:04:01.382+0700][11.028s][info][gc          ] GC(123) Pause Cleanup 2270M->2270M(3776M) 0.138ms
[2025-11-06T12:04:01.382+0700][11.028s][info][gc,cpu      ] GC(123) User=0.00s Sys=0.00s Real=0.00s
[2025-11-06T12:04:01.382+0700][11.028s][info][gc,marking  ] GC(123) Concurrent Cleanup for Next Mark
[2025-11-06T12:04:01.385+0700][11.031s][info][gc,marking  ] GC(123) Concurrent Cleanup for Next Mark 3.316ms
[2025-11-06T12:04:01.385+0700][11.031s][info][gc          ] GC(123) Concurrent Mark Cycle 11.872ms
[2025-11-06T12:04:01.890+0700][11.537s][info][gc,start    ] GC(124) Pause Young (Concurrent Start) (G1 Humongous Allocation)
[2025-11-06T12:04:01.890+0700][11.537s][info][gc,task     ] GC(124) Using 20 workers of 20 for evacuation
[2025-11-06T12:04:01.890+0700][11.537s][info][gc,phases   ] GC(124)   Pre Evacuate Collection Set: 0.1ms
[2025-11-06T12:04:01.890+0700][11.537s][info][gc,phases   ] GC(124)   Merge Heap Roots: 0.0ms
[2025-11-06T12:04:01.890+0700][11.537s][info][gc,phases   ] GC(124)   Evacuate Collection Set: 0.1ms
[2025-11-06T12:04:01.890+0700][11.537s][info][gc,phases   ] GC(124)   Post Evacuate Collection Set: 0.1ms
[2025-11-06T12:04:01.890+0700][11.537s][info][gc,phases   ] GC(124)   Other: 0.2ms
[2025-11-06T12:04:01.890+0700][11.537s][info][gc,heap     ] GC(124) Eden regions: 1->0(275)
[2025-11-06T12:04:01.890+0700][11.537s][info][gc,heap     ] GC(124) Survivor regions: 1->1(34)
[2025-11-06T12:04:01.890+0700][11.537s][info][gc,heap     ] GC(124) Old regions: 1->1
[2025-11-06T12:04:01.890+0700][11.537s][info][gc,heap     ] GC(124) Archive regions: 0->0
[2025-11-06T12:04:01.890+0700][11.537s][info][gc,heap     ] GC(124) Humongous regions: 570->570
[2025-11-06T12:04:01.890+0700][11.537s][info][gc,metaspace] GC(124) Metaspace: 9471K(9728K)->9471K(9728K) NonClass: 8331K(8448K)->8331K(8448K) Class: 1140K(1280K)->1140K(1280K)
[2025-11-06T12:04:01.890+0700][11.537s][info][gc          ] GC(124) Pause Young (Concurrent Start) (G1 Humongous Allocation) 2284M->2282M(3776M) 0.625ms
[2025-11-06T12:04:01.890+0700][11.537s][info][gc,cpu      ] GC(124) User=0.00s Sys=0.00s Real=0.00s
[2025-11-06T12:04:01.890+0700][11.537s][info][gc          ] GC(125) Concurrent Mark Cycle
[2025-11-06T12:04:01.890+0700][11.537s][info][gc,marking  ] GC(125) Concurrent Clear Claimed Marks
[2025-11-06T12:04:01.890+0700][11.537s][info][gc,marking  ] GC(125) Concurrent Clear Claimed Marks 0.007ms
[2025-11-06T12:04:01.890+0700][11.537s][info][gc,marking  ] GC(125) Concurrent Scan Root Regions
[2025-11-06T12:04:01.890+0700][11.537s][info][gc,marking  ] GC(125) Concurrent Scan Root Regions 0.049ms
[2025-11-06T12:04:01.890+0700][11.537s][info][gc,marking  ] GC(125) Concurrent Mark
[2025-11-06T12:04:01.891+0700][11.537s][info][gc,marking  ] GC(125) Concurrent Mark From Roots
[2025-11-06T12:04:01.891+0700][11.537s][info][gc,task     ] GC(125) Using 5 workers of 5 for marking
[2025-11-06T12:04:01.893+0700][11.540s][info][gc,marking  ] GC(125) Concurrent Mark From Roots 2.344ms
[2025-11-06T12:04:01.893+0700][11.540s][info][gc,marking  ] GC(125) Concurrent Preclean
[2025-11-06T12:04:01.893+0700][11.540s][info][gc,marking  ] GC(125) Concurrent Preclean 0.102ms
[2025-11-06T12:04:01.893+0700][11.540s][info][gc,start    ] GC(125) Pause Remark
[2025-11-06T12:04:01.894+0700][11.541s][info][gc          ] GC(125) Pause Remark 2294M->2294M(3836M) 0.589ms
[2025-11-06T12:04:01.894+0700][11.541s][info][gc,cpu      ] GC(125) User=0.00s Sys=0.00s Real=0.00s
[2025-11-06T12:04:01.894+0700][11.541s][info][gc,marking  ] GC(125) Concurrent Mark 3.398ms
[2025-11-06T12:04:01.894+0700][11.541s][info][gc,marking  ] GC(125) Concurrent Rebuild Remembered Sets
[2025-11-06T12:04:01.895+0700][11.542s][info][gc,marking  ] GC(125) Concurrent Rebuild Remembered Sets 1.082ms
[2025-11-06T12:04:01.905+0700][11.551s][info][gc,start    ] GC(125) Pause Cleanup
[2025-11-06T12:04:01.905+0700][11.551s][info][gc          ] GC(125) Pause Cleanup 2306M->2306M(3836M) 0.147ms
[2025-11-06T12:04:01.905+0700][11.551s][info][gc,cpu      ] GC(125) User=0.00s Sys=0.00s Real=0.00s
[2025-11-06T12:04:01.905+0700][11.551s][info][gc,marking  ] GC(125) Concurrent Cleanup for Next Mark
[2025-11-06T12:04:01.908+0700][11.554s][info][gc,marking  ] GC(125) Concurrent Cleanup for Next Mark 3.044ms
[2025-11-06T12:04:01.908+0700][11.555s][info][gc          ] GC(125) Concurrent Mark Cycle 17.350ms
[2025-11-06T12:04:01.910+0700][11.557s][info][gc,start    ] GC(126) Pause Young (Concurrent Start) (G1 Humongous Allocation)
[2025-11-06T12:04:01.910+0700][11.557s][info][gc,task     ] GC(126) Using 20 workers of 20 for evacuation
[2025-11-06T12:04:01.910+0700][11.557s][info][gc,phases   ] GC(126)   Pre Evacuate Collection Set: 0.1ms
[2025-11-06T12:04:01.910+0700][11.557s][info][gc,phases   ] GC(126)   Merge Heap Roots: 0.1ms
[2025-11-06T12:04:01.910+0700][11.557s][info][gc,phases   ] GC(126)   Evacuate Collection Set: 0.2ms
[2025-11-06T12:04:01.910+0700][11.557s][info][gc,phases   ] GC(126)   Post Evacuate Collection Set: 0.1ms
[2025-11-06T12:04:01.910+0700][11.557s][info][gc,phases   ] GC(126)   Other: 0.1ms
[2025-11-06T12:04:01.910+0700][11.557s][info][gc,heap     ] GC(126) Eden regions: 0->0(280)
[2025-11-06T12:04:01.910+0700][11.557s][info][gc,heap     ] GC(126) Survivor regions: 1->1(35)
[2025-11-06T12:04:01.910+0700][11.557s][info][gc,heap     ] GC(126) Old regions: 1->1
[2025-11-06T12:04:01.910+0700][11.557s][info][gc,heap     ] GC(126) Archive regions: 0->0
[2025-11-06T12:04:01.910+0700][11.557s][info][gc,heap     ] GC(126) Humongous regions: 579->579
[2025-11-06T12:04:01.910+0700][11.557s][info][gc,metaspace] GC(126) Metaspace: 9471K(9728K)->9471K(9728K) NonClass: 8331K(8448K)->8331K(8448K) Class: 1140K(1280K)->1140K(1280K)
[2025-11-06T12:04:01.910+0700][11.557s][info][gc          ] GC(126) Pause Young (Concurrent Start) (G1 Humongous Allocation) 2318M->2318M(3836M) 0.683ms
[2025-11-06T12:04:01.910+0700][11.557s][info][gc,cpu      ] GC(126) User=0.00s Sys=0.00s Real=0.00s
[2025-11-06T12:04:01.910+0700][11.557s][info][gc          ] GC(127) Concurrent Mark Cycle
[2025-11-06T12:04:01.910+0700][11.557s][info][gc,marking  ] GC(127) Concurrent Clear Claimed Marks
[2025-11-06T12:04:01.910+0700][11.557s][info][gc,marking  ] GC(127) Concurrent Clear Claimed Marks 0.015ms
[2025-11-06T12:04:01.910+0700][11.557s][info][gc,marking  ] GC(127) Concurrent Scan Root Regions
[2025-11-06T12:04:01.911+0700][11.557s][info][gc,marking  ] GC(127) Concurrent Scan Root Regions 0.073ms
[2025-11-06T12:04:01.911+0700][11.557s][info][gc,marking  ] GC(127) Concurrent Mark
[2025-11-06T12:04:01.911+0700][11.557s][info][gc,marking  ] GC(127) Concurrent Mark From Roots
[2025-11-06T12:04:01.911+0700][11.557s][info][gc,task     ] GC(127) Using 5 workers of 5 for marking
[2025-11-06T12:04:01.913+0700][11.560s][info][gc,marking  ] GC(127) Concurrent Mark From Roots 2.733ms
[2025-11-06T12:04:01.913+0700][11.560s][info][gc,marking  ] GC(127) Concurrent Preclean
[2025-11-06T12:04:01.913+0700][11.560s][info][gc,marking  ] GC(127) Concurrent Preclean 0.107ms
[2025-11-06T12:04:01.914+0700][11.561s][info][gc,start    ] GC(127) Pause Remark
[2025-11-06T12:04:01.915+0700][11.561s][info][gc          ] GC(127) Pause Remark 2330M->2330M(3896M) 0.639ms
[2025-11-06T12:04:01.915+0700][11.561s][info][gc,cpu      ] GC(127) User=0.00s Sys=0.00s Real=0.00s
[2025-11-06T12:04:01.915+0700][11.562s][info][gc,marking  ] GC(127) Concurrent Mark 4.111ms
[2025-11-06T12:04:01.915+0700][11.562s][info][gc,marking  ] GC(127) Concurrent Rebuild Remembered Sets
[2025-11-06T12:04:01.916+0700][11.563s][info][gc,marking  ] GC(127) Concurrent Rebuild Remembered Sets 1.016ms
[2025-11-06T12:04:01.920+0700][11.566s][info][gc,start    ] GC(127) Pause Cleanup
[2025-11-06T12:04:01.920+0700][11.567s][info][gc          ] GC(127) Pause Cleanup 2342M->2342M(3896M) 0.139ms
[2025-11-06T12:04:01.920+0700][11.567s][info][gc,cpu      ] GC(127) User=0.00s Sys=0.00s Real=0.00s
[2025-11-06T12:04:01.920+0700][11.567s][info][gc,marking  ] GC(127) Concurrent Cleanup for Next Mark
[2025-11-06T12:04:01.923+0700][11.570s][info][gc,marking  ] GC(127) Concurrent Cleanup for Next Mark 3.254ms
[2025-11-06T12:04:01.923+0700][11.570s][info][gc          ] GC(127) Concurrent Mark Cycle 12.642ms
[2025-11-06T12:04:01.925+0700][11.572s][info][gc,start    ] GC(128) Pause Young (Concurrent Start) (G1 Humongous Allocation)
[2025-11-06T12:04:01.925+0700][11.572s][info][gc,task     ] GC(128) Using 20 workers of 20 for evacuation
[2025-11-06T12:04:01.926+0700][11.573s][info][gc,phases   ] GC(128)   Pre Evacuate Collection Set: 0.1ms
[2025-11-06T12:04:01.926+0700][11.573s][info][gc,phases   ] GC(128)   Merge Heap Roots: 0.1ms
[2025-11-06T12:04:01.926+0700][11.573s][info][gc,phases   ] GC(128)   Evacuate Collection Set: 0.2ms
[2025-11-06T12:04:01.926+0700][11.573s][info][gc,phases   ] GC(128)   Post Evacuate Collection Set: 0.1ms
[2025-11-06T12:04:01.926+0700][11.573s][info][gc,phases   ] GC(128)   Other: 0.2ms
[2025-11-06T12:04:01.926+0700][11.573s][info][gc,heap     ] GC(128) Eden regions: 0->0(284)
[2025-11-06T12:04:01.926+0700][11.573s][info][gc,heap     ] GC(128) Survivor regions: 1->1(36)
[2025-11-06T12:04:01.926+0700][11.573s][info][gc,heap     ] GC(128) Old regions: 1->1
[2025-11-06T12:04:01.926+0700][11.573s][info][gc,heap     ] GC(128) Archive regions: 0->0
[2025-11-06T12:04:01.926+0700][11.573s][info][gc,heap     ] GC(128) Humongous regions: 588->588
[2025-11-06T12:04:01.926+0700][11.573s][info][gc,metaspace] GC(128) Metaspace: 9471K(9728K)->9471K(9728K) NonClass: 8331K(8448K)->8331K(8448K) Class: 1140K(1280K)->1140K(1280K)
[2025-11-06T12:04:01.926+0700][11.573s][info][gc          ] GC(128) Pause Young (Concurrent Start) (G1 Humongous Allocation) 2354M->2354M(3896M) 0.690ms
[2025-11-06T12:04:01.926+0700][11.573s][info][gc,cpu      ] GC(128) User=0.00s Sys=0.00s Real=0.00s
[2025-11-06T12:04:01.926+0700][11.573s][info][gc          ] GC(129) Concurrent Mark Cycle
[2025-11-06T12:04:01.926+0700][11.573s][info][gc,marking  ] GC(129) Concurrent Clear Claimed Marks
[2025-11-06T12:04:01.926+0700][11.573s][info][gc,marking  ] GC(129) Concurrent Clear Claimed Marks 0.007ms
[2025-11-06T12:04:01.926+0700][11.573s][info][gc,marking  ] GC(129) Concurrent Scan Root Regions
[2025-11-06T12:04:01.926+0700][11.573s][info][gc,marking  ] GC(129) Concurrent Scan Root Regions 0.046ms
[2025-11-06T12:04:01.926+0700][11.573s][info][gc,marking  ] GC(129) Concurrent Mark
[2025-11-06T12:04:01.926+0700][11.573s][info][gc,marking  ] GC(129) Concurrent Mark From Roots
[2025-11-06T12:04:01.926+0700][11.573s][info][gc,task     ] GC(129) Using 5 workers of 5 for marking
[2025-11-06T12:04:01.928+0700][11.575s][info][gc,marking  ] GC(129) Concurrent Mark From Roots 2.326ms
[2025-11-06T12:04:01.928+0700][11.575s][info][gc,marking  ] GC(129) Concurrent Preclean
[2025-11-06T12:04:01.928+0700][11.575s][info][gc,marking  ] GC(129) Concurrent Preclean 0.106ms
[2025-11-06T12:04:01.929+0700][11.576s][info][gc,start    ] GC(129) Pause Remark
[2025-11-06T12:04:01.930+0700][11.577s][info][gc          ] GC(129) Pause Remark 2366M->2366M(3956M) 0.655ms
[2025-11-06T12:04:01.930+0700][11.577s][info][gc,cpu      ] GC(129) User=0.00s Sys=0.00s Real=0.00s
[2025-11-06T12:04:01.930+0700][11.577s][info][gc,marking  ] GC(129) Concurrent Mark 4.035ms
[2025-11-06T12:04:01.930+0700][11.577s][info][gc,marking  ] GC(129) Concurrent Rebuild Remembered Sets
[2025-11-06T12:04:01.931+0700][11.578s][info][gc,marking  ] GC(129) Concurrent Rebuild Remembered Sets 1.065ms
[2025-11-06T12:04:01.936+0700][11.582s][info][gc,start    ] GC(129) Pause Cleanup
[2025-11-06T12:04:01.936+0700][11.583s][info][gc          ] GC(129) Pause Cleanup 2378M->2378M(3956M) 0.160ms
[2025-11-06T12:04:01.936+0700][11.583s][info][gc,cpu      ] GC(129) User=0.00s Sys=0.00s Real=0.00s
[2025-11-06T12:04:01.936+0700][11.583s][info][gc,marking  ] GC(129) Concurrent Cleanup for Next Mark
[2025-11-06T12:04:01.939+0700][11.586s][info][gc,marking  ] GC(129) Concurrent Cleanup for Next Mark 3.266ms
[2025-11-06T12:04:01.939+0700][11.586s][info][gc          ] GC(129) Concurrent Mark Cycle 13.291ms
[2025-11-06T12:04:01.941+0700][11.588s][info][gc,start    ] GC(130) Pause Young (Concurrent Start) (G1 Humongous Allocation)
[2025-11-06T12:04:01.941+0700][11.588s][info][gc,task     ] GC(130) Using 20 workers of 20 for evacuation
[2025-11-06T12:04:01.942+0700][11.589s][info][gc,phases   ] GC(130)   Pre Evacuate Collection Set: 0.1ms
[2025-11-06T12:04:01.942+0700][11.589s][info][gc,phases   ] GC(130)   Merge Heap Roots: 0.1ms
[2025-11-06T12:04:01.942+0700][11.589s][info][gc,phases   ] GC(130)   Evacuate Collection Set: 0.2ms
[2025-11-06T12:04:01.942+0700][11.589s][info][gc,phases   ] GC(130)   Post Evacuate Collection Set: 0.1ms
[2025-11-06T12:04:01.942+0700][11.589s][info][gc,phases   ] GC(130)   Other: 0.1ms
[2025-11-06T12:04:01.942+0700][11.589s][info][gc,heap     ] GC(130) Eden regions: 0->0(289)
[2025-11-06T12:04:01.942+0700][11.589s][info][gc,heap     ] GC(130) Survivor regions: 1->1(36)
[2025-11-06T12:04:01.942+0700][11.589s][info][gc,heap     ] GC(130) Old regions: 1->1
[2025-11-06T12:04:01.942+0700][11.589s][info][gc,heap     ] GC(130) Archive regions: 0->0
[2025-11-06T12:04:01.942+0700][11.589s][info][gc,heap     ] GC(130) Humongous regions: 597->597
[2025-11-06T12:04:01.942+0700][11.589s][info][gc,metaspace] GC(130) Metaspace: 9471K(9728K)->9471K(9728K) NonClass: 8331K(8448K)->8331K(8448K) Class: 1140K(1280K)->1140K(1280K)
[2025-11-06T12:04:01.942+0700][11.589s][info][gc          ] GC(130) Pause Young (Concurrent Start) (G1 Humongous Allocation) 2390M->2390M(3956M) 0.727ms
[2025-11-06T12:04:01.942+0700][11.589s][info][gc,cpu      ] GC(130) User=0.00s Sys=0.00s Real=0.00s
[2025-11-06T12:04:01.942+0700][11.589s][info][gc          ] GC(131) Concurrent Mark Cycle
[2025-11-06T12:04:01.942+0700][11.589s][info][gc,marking  ] GC(131) Concurrent Clear Claimed Marks
[2025-11-06T12:04:01.942+0700][11.589s][info][gc,marking  ] GC(131) Concurrent Clear Claimed Marks 0.008ms
[2025-11-06T12:04:01.942+0700][11.589s][info][gc,marking  ] GC(131) Concurrent Scan Root Regions
[2025-11-06T12:04:01.942+0700][11.589s][info][gc,marking  ] GC(131) Concurrent Scan Root Regions 0.063ms
[2025-11-06T12:04:01.942+0700][11.589s][info][gc,marking  ] GC(131) Concurrent Mark
[2025-11-06T12:04:01.942+0700][11.589s][info][gc,marking  ] GC(131) Concurrent Mark From Roots
[2025-11-06T12:04:01.942+0700][11.589s][info][gc,task     ] GC(131) Using 5 workers of 5 for marking
[2025-11-06T12:04:01.944+0700][11.591s][info][gc,marking  ] GC(131) Concurrent Mark From Roots 2.301ms
[2025-11-06T12:04:01.944+0700][11.591s][info][gc,marking  ] GC(131) Concurrent Preclean
[2025-11-06T12:04:01.944+0700][11.591s][info][gc,marking  ] GC(131) Concurrent Preclean 0.103ms
[2025-11-06T12:04:01.945+0700][11.592s][info][gc,start    ] GC(131) Pause Remark
[2025-11-06T12:04:01.946+0700][11.593s][info][gc          ] GC(131) Pause Remark 2402M->2402M(4016M) 0.662ms
[2025-11-06T12:04:01.946+0700][11.593s][info][gc,cpu      ] GC(131) User=0.00s Sys=0.00s Real=0.00s
[2025-11-06T12:04:01.946+0700][11.593s][info][gc,marking  ] GC(131) Concurrent Mark 3.856ms
[2025-11-06T12:04:01.946+0700][11.593s][info][gc,marking  ] GC(131) Concurrent Rebuild Remembered Sets
[2025-11-06T12:04:01.947+0700][11.594s][info][gc,marking  ] GC(131) Concurrent Rebuild Remembered Sets 1.099ms
[2025-11-06T12:04:01.947+0700][11.594s][info][gc,start    ] GC(131) Pause Cleanup
[2025-11-06T12:04:01.947+0700][11.594s][info][gc          ] GC(131) Pause Cleanup 2404M->2404M(4016M) 0.072ms
[2025-11-06T12:04:01.947+0700][11.594s][info][gc,cpu      ] GC(131) User=0.00s Sys=0.00s Real=0.00s
[2025-11-06T12:04:01.947+0700][11.594s][info][gc,marking  ] GC(131) Concurrent Cleanup for Next Mark
[2025-11-06T12:04:01.951+0700][11.597s][info][gc,marking  ] GC(131) Concurrent Cleanup for Next Mark 3.496ms
[2025-11-06T12:04:01.951+0700][11.597s][info][gc          ] GC(131) Concurrent Mark Cycle 8.820ms
[2025-11-06T12:04:02.449+0700][12.095s][info][gc,start    ] GC(132) Pause Young (Concurrent Start) (G1 Humongous Allocation)
[2025-11-06T12:04:02.449+0700][12.095s][info][gc,task     ] GC(132) Using 20 workers of 20 for evacuation
[2025-11-06T12:04:02.449+0700][12.096s][info][gc,phases   ] GC(132)   Pre Evacuate Collection Set: 0.1ms
[2025-11-06T12:04:02.449+0700][12.096s][info][gc,phases   ] GC(132)   Merge Heap Roots: 0.0ms
[2025-11-06T12:04:02.449+0700][12.096s][info][gc,phases   ] GC(132)   Evacuate Collection Set: 0.1ms
[2025-11-06T12:04:02.449+0700][12.096s][info][gc,phases   ] GC(132)   Post Evacuate Collection Set: 0.1ms
[2025-11-06T12:04:02.449+0700][12.096s][info][gc,phases   ] GC(132)   Other: 0.2ms
[2025-11-06T12:04:02.449+0700][12.096s][info][gc,heap     ] GC(132) Eden regions: 1->0(299)
[2025-11-06T12:04:02.449+0700][12.096s][info][gc,heap     ] GC(132) Survivor regions: 1->1(37)
[2025-11-06T12:04:02.449+0700][12.096s][info][gc,heap     ] GC(132) Old regions: 1->1
[2025-11-06T12:04:02.449+0700][12.096s][info][gc,heap     ] GC(132) Archive regions: 0->0
[2025-11-06T12:04:02.449+0700][12.096s][info][gc,heap     ] GC(132) Humongous regions: 600->600
[2025-11-06T12:04:02.449+0700][12.096s][info][gc,metaspace] GC(132) Metaspace: 9471K(9728K)->9471K(9728K) NonClass: 8331K(8448K)->8331K(8448K) Class: 1140K(1280K)->1140K(1280K)
[2025-11-06T12:04:02.449+0700][12.096s][info][gc          ] GC(132) Pause Young (Concurrent Start) (G1 Humongous Allocation) 2404M->2402M(4016M) 0.579ms
[2025-11-06T12:04:02.449+0700][12.096s][info][gc,cpu      ] GC(132) User=0.00s Sys=0.00s Real=0.00s
[2025-11-06T12:04:02.449+0700][12.096s][info][gc          ] GC(133) Concurrent Mark Cycle
[2025-11-06T12:04:02.449+0700][12.096s][info][gc,marking  ] GC(133) Concurrent Clear Claimed Marks
[2025-11-06T12:04:02.449+0700][12.096s][info][gc,marking  ] GC(133) Concurrent Clear Claimed Marks 0.019ms
[2025-11-06T12:04:02.449+0700][12.096s][info][gc,marking  ] GC(133) Concurrent Scan Root Regions
[2025-11-06T12:04:02.449+0700][12.096s][info][gc,marking  ] GC(133) Concurrent Scan Root Regions 0.055ms
[2025-11-06T12:04:02.449+0700][12.096s][info][gc,marking  ] GC(133) Concurrent Mark
[2025-11-06T12:04:02.449+0700][12.096s][info][gc,marking  ] GC(133) Concurrent Mark From Roots
[2025-11-06T12:04:02.449+0700][12.096s][info][gc,task     ] GC(133) Using 5 workers of 5 for marking
[2025-11-06T12:04:02.452+0700][12.098s][info][gc,marking  ] GC(133) Concurrent Mark From Roots 2.678ms
[2025-11-06T12:04:02.452+0700][12.099s][info][gc,marking  ] GC(133) Concurrent Preclean
[2025-11-06T12:04:02.452+0700][12.099s][info][gc,marking  ] GC(133) Concurrent Preclean 0.110ms
[2025-11-06T12:04:02.464+0700][12.110s][info][gc,start    ] GC(133) Pause Remark
[2025-11-06T12:04:02.464+0700][12.110s][info][gc          ] GC(133) Pause Remark 2426M->2426M(4056M) 0.555ms
[2025-11-06T12:04:02.464+0700][12.111s][info][gc,cpu      ] GC(133) User=0.00s Sys=0.00s Real=0.00s
[2025-11-06T12:04:02.464+0700][12.111s][info][gc,marking  ] GC(133) Concurrent Mark 14.752ms
[2025-11-06T12:04:02.464+0700][12.111s][info][gc,marking  ] GC(133) Concurrent Rebuild Remembered Sets
[2025-11-06T12:04:02.465+0700][12.112s][info][gc,marking  ] GC(133) Concurrent Rebuild Remembered Sets 1.096ms
[2025-11-06T12:04:02.479+0700][12.125s][info][gc,start    ] GC(133) Pause Cleanup
[2025-11-06T12:04:02.479+0700][12.125s][info][gc          ] GC(133) Pause Cleanup 2438M->2438M(4056M) 0.185ms
[2025-11-06T12:04:02.479+0700][12.125s][info][gc,cpu      ] GC(133) User=0.00s Sys=0.00s Real=0.00s
[2025-11-06T12:04:02.479+0700][12.125s][info][gc,marking  ] GC(133) Concurrent Cleanup for Next Mark
[2025-11-06T12:04:02.483+0700][12.129s][info][gc,marking  ] GC(133) Concurrent Cleanup for Next Mark 3.778ms
[2025-11-06T12:04:02.483+0700][12.129s][info][gc          ] GC(133) Concurrent Mark Cycle 33.402ms
[2025-11-06T12:04:02.483+0700][12.129s][info][gc,start    ] GC(134) Pause Young (Concurrent Start) (G1 Humongous Allocation)
[2025-11-06T12:04:02.483+0700][12.129s][info][gc,task     ] GC(134) Using 20 workers of 20 for evacuation
[2025-11-06T12:04:02.484+0700][12.130s][info][gc,phases   ] GC(134)   Pre Evacuate Collection Set: 0.1ms
[2025-11-06T12:04:02.484+0700][12.130s][info][gc,phases   ] GC(134)   Merge Heap Roots: 0.1ms
[2025-11-06T12:04:02.484+0700][12.130s][info][gc,phases   ] GC(134)   Evacuate Collection Set: 0.2ms
[2025-11-06T12:04:02.484+0700][12.130s][info][gc,phases   ] GC(134)   Post Evacuate Collection Set: 0.1ms
[2025-11-06T12:04:02.484+0700][12.130s][info][gc,phases   ] GC(134)   Other: 0.2ms
[2025-11-06T12:04:02.484+0700][12.130s][info][gc,heap     ] GC(134) Eden regions: 0->0(296)
[2025-11-06T12:04:02.484+0700][12.130s][info][gc,heap     ] GC(134) Survivor regions: 1->1(38)
[2025-11-06T12:04:02.484+0700][12.130s][info][gc,heap     ] GC(134) Old regions: 1->1
[2025-11-06T12:04:02.484+0700][12.130s][info][gc,heap     ] GC(134) Archive regions: 0->0
[2025-11-06T12:04:02.484+0700][12.130s][info][gc,heap     ] GC(134) Humongous regions: 612->612
[2025-11-06T12:04:02.484+0700][12.130s][info][gc,metaspace] GC(134) Metaspace: 9471K(9728K)->9471K(9728K) NonClass: 8331K(8448K)->8331K(8448K) Class: 1140K(1280K)->1140K(1280K)
[2025-11-06T12:04:02.484+0700][12.130s][info][gc          ] GC(134) Pause Young (Concurrent Start) (G1 Humongous Allocation) 2450M->2450M(4056M) 0.718ms
[2025-11-06T12:04:02.484+0700][12.130s][info][gc,cpu      ] GC(134) User=0.00s Sys=0.00s Real=0.00s
[2025-11-06T12:04:02.484+0700][12.130s][info][gc          ] GC(135) Concurrent Mark Cycle
[2025-11-06T12:04:02.484+0700][12.130s][info][gc,marking  ] GC(135) Concurrent Clear Claimed Marks
[2025-11-06T12:04:02.484+0700][12.130s][info][gc,marking  ] GC(135) Concurrent Clear Claimed Marks 0.007ms
[2025-11-06T12:04:02.484+0700][12.130s][info][gc,marking  ] GC(135) Concurrent Scan Root Regions
[2025-11-06T12:04:02.484+0700][12.130s][info][gc,marking  ] GC(135) Concurrent Scan Root Regions 0.038ms
[2025-11-06T12:04:02.484+0700][12.130s][info][gc,marking  ] GC(135) Concurrent Mark
[2025-11-06T12:04:02.484+0700][12.130s][info][gc,marking  ] GC(135) Concurrent Mark From Roots
[2025-11-06T12:04:02.484+0700][12.130s][info][gc,task     ] GC(135) Using 5 workers of 5 for marking
[2025-11-06T12:04:02.487+0700][12.134s][info][gc,marking  ] GC(135) Concurrent Mark From Roots 3.418ms
[2025-11-06T12:04:02.487+0700][12.134s][info][gc,marking  ] GC(135) Concurrent Preclean
[2025-11-06T12:04:02.487+0700][12.134s][info][gc,marking  ] GC(135) Concurrent Preclean 0.140ms
[2025-11-06T12:04:02.488+0700][12.134s][info][gc,start    ] GC(135) Pause Remark
[2025-11-06T12:04:02.489+0700][12.135s][info][gc          ] GC(135) Pause Remark 2462M->2462M(4116M) 0.644ms
[2025-11-06T12:04:02.489+0700][12.135s][info][gc,cpu      ] GC(135) User=0.00s Sys=0.00s Real=0.00s
[2025-11-06T12:04:02.489+0700][12.135s][info][gc,marking  ] GC(135) Concurrent Mark 4.888ms
[2025-11-06T12:04:02.489+0700][12.135s][info][gc,marking  ] GC(135) Concurrent Rebuild Remembered Sets
[2025-11-06T12:04:02.490+0700][12.136s][info][gc,marking  ] GC(135) Concurrent Rebuild Remembered Sets 1.052ms
[2025-11-06T12:04:02.495+0700][12.141s][info][gc,start    ] GC(135) Pause Cleanup
[2025-11-06T12:04:02.495+0700][12.141s][info][gc          ] GC(135) Pause Cleanup 2474M->2474M(4116M) 0.145ms
[2025-11-06T12:04:02.495+0700][12.141s][info][gc,cpu      ] GC(135) User=0.00s Sys=0.00s Real=0.00s
[2025-11-06T12:04:02.495+0700][12.141s][info][gc,marking  ] GC(135) Concurrent Cleanup for Next Mark
[2025-11-06T12:04:02.498+0700][12.145s][info][gc,marking  ] GC(135) Concurrent Cleanup for Next Mark 3.514ms
[2025-11-06T12:04:02.498+0700][12.145s][info][gc          ] GC(135) Concurrent Mark Cycle 14.622ms
[2025-11-06T12:04:02.500+0700][12.146s][info][gc,start    ] GC(136) Pause Young (Concurrent Start) (G1 Humongous Allocation)
[2025-11-06T12:04:02.500+0700][12.146s][info][gc,task     ] GC(136) Using 20 workers of 20 for evacuation
[2025-11-06T12:04:02.501+0700][12.147s][info][gc,phases   ] GC(136)   Pre Evacuate Collection Set: 0.1ms
[2025-11-06T12:04:02.501+0700][12.147s][info][gc,phases   ] GC(136)   Merge Heap Roots: 0.0ms
[2025-11-06T12:04:02.501+0700][12.147s][info][gc,phases   ] GC(136)   Evacuate Collection Set: 0.2ms
[2025-11-06T12:04:02.501+0700][12.147s][info][gc,phases   ] GC(136)   Post Evacuate Collection Set: 0.1ms
[2025-11-06T12:04:02.501+0700][12.147s][info][gc,phases   ] GC(136)   Other: 0.1ms
[2025-11-06T12:04:02.501+0700][12.147s][info][gc,heap     ] GC(136) Eden regions: 0->0(301)
[2025-11-06T12:04:02.501+0700][12.147s][info][gc,heap     ] GC(136) Survivor regions: 1->1(38)
[2025-11-06T12:04:02.501+0700][12.147s][info][gc,heap     ] GC(136) Old regions: 1->1
[2025-11-06T12:04:02.501+0700][12.147s][info][gc,heap     ] GC(136) Archive regions: 0->0
[2025-11-06T12:04:02.501+0700][12.147s][info][gc,heap     ] GC(136) Humongous regions: 621->621
[2025-11-06T12:04:02.501+0700][12.147s][info][gc,metaspace] GC(136) Metaspace: 9471K(9728K)->9471K(9728K) NonClass: 8331K(8448K)->8331K(8448K) Class: 1140K(1280K)->1140K(1280K)
[2025-11-06T12:04:02.501+0700][12.147s][info][gc          ] GC(136) Pause Young (Concurrent Start) (G1 Humongous Allocation) 2486M->2486M(4116M) 0.586ms
[2025-11-06T12:04:02.501+0700][12.147s][info][gc,cpu      ] GC(136) User=0.00s Sys=0.00s Real=0.00s
[2025-11-06T12:04:02.501+0700][12.147s][info][gc          ] GC(137) Concurrent Mark Cycle
[2025-11-06T12:04:02.501+0700][12.147s][info][gc,marking  ] GC(137) Concurrent Clear Claimed Marks
[2025-11-06T12:04:02.501+0700][12.147s][info][gc,marking  ] GC(137) Concurrent Clear Claimed Marks 0.016ms
[2025-11-06T12:04:02.501+0700][12.147s][info][gc,marking  ] GC(137) Concurrent Scan Root Regions
[2025-11-06T12:04:02.501+0700][12.147s][info][gc,marking  ] GC(137) Concurrent Scan Root Regions 0.036ms
[2025-11-06T12:04:02.501+0700][12.147s][info][gc,marking  ] GC(137) Concurrent Mark
[2025-11-06T12:04:02.501+0700][12.147s][info][gc,marking  ] GC(137) Concurrent Mark From Roots
[2025-11-06T12:04:02.501+0700][12.147s][info][gc,task     ] GC(137) Using 5 workers of 5 for marking
[2025-11-06T12:04:02.504+0700][12.150s][info][gc,marking  ] GC(137) Concurrent Mark From Roots 2.918ms
[2025-11-06T12:04:02.504+0700][12.150s][info][gc,marking  ] GC(137) Concurrent Preclean
[2025-11-06T12:04:02.504+0700][12.150s][info][gc,marking  ] GC(137) Concurrent Preclean 0.166ms
[2025-11-06T12:04:02.510+0700][12.156s][info][gc,start    ] GC(137) Pause Remark
[2025-11-06T12:04:02.510+0700][12.157s][info][gc          ] GC(137) Pause Remark 2498M->2498M(4176M) 0.801ms
[2025-11-06T12:04:02.510+0700][12.157s][info][gc,cpu      ] GC(137) User=0.00s Sys=0.00s Real=0.00s
[2025-11-06T12:04:02.510+0700][12.157s][info][gc,marking  ] GC(137) Concurrent Mark 9.614ms
[2025-11-06T12:04:02.510+0700][12.157s][info][gc,marking  ] GC(137) Concurrent Rebuild Remembered Sets
[2025-11-06T12:04:02.512+0700][12.158s][info][gc,marking  ] GC(137) Concurrent Rebuild Remembered Sets 1.091ms
[2025-11-06T12:04:02.526+0700][12.172s][info][gc,start    ] GC(137) Pause Cleanup
[2025-11-06T12:04:02.526+0700][12.172s][info][gc          ] GC(137) Pause Cleanup 2510M->2510M(4176M) 0.166ms
[2025-11-06T12:04:02.526+0700][12.172s][info][gc,cpu      ] GC(137) User=0.00s Sys=0.00s Real=0.00s
[2025-11-06T12:04:02.526+0700][12.172s][info][gc,marking  ] GC(137) Concurrent Cleanup for Next Mark
[2025-11-06T12:04:02.530+0700][12.176s][info][gc,marking  ] GC(137) Concurrent Cleanup for Next Mark 3.762ms
[2025-11-06T12:04:02.530+0700][12.176s][info][gc          ] GC(137) Concurrent Mark Cycle 28.653ms
[2025-11-06T12:04:03.036+0700][12.682s][info][gc,start    ] GC(138) Pause Young (Concurrent Start) (G1 Humongous Allocation)
[2025-11-06T12:04:03.036+0700][12.682s][info][gc,task     ] GC(138) Using 20 workers of 20 for evacuation
[2025-11-06T12:04:03.036+0700][12.683s][info][gc,phases   ] GC(138)   Pre Evacuate Collection Set: 0.2ms
[2025-11-06T12:04:03.036+0700][12.683s][info][gc,phases   ] GC(138)   Merge Heap Roots: 0.0ms
[2025-11-06T12:04:03.036+0700][12.683s][info][gc,phases   ] GC(138)   Evacuate Collection Set: 0.1ms
[2025-11-06T12:04:03.036+0700][12.683s][info][gc,phases   ] GC(138)   Post Evacuate Collection Set: 0.1ms
[2025-11-06T12:04:03.036+0700][12.683s][info][gc,phases   ] GC(138)   Other: 0.2ms
[2025-11-06T12:04:03.036+0700][12.683s][info][gc,heap     ] GC(138) Eden regions: 1->0(307)
[2025-11-06T12:04:03.036+0700][12.683s][info][gc,heap     ] GC(138) Survivor regions: 1->0(38)
[2025-11-06T12:04:03.036+0700][12.683s][info][gc,heap     ] GC(138) Old regions: 1->1
[2025-11-06T12:04:03.036+0700][12.683s][info][gc,heap     ] GC(138) Archive regions: 0->0
[2025-11-06T12:04:03.036+0700][12.683s][info][gc,heap     ] GC(138) Humongous regions: 630->630
[2025-11-06T12:04:03.036+0700][12.683s][info][gc,metaspace] GC(138) Metaspace: 9471K(9728K)->9471K(9728K) NonClass: 8331K(8448K)->8331K(8448K) Class: 1140K(1280K)->1140K(1280K)
[2025-11-06T12:04:03.036+0700][12.683s][info][gc          ] GC(138) Pause Young (Concurrent Start) (G1 Humongous Allocation) 2524M->2522M(4176M) 0.685ms
[2025-11-06T12:04:03.036+0700][12.683s][info][gc,cpu      ] GC(138) User=0.00s Sys=0.00s Real=0.00s
[2025-11-06T12:04:03.036+0700][12.683s][info][gc          ] GC(139) Concurrent Mark Cycle
[2025-11-06T12:04:03.036+0700][12.683s][info][gc,marking  ] GC(139) Concurrent Clear Claimed Marks
[2025-11-06T12:04:03.036+0700][12.683s][info][gc,marking  ] GC(139) Concurrent Clear Claimed Marks 0.007ms
[2025-11-06T12:04:03.036+0700][12.683s][info][gc,marking  ] GC(139) Concurrent Scan Root Regions
[2025-11-06T12:04:03.036+0700][12.683s][info][gc,marking  ] GC(139) Concurrent Scan Root Regions 0.053ms
[2025-11-06T12:04:03.037+0700][12.683s][info][gc,marking  ] GC(139) Concurrent Mark
[2025-11-06T12:04:03.037+0700][12.683s][info][gc,marking  ] GC(139) Concurrent Mark From Roots
[2025-11-06T12:04:03.037+0700][12.683s][info][gc,task     ] GC(139) Using 5 workers of 5 for marking
[2025-11-06T12:04:03.039+0700][12.685s][info][gc,marking  ] GC(139) Concurrent Mark From Roots 2.045ms
[2025-11-06T12:04:03.039+0700][12.685s][info][gc,marking  ] GC(139) Concurrent Preclean
[2025-11-06T12:04:03.039+0700][12.685s][info][gc,marking  ] GC(139) Concurrent Preclean 0.158ms
[2025-11-06T12:04:03.051+0700][12.697s][info][gc,start    ] GC(139) Pause Remark
[2025-11-06T12:04:03.052+0700][12.698s][info][gc          ] GC(139) Pause Remark 2534M->2534M(4228M) 1.089ms
[2025-11-06T12:04:03.052+0700][12.698s][info][gc,cpu      ] GC(139) User=0.00s Sys=0.00s Real=0.00s
[2025-11-06T12:04:03.052+0700][12.698s][info][gc,marking  ] GC(139) Concurrent Mark 15.232ms
[2025-11-06T12:04:03.052+0700][12.698s][info][gc,marking  ] GC(139) Concurrent Rebuild Remembered Sets
[2025-11-06T12:04:03.053+0700][12.700s][info][gc,marking  ] GC(139) Concurrent Rebuild Remembered Sets 1.556ms
[2025-11-06T12:04:03.066+0700][12.712s][info][gc,start    ] GC(139) Pause Cleanup
[2025-11-06T12:04:03.066+0700][12.712s][info][gc          ] GC(139) Pause Cleanup 2546M->2546M(4228M) 0.164ms
[2025-11-06T12:04:03.066+0700][12.712s][info][gc,cpu      ] GC(139) User=0.00s Sys=0.00s Real=0.00s
[2025-11-06T12:04:03.066+0700][12.712s][info][gc,marking  ] GC(139) Concurrent Cleanup for Next Mark
[2025-11-06T12:04:03.071+0700][12.717s][info][gc,marking  ] GC(139) Concurrent Cleanup for Next Mark 4.768ms
[2025-11-06T12:04:03.071+0700][12.717s][info][gc          ] GC(139) Concurrent Mark Cycle 34.325ms
[2025-11-06T12:04:03.073+0700][12.719s][info][gc,start    ] GC(140) Pause Young (Concurrent Start) (G1 Humongous Allocation)
[2025-11-06T12:04:03.073+0700][12.719s][info][gc,task     ] GC(140) Using 20 workers of 20 for evacuation
[2025-11-06T12:04:03.073+0700][12.720s][info][gc,phases   ] GC(140)   Pre Evacuate Collection Set: 0.1ms
[2025-11-06T12:04:03.073+0700][12.720s][info][gc,phases   ] GC(140)   Merge Heap Roots: 0.1ms
[2025-11-06T12:04:03.073+0700][12.720s][info][gc,phases   ] GC(140)   Evacuate Collection Set: 0.1ms
[2025-11-06T12:04:03.073+0700][12.720s][info][gc,phases   ] GC(140)   Post Evacuate Collection Set: 0.1ms
[2025-11-06T12:04:03.073+0700][12.720s][info][gc,phases   ] GC(140)   Other: 0.2ms
[2025-11-06T12:04:03.073+0700][12.720s][info][gc,heap     ] GC(140) Eden regions: 0->0(310)
[2025-11-06T12:04:03.074+0700][12.720s][info][gc,heap     ] GC(140) Survivor regions: 0->0(39)
[2025-11-06T12:04:03.074+0700][12.720s][info][gc,heap     ] GC(140) Old regions: 1->1
[2025-11-06T12:04:03.074+0700][12.720s][info][gc,heap     ] GC(140) Archive regions: 0->0
[2025-11-06T12:04:03.074+0700][12.720s][info][gc,heap     ] GC(140) Humongous regions: 639->639
[2025-11-06T12:04:03.074+0700][12.720s][info][gc,metaspace] GC(140) Metaspace: 9471K(9728K)->9471K(9728K) NonClass: 8331K(8448K)->8331K(8448K) Class: 1140K(1280K)->1140K(1280K)
[2025-11-06T12:04:03.074+0700][12.720s][info][gc          ] GC(140) Pause Young (Concurrent Start) (G1 Humongous Allocation) 2558M->2558M(4228M) 0.799ms
[2025-11-06T12:04:03.074+0700][12.720s][info][gc,cpu      ] GC(140) User=0.00s Sys=0.00s Real=0.00s
[2025-11-06T12:04:03.074+0700][12.720s][info][gc          ] GC(141) Concurrent Mark Cycle
[2025-11-06T12:04:03.074+0700][12.720s][info][gc,marking  ] GC(141) Concurrent Clear Claimed Marks
[2025-11-06T12:04:03.074+0700][12.720s][info][gc,marking  ] GC(141) Concurrent Clear Claimed Marks 0.013ms
[2025-11-06T12:04:03.074+0700][12.720s][info][gc,marking  ] GC(141) Concurrent Scan Root Regions
[2025-11-06T12:04:03.074+0700][12.720s][info][gc,marking  ] GC(141) Concurrent Scan Root Regions 0.010ms
[2025-11-06T12:04:03.074+0700][12.720s][info][gc,marking  ] GC(141) Concurrent Mark
[2025-11-06T12:04:03.074+0700][12.720s][info][gc,marking  ] GC(141) Concurrent Mark From Roots
[2025-11-06T12:04:03.074+0700][12.720s][info][gc,task     ] GC(141) Using 5 workers of 5 for marking
[2025-11-06T12:04:03.077+0700][12.724s][info][gc,marking  ] GC(141) Concurrent Mark From Roots 3.443ms
[2025-11-06T12:04:03.077+0700][12.724s][info][gc,marking  ] GC(141) Concurrent Preclean
[2025-11-06T12:04:03.077+0700][12.724s][info][gc,marking  ] GC(141) Concurrent Preclean 0.109ms
[2025-11-06T12:04:03.078+0700][12.724s][info][gc,start    ] GC(141) Pause Remark
[2025-11-06T12:04:03.078+0700][12.725s][info][gc          ] GC(141) Pause Remark 2570M->2570M(4288M) 0.661ms
[2025-11-06T12:04:03.078+0700][12.725s][info][gc,cpu      ] GC(141) User=0.00s Sys=0.00s Real=0.00s
[2025-11-06T12:04:03.078+0700][12.725s][info][gc,marking  ] GC(141) Concurrent Mark 4.781ms
[2025-11-06T12:04:03.078+0700][12.725s][info][gc,marking  ] GC(141) Concurrent Rebuild Remembered Sets
[2025-11-06T12:04:03.080+0700][12.726s][info][gc,marking  ] GC(141) Concurrent Rebuild Remembered Sets 1.101ms
[2025-11-06T12:04:03.096+0700][12.742s][info][gc,start    ] GC(141) Pause Cleanup
[2025-11-06T12:04:03.096+0700][12.742s][info][gc          ] GC(141) Pause Cleanup 2582M->2582M(4288M) 0.163ms
[2025-11-06T12:04:03.096+0700][12.742s][info][gc,cpu      ] GC(141) User=0.00s Sys=0.00s Real=0.00s
[2025-11-06T12:04:03.096+0700][12.742s][info][gc,marking  ] GC(141) Concurrent Cleanup for Next Mark
[2025-11-06T12:04:03.100+0700][12.746s][info][gc,marking  ] GC(141) Concurrent Cleanup for Next Mark 3.842ms
[2025-11-06T12:04:03.100+0700][12.746s][info][gc          ] GC(141) Concurrent Mark Cycle 26.137ms
[2025-11-06T12:04:03.101+0700][12.747s][info][gc,start    ] GC(142) Pause Young (Concurrent Start) (G1 Humongous Allocation)
[2025-11-06T12:04:03.101+0700][12.747s][info][gc,task     ] GC(142) Using 20 workers of 20 for evacuation
[2025-11-06T12:04:03.102+0700][12.748s][info][gc,phases   ] GC(142)   Pre Evacuate Collection Set: 0.3ms
[2025-11-06T12:04:03.102+0700][12.748s][info][gc,phases   ] GC(142)   Merge Heap Roots: 0.2ms
[2025-11-06T12:04:03.102+0700][12.748s][info][gc,phases   ] GC(142)   Evacuate Collection Set: 0.3ms
[2025-11-06T12:04:03.102+0700][12.748s][info][gc,phases   ] GC(142)   Post Evacuate Collection Set: 0.1ms
[2025-11-06T12:04:03.102+0700][12.748s][info][gc,phases   ] GC(142)   Other: 0.2ms
[2025-11-06T12:04:03.102+0700][12.748s][info][gc,heap     ] GC(142) Eden regions: 0->0(314)
[2025-11-06T12:04:03.102+0700][12.748s][info][gc,heap     ] GC(142) Survivor regions: 0->0(39)
[2025-11-06T12:04:03.102+0700][12.748s][info][gc,heap     ] GC(142) Old regions: 1->1
[2025-11-06T12:04:03.102+0700][12.748s][info][gc,heap     ] GC(142) Archive regions: 0->0
[2025-11-06T12:04:03.102+0700][12.748s][info][gc,heap     ] GC(142) Humongous regions: 648->648
[2025-11-06T12:04:03.102+0700][12.748s][info][gc,metaspace] GC(142) Metaspace: 9471K(9728K)->9471K(9728K) NonClass: 8331K(8448K)->8331K(8448K) Class: 1140K(1280K)->1140K(1280K)
[2025-11-06T12:04:03.102+0700][12.748s][info][gc          ] GC(142) Pause Young (Concurrent Start) (G1 Humongous Allocation) 2594M->2594M(4288M) 1.341ms
[2025-11-06T12:04:03.102+0700][12.748s][info][gc,cpu      ] GC(142) User=0.00s Sys=0.00s Real=0.00s
[2025-11-06T12:04:03.102+0700][12.748s][info][gc          ] GC(143) Concurrent Mark Cycle
[2025-11-06T12:04:03.102+0700][12.748s][info][gc,marking  ] GC(143) Concurrent Clear Claimed Marks
[2025-11-06T12:04:03.102+0700][12.748s][info][gc,marking  ] GC(143) Concurrent Clear Claimed Marks 0.016ms
[2025-11-06T12:04:03.102+0700][12.748s][info][gc,marking  ] GC(143) Concurrent Scan Root Regions
[2025-11-06T12:04:03.102+0700][12.749s][info][gc,marking  ] GC(143) Concurrent Scan Root Regions 0.011ms
[2025-11-06T12:04:03.102+0700][12.749s][info][gc,marking  ] GC(143) Concurrent Mark
[2025-11-06T12:04:03.102+0700][12.749s][info][gc,marking  ] GC(143) Concurrent Mark From Roots
[2025-11-06T12:04:03.102+0700][12.749s][info][gc,task     ] GC(143) Using 5 workers of 5 for marking
[2025-11-06T12:04:03.105+0700][12.751s][info][gc,marking  ] GC(143) Concurrent Mark From Roots 2.636ms
[2025-11-06T12:04:03.105+0700][12.751s][info][gc,marking  ] GC(143) Concurrent Preclean
[2025-11-06T12:04:03.105+0700][12.751s][info][gc,marking  ] GC(143) Concurrent Preclean 0.172ms
[2025-11-06T12:04:03.112+0700][12.758s][info][gc,start    ] GC(143) Pause Remark
[2025-11-06T12:04:03.112+0700][12.759s][info][gc          ] GC(143) Pause Remark 2606M->2606M(4348M) 0.759ms
[2025-11-06T12:04:03.112+0700][12.759s][info][gc,cpu      ] GC(143) User=0.00s Sys=0.00s Real=0.00s
[2025-11-06T12:04:03.112+0700][12.759s][info][gc,marking  ] GC(143) Concurrent Mark 10.230ms
[2025-11-06T12:04:03.112+0700][12.759s][info][gc,marking  ] GC(143) Concurrent Rebuild Remembered Sets
[2025-11-06T12:04:03.114+0700][12.760s][info][gc,marking  ] GC(143) Concurrent Rebuild Remembered Sets 1.266ms
[2025-11-06T12:04:03.127+0700][12.773s][info][gc,start    ] GC(143) Pause Cleanup
[2025-11-06T12:04:03.127+0700][12.773s][info][gc          ] GC(143) Pause Cleanup 2618M->2618M(4348M) 0.197ms
[2025-11-06T12:04:03.127+0700][12.773s][info][gc,cpu      ] GC(143) User=0.00s Sys=0.00s Real=0.00s
[2025-11-06T12:04:03.127+0700][12.773s][info][gc,marking  ] GC(143) Concurrent Cleanup for Next Mark
[2025-11-06T12:04:03.131+0700][12.777s][info][gc,marking  ] GC(143) Concurrent Cleanup for Next Mark 3.653ms
[2025-11-06T12:04:03.131+0700][12.777s][info][gc          ] GC(143) Concurrent Mark Cycle 28.492ms
[2025-11-06T12:04:03.133+0700][12.779s][info][gc,start    ] GC(144) Pause Young (Concurrent Start) (G1 Humongous Allocation)
[2025-11-06T12:04:03.133+0700][12.779s][info][gc,task     ] GC(144) Using 20 workers of 20 for evacuation
[2025-11-06T12:04:03.133+0700][12.780s][info][gc,phases   ] GC(144)   Pre Evacuate Collection Set: 0.1ms
[2025-11-06T12:04:03.133+0700][12.780s][info][gc,phases   ] GC(144)   Merge Heap Roots: 0.1ms
[2025-11-06T12:04:03.133+0700][12.780s][info][gc,phases   ] GC(144)   Evacuate Collection Set: 0.1ms
[2025-11-06T12:04:03.133+0700][12.780s][info][gc,phases   ] GC(144)   Post Evacuate Collection Set: 0.1ms
[2025-11-06T12:04:03.133+0700][12.780s][info][gc,phases   ] GC(144)   Other: 0.1ms
[2025-11-06T12:04:03.133+0700][12.780s][info][gc,heap     ] GC(144) Eden regions: 0->0(319)
[2025-11-06T12:04:03.133+0700][12.780s][info][gc,heap     ] GC(144) Survivor regions: 0->0(40)
[2025-11-06T12:04:03.133+0700][12.780s][info][gc,heap     ] GC(144) Old regions: 1->1
[2025-11-06T12:04:03.133+0700][12.780s][info][gc,heap     ] GC(144) Archive regions: 0->0
[2025-11-06T12:04:03.133+0700][12.780s][info][gc,heap     ] GC(144) Humongous regions: 657->657
[2025-11-06T12:04:03.133+0700][12.780s][info][gc,metaspace] GC(144) Metaspace: 9471K(9728K)->9471K(9728K) NonClass: 8331K(8448K)->8331K(8448K) Class: 1140K(1280K)->1140K(1280K)
[2025-11-06T12:04:03.133+0700][12.780s][info][gc          ] GC(144) Pause Young (Concurrent Start) (G1 Humongous Allocation) 2630M->2630M(4348M) 0.632ms
[2025-11-06T12:04:03.133+0700][12.780s][info][gc,cpu      ] GC(144) User=0.00s Sys=0.00s Real=0.00s
[2025-11-06T12:04:03.133+0700][12.780s][info][gc          ] GC(145) Concurrent Mark Cycle
[2025-11-06T12:04:03.133+0700][12.780s][info][gc,marking  ] GC(145) Concurrent Clear Claimed Marks
[2025-11-06T12:04:03.133+0700][12.780s][info][gc,marking  ] GC(145) Concurrent Clear Claimed Marks 0.007ms
[2025-11-06T12:04:03.133+0700][12.780s][info][gc,marking  ] GC(145) Concurrent Scan Root Regions
[2025-11-06T12:04:03.133+0700][12.780s][info][gc,marking  ] GC(145) Concurrent Scan Root Regions 0.005ms
[2025-11-06T12:04:03.133+0700][12.780s][info][gc,marking  ] GC(145) Concurrent Mark
[2025-11-06T12:04:03.133+0700][12.780s][info][gc,marking  ] GC(145) Concurrent Mark From Roots
[2025-11-06T12:04:03.133+0700][12.780s][info][gc,task     ] GC(145) Using 5 workers of 5 for marking
[2025-11-06T12:04:03.136+0700][12.782s][info][gc,marking  ] GC(145) Concurrent Mark From Roots 2.484ms
[2025-11-06T12:04:03.136+0700][12.782s][info][gc,marking  ] GC(145) Concurrent Preclean
[2025-11-06T12:04:03.136+0700][12.782s][info][gc,marking  ] GC(145) Concurrent Preclean 0.128ms
[2025-11-06T12:04:03.142+0700][12.788s][info][gc,start    ] GC(145) Pause Remark
[2025-11-06T12:04:03.143+0700][12.789s][info][gc          ] GC(145) Pause Remark 2642M->2642M(4408M) 0.889ms
[2025-11-06T12:04:03.143+0700][12.789s][info][gc,cpu      ] GC(145) User=0.00s Sys=0.02s Real=0.00s
[2025-11-06T12:04:03.143+0700][12.789s][info][gc,marking  ] GC(145) Concurrent Mark 9.564ms
[2025-11-06T12:04:03.143+0700][12.789s][info][gc,marking  ] GC(145) Concurrent Rebuild Remembered Sets
[2025-11-06T12:04:03.144+0700][12.790s][info][gc,marking  ] GC(145) Concurrent Rebuild Remembered Sets 1.189ms
[2025-11-06T12:04:03.144+0700][12.790s][info][gc,start    ] GC(145) Pause Cleanup
[2025-11-06T12:04:03.144+0700][12.791s][info][gc          ] GC(145) Pause Cleanup 2644M->2644M(4408M) 0.086ms
[2025-11-06T12:04:03.144+0700][12.791s][info][gc,cpu      ] GC(145) User=0.00s Sys=0.00s Real=0.00s
[2025-11-06T12:04:03.144+0700][12.791s][info][gc,marking  ] GC(145) Concurrent Cleanup for Next Mark
[2025-11-06T12:04:03.148+0700][12.794s][info][gc,marking  ] GC(145) Concurrent Cleanup for Next Mark 3.904ms
[2025-11-06T12:04:03.148+0700][12.795s][info][gc          ] GC(145) Concurrent Mark Cycle 14.895ms
[2025-11-06T12:04:03.653+0700][13.299s][info][gc,start    ] GC(146) Pause Young (Concurrent Start) (G1 Humongous Allocation)
[2025-11-06T12:04:03.653+0700][13.299s][info][gc,task     ] GC(146) Using 20 workers of 20 for evacuation
[2025-11-06T12:04:03.653+0700][13.300s][info][gc,phases   ] GC(146)   Pre Evacuate Collection Set: 0.1ms
[2025-11-06T12:04:03.653+0700][13.300s][info][gc,phases   ] GC(146)   Merge Heap Roots: 0.1ms
[2025-11-06T12:04:03.653+0700][13.300s][info][gc,phases   ] GC(146)   Evacuate Collection Set: 0.1ms
[2025-11-06T12:04:03.653+0700][13.300s][info][gc,phases   ] GC(146)   Post Evacuate Collection Set: 0.1ms
[2025-11-06T12:04:03.653+0700][13.300s][info][gc,phases   ] GC(146)   Other: 0.1ms
[2025-11-06T12:04:03.653+0700][13.300s][info][gc,heap     ] GC(146) Eden regions: 1->0(329)
[2025-11-06T12:04:03.653+0700][13.300s][info][gc,heap     ] GC(146) Survivor regions: 0->0(40)
[2025-11-06T12:04:03.653+0700][13.300s][info][gc,heap     ] GC(146) Old regions: 1->1
[2025-11-06T12:04:03.653+0700][13.300s][info][gc,heap     ] GC(146) Archive regions: 0->0
[2025-11-06T12:04:03.653+0700][13.300s][info][gc,heap     ] GC(146) Humongous regions: 660->660
[2025-11-06T12:04:03.653+0700][13.300s][info][gc,metaspace] GC(146) Metaspace: 9471K(9728K)->9471K(9728K) NonClass: 8331K(8448K)->8331K(8448K) Class: 1140K(1280K)->1140K(1280K)
[2025-11-06T12:04:03.653+0700][13.300s][info][gc          ] GC(146) Pause Young (Concurrent Start) (G1 Humongous Allocation) 2644M->2642M(4408M) 0.598ms
[2025-11-06T12:04:03.653+0700][13.300s][info][gc,cpu      ] GC(146) User=0.00s Sys=0.00s Real=0.00s
[2025-11-06T12:04:03.653+0700][13.300s][info][gc          ] GC(147) Concurrent Mark Cycle
[2025-11-06T12:04:03.653+0700][13.300s][info][gc,marking  ] GC(147) Concurrent Clear Claimed Marks
[2025-11-06T12:04:03.653+0700][13.300s][info][gc,marking  ] GC(147) Concurrent Clear Claimed Marks 0.008ms
[2025-11-06T12:04:03.653+0700][13.300s][info][gc,marking  ] GC(147) Concurrent Scan Root Regions
[2025-11-06T12:04:03.653+0700][13.300s][info][gc,marking  ] GC(147) Concurrent Scan Root Regions 0.005ms
[2025-11-06T12:04:03.653+0700][13.300s][info][gc,marking  ] GC(147) Concurrent Mark
[2025-11-06T12:04:03.653+0700][13.300s][info][gc,marking  ] GC(147) Concurrent Mark From Roots
[2025-11-06T12:04:03.653+0700][13.300s][info][gc,task     ] GC(147) Using 5 workers of 5 for marking
[2025-11-06T12:04:03.656+0700][13.303s][info][gc,marking  ] GC(147) Concurrent Mark From Roots 2.762ms
[2025-11-06T12:04:03.656+0700][13.303s][info][gc,marking  ] GC(147) Concurrent Preclean
[2025-11-06T12:04:03.656+0700][13.303s][info][gc,marking  ] GC(147) Concurrent Preclean 0.173ms
[2025-11-06T12:04:03.657+0700][13.303s][info][gc,start    ] GC(147) Pause Remark
[2025-11-06T12:04:03.657+0700][13.304s][info][gc          ] GC(147) Pause Remark 2654M->2654M(4428M) 0.494ms
[2025-11-06T12:04:03.657+0700][13.304s][info][gc,cpu      ] GC(147) User=0.00s Sys=0.00s Real=0.00s
[2025-11-06T12:04:03.657+0700][13.304s][info][gc,marking  ] GC(147) Concurrent Mark 3.872ms
[2025-11-06T12:04:03.657+0700][13.304s][info][gc,marking  ] GC(147) Concurrent Rebuild Remembered Sets
[2025-11-06T12:04:03.658+0700][13.305s][info][gc,marking  ] GC(147) Concurrent Rebuild Remembered Sets 1.032ms
[2025-11-06T12:04:03.668+0700][13.314s][info][gc,start    ] GC(147) Pause Cleanup
[2025-11-06T12:04:03.668+0700][13.315s][info][gc          ] GC(147) Pause Cleanup 2666M->2666M(4428M) 0.403ms
[2025-11-06T12:04:03.668+0700][13.315s][info][gc,cpu      ] GC(147) User=0.00s Sys=0.00s Real=0.00s
[2025-11-06T12:04:03.668+0700][13.315s][info][gc,marking  ] GC(147) Concurrent Cleanup for Next Mark
[2025-11-06T12:04:03.672+0700][13.319s][info][gc,marking  ] GC(147) Concurrent Cleanup for Next Mark 3.923ms
[2025-11-06T12:04:03.672+0700][13.319s][info][gc          ] GC(147) Concurrent Mark Cycle 18.769ms
[2025-11-06T12:04:03.674+0700][13.320s][info][gc,start    ] GC(148) Pause Young (Concurrent Start) (G1 Humongous Allocation)
[2025-11-06T12:04:03.674+0700][13.320s][info][gc,task     ] GC(148) Using 20 workers of 20 for evacuation
[2025-11-06T12:04:03.674+0700][13.321s][info][gc,phases   ] GC(148)   Pre Evacuate Collection Set: 0.3ms
[2025-11-06T12:04:03.674+0700][13.321s][info][gc,phases   ] GC(148)   Merge Heap Roots: 0.1ms
[2025-11-06T12:04:03.674+0700][13.321s][info][gc,phases   ] GC(148)   Evacuate Collection Set: 0.1ms
[2025-11-06T12:04:03.674+0700][13.321s][info][gc,phases   ] GC(148)   Post Evacuate Collection Set: 0.1ms
[2025-11-06T12:04:03.674+0700][13.321s][info][gc,phases   ] GC(148)   Other: 0.1ms
[2025-11-06T12:04:03.674+0700][13.321s][info][gc,heap     ] GC(148) Eden regions: 0->0(325)
[2025-11-06T12:04:03.674+0700][13.321s][info][gc,heap     ] GC(148) Survivor regions: 0->0(42)
[2025-11-06T12:04:03.674+0700][13.321s][info][gc,heap     ] GC(148) Old regions: 1->1
[2025-11-06T12:04:03.674+0700][13.321s][info][gc,heap     ] GC(148) Archive regions: 0->0
[2025-11-06T12:04:03.674+0700][13.321s][info][gc,heap     ] GC(148) Humongous regions: 669->669
[2025-11-06T12:04:03.674+0700][13.321s][info][gc,metaspace] GC(148) Metaspace: 9471K(9728K)->9471K(9728K) NonClass: 8331K(8448K)->8331K(8448K) Class: 1140K(1280K)->1140K(1280K)
[2025-11-06T12:04:03.675+0700][13.321s][info][gc          ] GC(148) Pause Young (Concurrent Start) (G1 Humongous Allocation) 2678M->2678M(4428M) 0.790ms
[2025-11-06T12:04:03.675+0700][13.321s][info][gc,cpu      ] GC(148) User=0.02s Sys=0.00s Real=0.00s
[2025-11-06T12:04:03.675+0700][13.321s][info][gc          ] GC(149) Concurrent Mark Cycle
[2025-11-06T12:04:03.675+0700][13.321s][info][gc,marking  ] GC(149) Concurrent Clear Claimed Marks
[2025-11-06T12:04:03.675+0700][13.321s][info][gc,marking  ] GC(149) Concurrent Clear Claimed Marks 0.016ms
[2025-11-06T12:04:03.675+0700][13.321s][info][gc,marking  ] GC(149) Concurrent Scan Root Regions
[2025-11-06T12:04:03.675+0700][13.321s][info][gc,marking  ] GC(149) Concurrent Scan Root Regions 0.005ms
[2025-11-06T12:04:03.675+0700][13.321s][info][gc,marking  ] GC(149) Concurrent Mark
[2025-11-06T12:04:03.675+0700][13.321s][info][gc,marking  ] GC(149) Concurrent Mark From Roots
[2025-11-06T12:04:03.675+0700][13.321s][info][gc,task     ] GC(149) Using 5 workers of 5 for marking
[2025-11-06T12:04:03.678+0700][13.324s][info][gc,marking  ] GC(149) Concurrent Mark From Roots 2.988ms
[2025-11-06T12:04:03.678+0700][13.324s][info][gc,marking  ] GC(149) Concurrent Preclean
[2025-11-06T12:04:03.678+0700][13.324s][info][gc,marking  ] GC(149) Concurrent Preclean 0.129ms
[2025-11-06T12:04:03.678+0700][13.324s][info][gc,start    ] GC(149) Pause Remark
[2025-11-06T12:04:03.678+0700][13.325s][info][gc          ] GC(149) Pause Remark 2690M->2690M(4488M) 0.591ms
[2025-11-06T12:04:03.678+0700][13.325s][info][gc,cpu      ] GC(149) User=0.00s Sys=0.00s Real=0.00s
[2025-11-06T12:04:03.678+0700][13.325s][info][gc,marking  ] GC(149) Concurrent Mark 3.893ms
[2025-11-06T12:04:03.679+0700][13.325s][info][gc,marking  ] GC(149) Concurrent Rebuild Remembered Sets
[2025-11-06T12:04:03.680+0700][13.326s][info][gc,marking  ] GC(149) Concurrent Rebuild Remembered Sets 1.257ms
[2025-11-06T12:04:03.684+0700][13.330s][info][gc,start    ] GC(149) Pause Cleanup
[2025-11-06T12:04:03.684+0700][13.330s][info][gc          ] GC(149) Pause Cleanup 2702M->2702M(4488M) 0.135ms
[2025-11-06T12:04:03.684+0700][13.330s][info][gc,cpu      ] GC(149) User=0.00s Sys=0.00s Real=0.00s
[2025-11-06T12:04:03.684+0700][13.330s][info][gc,marking  ] GC(149) Concurrent Cleanup for Next Mark
[2025-11-06T12:04:03.688+0700][13.334s][info][gc,marking  ] GC(149) Concurrent Cleanup for Next Mark 4.028ms
[2025-11-06T12:04:03.688+0700][13.334s][info][gc          ] GC(149) Concurrent Mark Cycle 13.151ms
[2025-11-06T12:04:03.690+0700][13.336s][info][gc,start    ] GC(150) Pause Young (Concurrent Start) (G1 Humongous Allocation)
[2025-11-06T12:04:03.690+0700][13.336s][info][gc,task     ] GC(150) Using 20 workers of 20 for evacuation
[2025-11-06T12:04:03.690+0700][13.337s][info][gc,phases   ] GC(150)   Pre Evacuate Collection Set: 0.1ms
[2025-11-06T12:04:03.690+0700][13.337s][info][gc,phases   ] GC(150)   Merge Heap Roots: 0.1ms
[2025-11-06T12:04:03.690+0700][13.337s][info][gc,phases   ] GC(150)   Evacuate Collection Set: 0.2ms
[2025-11-06T12:04:03.690+0700][13.337s][info][gc,phases   ] GC(150)   Post Evacuate Collection Set: 0.1ms
[2025-11-06T12:04:03.690+0700][13.337s][info][gc,phases   ] GC(150)   Other: 0.1ms
[2025-11-06T12:04:03.690+0700][13.337s][info][gc,heap     ] GC(150) Eden regions: 0->0(329)
[2025-11-06T12:04:03.690+0700][13.337s][info][gc,heap     ] GC(150) Survivor regions: 0->0(41)
[2025-11-06T12:04:03.690+0700][13.337s][info][gc,heap     ] GC(150) Old regions: 1->1
[2025-11-06T12:04:03.690+0700][13.337s][info][gc,heap     ] GC(150) Archive regions: 0->0
[2025-11-06T12:04:03.690+0700][13.337s][info][gc,heap     ] GC(150) Humongous regions: 678->678
[2025-11-06T12:04:03.691+0700][13.337s][info][gc,metaspace] GC(150) Metaspace: 9471K(9728K)->9471K(9728K) NonClass: 8331K(8448K)->8331K(8448K) Class: 1140K(1280K)->1140K(1280K)
[2025-11-06T12:04:03.691+0700][13.337s][info][gc          ] GC(150) Pause Young (Concurrent Start) (G1 Humongous Allocation) 2714M->2714M(4488M) 0.667ms
[2025-11-06T12:04:03.691+0700][13.337s][info][gc,cpu      ] GC(150) User=0.00s Sys=0.00s Real=0.00s
[2025-11-06T12:04:03.691+0700][13.337s][info][gc          ] GC(151) Concurrent Mark Cycle
[2025-11-06T12:04:03.691+0700][13.337s][info][gc,marking  ] GC(151) Concurrent Clear Claimed Marks
[2025-11-06T12:04:03.691+0700][13.337s][info][gc,marking  ] GC(151) Concurrent Clear Claimed Marks 0.009ms
[2025-11-06T12:04:03.691+0700][13.337s][info][gc,marking  ] GC(151) Concurrent Scan Root Regions
[2025-11-06T12:04:03.691+0700][13.337s][info][gc,marking  ] GC(151) Concurrent Scan Root Regions 0.005ms
[2025-11-06T12:04:03.691+0700][13.337s][info][gc,marking  ] GC(151) Concurrent Mark
[2025-11-06T12:04:03.691+0700][13.337s][info][gc,marking  ] GC(151) Concurrent Mark From Roots
[2025-11-06T12:04:03.691+0700][13.337s][info][gc,task     ] GC(151) Using 5 workers of 5 for marking
[2025-11-06T12:04:03.693+0700][13.339s][info][gc,marking  ] GC(151) Concurrent Mark From Roots 2.215ms
[2025-11-06T12:04:03.693+0700][13.339s][info][gc,marking  ] GC(151) Concurrent Preclean
[2025-11-06T12:04:03.693+0700][13.339s][info][gc,marking  ] GC(151) Concurrent Preclean 0.106ms
[2025-11-06T12:04:03.694+0700][13.340s][info][gc,start    ] GC(151) Pause Remark
[2025-11-06T12:04:03.694+0700][13.341s][info][gc          ] GC(151) Pause Remark 2726M->2726M(4548M) 0.588ms
[2025-11-06T12:04:03.694+0700][13.341s][info][gc,cpu      ] GC(151) User=0.00s Sys=0.00s Real=0.00s
[2025-11-06T12:04:03.694+0700][13.341s][info][gc,marking  ] GC(151) Concurrent Mark 3.860ms
[2025-11-06T12:04:03.694+0700][13.341s][info][gc,marking  ] GC(151) Concurrent Rebuild Remembered Sets
[2025-11-06T12:04:03.696+0700][13.342s][info][gc,marking  ] GC(151) Concurrent Rebuild Remembered Sets 1.204ms
[2025-11-06T12:04:03.699+0700][13.345s][info][gc,start    ] GC(151) Pause Cleanup
[2025-11-06T12:04:03.699+0700][13.345s][info][gc          ] GC(151) Pause Cleanup 2738M->2738M(4548M) 0.169ms
[2025-11-06T12:04:03.699+0700][13.345s][info][gc,cpu      ] GC(151) User=0.00s Sys=0.00s Real=0.00s
[2025-11-06T12:04:03.699+0700][13.345s][info][gc,marking  ] GC(151) Concurrent Cleanup for Next Mark
[2025-11-06T12:04:03.704+0700][13.350s][info][gc,marking  ] GC(151) Concurrent Cleanup for Next Mark 4.992ms
[2025-11-06T12:04:03.704+0700][13.350s][info][gc          ] GC(151) Concurrent Mark Cycle 13.354ms
[2025-11-06T12:04:03.705+0700][13.352s][info][gc,start    ] GC(152) Pause Young (Concurrent Start) (G1 Humongous Allocation)
[2025-11-06T12:04:03.705+0700][13.352s][info][gc,task     ] GC(152) Using 20 workers of 20 for evacuation
[2025-11-06T12:04:03.706+0700][13.352s][info][gc,phases   ] GC(152)   Pre Evacuate Collection Set: 0.1ms
[2025-11-06T12:04:03.706+0700][13.352s][info][gc,phases   ] GC(152)   Merge Heap Roots: 0.1ms
[2025-11-06T12:04:03.706+0700][13.352s][info][gc,phases   ] GC(152)   Evacuate Collection Set: 0.2ms
[2025-11-06T12:04:03.706+0700][13.352s][info][gc,phases   ] GC(152)   Post Evacuate Collection Set: 0.1ms
[2025-11-06T12:04:03.706+0700][13.352s][info][gc,phases   ] GC(152)   Other: 0.1ms
[2025-11-06T12:04:03.706+0700][13.352s][info][gc,heap     ] GC(152) Eden regions: 0->0(334)
[2025-11-06T12:04:03.706+0700][13.352s][info][gc,heap     ] GC(152) Survivor regions: 0->0(42)
[2025-11-06T12:04:03.706+0700][13.352s][info][gc,heap     ] GC(152) Old regions: 1->1
[2025-11-06T12:04:03.706+0700][13.353s][info][gc,heap     ] GC(152) Archive regions: 0->0
[2025-11-06T12:04:03.706+0700][13.353s][info][gc,heap     ] GC(152) Humongous regions: 687->687
[2025-11-06T12:04:03.706+0700][13.353s][info][gc,metaspace] GC(152) Metaspace: 9471K(9728K)->9471K(9728K) NonClass: 8331K(8448K)->8331K(8448K) Class: 1140K(1280K)->1140K(1280K)
[2025-11-06T12:04:03.706+0700][13.353s][info][gc          ] GC(152) Pause Young (Concurrent Start) (G1 Humongous Allocation) 2750M->2750M(4548M) 0.750ms
[2025-11-06T12:04:03.706+0700][13.353s][info][gc,cpu      ] GC(152) User=0.22s Sys=0.00s Real=0.00s
[2025-11-06T12:04:03.706+0700][13.353s][info][gc          ] GC(153) Concurrent Mark Cycle
[2025-11-06T12:04:03.706+0700][13.353s][info][gc,marking  ] GC(153) Concurrent Clear Claimed Marks
[2025-11-06T12:04:03.706+0700][13.353s][info][gc,marking  ] GC(153) Concurrent Clear Claimed Marks 0.008ms
[2025-11-06T12:04:03.706+0700][13.353s][info][gc,marking  ] GC(153) Concurrent Scan Root Regions
[2025-11-06T12:04:03.706+0700][13.353s][info][gc,marking  ] GC(153) Concurrent Scan Root Regions 0.005ms
[2025-11-06T12:04:03.706+0700][13.353s][info][gc,marking  ] GC(153) Concurrent Mark
[2025-11-06T12:04:03.706+0700][13.353s][info][gc,marking  ] GC(153) Concurrent Mark From Roots
[2025-11-06T12:04:03.706+0700][13.353s][info][gc,task     ] GC(153) Using 5 workers of 5 for marking
[2025-11-06T12:04:03.708+0700][13.355s][info][gc,marking  ] GC(153) Concurrent Mark From Roots 2.222ms
[2025-11-06T12:04:03.708+0700][13.355s][info][gc,marking  ] GC(153) Concurrent Preclean
[2025-11-06T12:04:03.709+0700][13.355s][info][gc,marking  ] GC(153) Concurrent Preclean 0.103ms
[2025-11-06T12:04:03.709+0700][13.356s][info][gc,start    ] GC(153) Pause Remark
[2025-11-06T12:04:03.710+0700][13.356s][info][gc          ] GC(153) Pause Remark 2762M->2762M(4608M) 0.607ms
[2025-11-06T12:04:03.710+0700][13.356s][info][gc,cpu      ] GC(153) User=0.00s Sys=0.00s Real=0.00s
[2025-11-06T12:04:03.710+0700][13.356s][info][gc,marking  ] GC(153) Concurrent Mark 3.636ms
[2025-11-06T12:04:03.710+0700][13.356s][info][gc,marking  ] GC(153) Concurrent Rebuild Remembered Sets
[2025-11-06T12:04:03.711+0700][13.357s][info][gc,marking  ] GC(153) Concurrent Rebuild Remembered Sets 1.091ms
[2025-11-06T12:04:03.711+0700][13.357s][info][gc,start    ] GC(153) Pause Cleanup
[2025-11-06T12:04:03.711+0700][13.357s][info][gc          ] GC(153) Pause Cleanup 2764M->2764M(4608M) 0.089ms
[2025-11-06T12:04:03.711+0700][13.357s][info][gc,cpu      ] GC(153) User=0.00s Sys=0.00s Real=0.00s
[2025-11-06T12:04:03.711+0700][13.358s][info][gc,marking  ] GC(153) Concurrent Cleanup for Next Mark
[2025-11-06T12:04:03.715+0700][13.362s][info][gc,marking  ] GC(153) Concurrent Cleanup for Next Mark 4.033ms
[2025-11-06T12:04:03.715+0700][13.362s][info][gc          ] GC(153) Concurrent Mark Cycle 9.059ms
[2025-11-06T12:04:04.224+0700][13.870s][info][gc,start    ] GC(154) Pause Young (Concurrent Start) (G1 Humongous Allocation)
[2025-11-06T12:04:04.224+0700][13.870s][info][gc,task     ] GC(154) Using 20 workers of 20 for evacuation
[2025-11-06T12:04:04.224+0700][13.871s][info][gc,phases   ] GC(154)   Pre Evacuate Collection Set: 0.1ms
[2025-11-06T12:04:04.224+0700][13.871s][info][gc,phases   ] GC(154)   Merge Heap Roots: 0.1ms
[2025-11-06T12:04:04.224+0700][13.871s][info][gc,phases   ] GC(154)   Evacuate Collection Set: 0.2ms
[2025-11-06T12:04:04.224+0700][13.871s][info][gc,phases   ] GC(154)   Post Evacuate Collection Set: 0.1ms
[2025-11-06T12:04:04.224+0700][13.871s][info][gc,phases   ] GC(154)   Other: 0.1ms
[2025-11-06T12:04:04.224+0700][13.871s][info][gc,heap     ] GC(154) Eden regions: 1->0(344)
[2025-11-06T12:04:04.224+0700][13.871s][info][gc,heap     ] GC(154) Survivor regions: 0->0(42)
[2025-11-06T12:04:04.224+0700][13.871s][info][gc,heap     ] GC(154) Old regions: 1->1
[2025-11-06T12:04:04.224+0700][13.871s][info][gc,heap     ] GC(154) Archive regions: 0->0
[2025-11-06T12:04:04.224+0700][13.871s][info][gc,heap     ] GC(154) Humongous regions: 690->690
[2025-11-06T12:04:04.224+0700][13.871s][info][gc,metaspace] GC(154) Metaspace: 9471K(9728K)->9471K(9728K) NonClass: 8331K(8448K)->8331K(8448K) Class: 1140K(1280K)->1140K(1280K)
[2025-11-06T12:04:04.224+0700][13.871s][info][gc          ] GC(154) Pause Young (Concurrent Start) (G1 Humongous Allocation) 2764M->2762M(4608M) 0.676ms
[2025-11-06T12:04:04.224+0700][13.871s][info][gc,cpu      ] GC(154) User=0.00s Sys=0.00s Real=0.00s
[2025-11-06T12:04:04.224+0700][13.871s][info][gc          ] GC(155) Concurrent Mark Cycle
[2025-11-06T12:04:04.224+0700][13.871s][info][gc,marking  ] GC(155) Concurrent Clear Claimed Marks
[2025-11-06T12:04:04.224+0700][13.871s][info][gc,marking  ] GC(155) Concurrent Clear Claimed Marks 0.007ms
[2025-11-06T12:04:04.224+0700][13.871s][info][gc,marking  ] GC(155) Concurrent Scan Root Regions
[2025-11-06T12:04:04.224+0700][13.871s][info][gc,marking  ] GC(155) Concurrent Scan Root Regions 0.005ms
[2025-11-06T12:04:04.224+0700][13.871s][info][gc,marking  ] GC(155) Concurrent Mark
[2025-11-06T12:04:04.224+0700][13.871s][info][gc,marking  ] GC(155) Concurrent Mark From Roots
[2025-11-06T12:04:04.224+0700][13.871s][info][gc,task     ] GC(155) Using 5 workers of 5 for marking
[2025-11-06T12:04:04.227+0700][13.873s][info][gc,marking  ] GC(155) Concurrent Mark From Roots 2.496ms
[2025-11-06T12:04:04.227+0700][13.873s][info][gc,marking  ] GC(155) Concurrent Preclean
[2025-11-06T12:04:04.227+0700][13.873s][info][gc,marking  ] GC(155) Concurrent Preclean 0.139ms
[2025-11-06T12:04:04.228+0700][13.874s][info][gc,start    ] GC(155) Pause Remark
[2025-11-06T12:04:04.228+0700][13.874s][info][gc          ] GC(155) Pause Remark 2774M->2774M(4628M) 0.524ms
[2025-11-06T12:04:04.228+0700][13.874s][info][gc,cpu      ] GC(155) User=0.00s Sys=0.00s Real=0.00s
[2025-11-06T12:04:04.228+0700][13.874s][info][gc,marking  ] GC(155) Concurrent Mark 3.692ms
[2025-11-06T12:04:04.228+0700][13.874s][info][gc,marking  ] GC(155) Concurrent Rebuild Remembered Sets
[2025-11-06T12:04:04.229+0700][13.876s][info][gc,marking  ] GC(155) Concurrent Rebuild Remembered Sets 1.187ms
[2025-11-06T12:04:04.240+0700][13.886s][info][gc,start    ] GC(155) Pause Cleanup
[2025-11-06T12:04:04.240+0700][13.886s][info][gc          ] GC(155) Pause Cleanup 2786M->2786M(4628M) 0.197ms
[2025-11-06T12:04:04.240+0700][13.886s][info][gc,cpu      ] GC(155) User=0.00s Sys=0.00s Real=0.00s
[2025-11-06T12:04:04.240+0700][13.886s][info][gc,marking  ] GC(155) Concurrent Cleanup for Next Mark
[2025-11-06T12:04:04.243+0700][13.890s][info][gc,marking  ] GC(155) Concurrent Cleanup for Next Mark 3.621ms
[2025-11-06T12:04:04.244+0700][13.890s][info][gc          ] GC(155) Concurrent Mark Cycle 19.196ms
[2025-11-06T12:04:04.245+0700][13.892s][info][gc,start    ] GC(156) Pause Young (Concurrent Start) (G1 Humongous Allocation)
[2025-11-06T12:04:04.245+0700][13.892s][info][gc,task     ] GC(156) Using 20 workers of 20 for evacuation
[2025-11-06T12:04:04.246+0700][13.892s][info][gc,phases   ] GC(156)   Pre Evacuate Collection Set: 0.1ms
[2025-11-06T12:04:04.246+0700][13.892s][info][gc,phases   ] GC(156)   Merge Heap Roots: 0.1ms
[2025-11-06T12:04:04.246+0700][13.892s][info][gc,phases   ] GC(156)   Evacuate Collection Set: 0.2ms
[2025-11-06T12:04:04.246+0700][13.892s][info][gc,phases   ] GC(156)   Post Evacuate Collection Set: 0.1ms
[2025-11-06T12:04:04.246+0700][13.892s][info][gc,phases   ] GC(156)   Other: 0.1ms
[2025-11-06T12:04:04.246+0700][13.892s][info][gc,heap     ] GC(156) Eden regions: 0->0(340)
[2025-11-06T12:04:04.246+0700][13.892s][info][gc,heap     ] GC(156) Survivor regions: 0->0(43)
[2025-11-06T12:04:04.246+0700][13.892s][info][gc,heap     ] GC(156) Old regions: 1->1
[2025-11-06T12:04:04.246+0700][13.892s][info][gc,heap     ] GC(156) Archive regions: 0->0
[2025-11-06T12:04:04.246+0700][13.892s][info][gc,heap     ] GC(156) Humongous regions: 699->699
[2025-11-06T12:04:04.246+0700][13.892s][info][gc,metaspace] GC(156) Metaspace: 9471K(9728K)->9471K(9728K) NonClass: 8331K(8448K)->8331K(8448K) Class: 1140K(1280K)->1140K(1280K)
[2025-11-06T12:04:04.246+0700][13.892s][info][gc          ] GC(156) Pause Young (Concurrent Start) (G1 Humongous Allocation) 2798M->2798M(4628M) 0.655ms
[2025-11-06T12:04:04.246+0700][13.892s][info][gc,cpu      ] GC(156) User=0.00s Sys=0.00s Real=0.00s
[2025-11-06T12:04:04.246+0700][13.892s][info][gc          ] GC(157) Concurrent Mark Cycle
[2025-11-06T12:04:04.246+0700][13.892s][info][gc,marking  ] GC(157) Concurrent Clear Claimed Marks
[2025-11-06T12:04:04.246+0700][13.892s][info][gc,marking  ] GC(157) Concurrent Clear Claimed Marks 0.007ms
[2025-11-06T12:04:04.246+0700][13.892s][info][gc,marking  ] GC(157) Concurrent Scan Root Regions
[2025-11-06T12:04:04.246+0700][13.892s][info][gc,marking  ] GC(157) Concurrent Scan Root Regions 0.005ms
[2025-11-06T12:04:04.246+0700][13.892s][info][gc,marking  ] GC(157) Concurrent Mark
[2025-11-06T12:04:04.246+0700][13.892s][info][gc,marking  ] GC(157) Concurrent Mark From Roots
[2025-11-06T12:04:04.246+0700][13.892s][info][gc,task     ] GC(157) Using 5 workers of 5 for marking
[2025-11-06T12:04:04.249+0700][13.896s][info][gc,marking  ] GC(157) Concurrent Mark From Roots 3.430ms
[2025-11-06T12:04:04.249+0700][13.896s][info][gc,marking  ] GC(157) Concurrent Preclean
[2025-11-06T12:04:04.250+0700][13.896s][info][gc,marking  ] GC(157) Concurrent Preclean 0.165ms
[2025-11-06T12:04:04.256+0700][13.902s][info][gc,start    ] GC(157) Pause Remark
[2025-11-06T12:04:04.256+0700][13.903s][info][gc          ] GC(157) Pause Remark 2822M->2822M(4708M) 0.789ms
[2025-11-06T12:04:04.256+0700][13.903s][info][gc,cpu      ] GC(157) User=0.00s Sys=0.00s Real=0.00s
[2025-11-06T12:04:04.256+0700][13.903s][info][gc,marking  ] GC(157) Concurrent Mark 10.533ms
[2025-11-06T12:04:04.256+0700][13.903s][info][gc,marking  ] GC(157) Concurrent Rebuild Remembered Sets
[2025-11-06T12:04:04.258+0700][13.904s][info][gc,marking  ] GC(157) Concurrent Rebuild Remembered Sets 1.136ms
[2025-11-06T12:04:04.271+0700][13.917s][info][gc,start    ] GC(157) Pause Cleanup
[2025-11-06T12:04:04.271+0700][13.917s][info][gc          ] GC(157) Pause Cleanup 2834M->2834M(4708M) 0.285ms
[2025-11-06T12:04:04.271+0700][13.917s][info][gc,cpu      ] GC(157) User=0.00s Sys=0.00s Real=0.00s
[2025-11-06T12:04:04.271+0700][13.917s][info][gc,marking  ] GC(157) Concurrent Cleanup for Next Mark
[2025-11-06T12:04:04.275+0700][13.922s][info][gc,marking  ] GC(157) Concurrent Cleanup for Next Mark 4.121ms
[2025-11-06T12:04:04.275+0700][13.922s][info][gc          ] GC(157) Concurrent Mark Cycle 29.420ms
[2025-11-06T12:04:04.277+0700][13.923s][info][gc,start    ] GC(158) Pause Young (Concurrent Start) (G1 Humongous Allocation)
[2025-11-06T12:04:04.277+0700][13.923s][info][gc,task     ] GC(158) Using 20 workers of 20 for evacuation
[2025-11-06T12:04:04.277+0700][13.924s][info][gc,phases   ] GC(158)   Pre Evacuate Collection Set: 0.1ms
[2025-11-06T12:04:04.277+0700][13.924s][info][gc,phases   ] GC(158)   Merge Heap Roots: 0.1ms
[2025-11-06T12:04:04.277+0700][13.924s][info][gc,phases   ] GC(158)   Evacuate Collection Set: 0.1ms
[2025-11-06T12:04:04.277+0700][13.924s][info][gc,phases   ] GC(158)   Post Evacuate Collection Set: 0.1ms
[2025-11-06T12:04:04.277+0700][13.924s][info][gc,phases   ] GC(158)   Other: 0.1ms
[2025-11-06T12:04:04.277+0700][13.924s][info][gc,heap     ] GC(158) Eden regions: 0->0(346)
[2025-11-06T12:04:04.277+0700][13.924s][info][gc,heap     ] GC(158) Survivor regions: 0->0(43)
[2025-11-06T12:04:04.277+0700][13.924s][info][gc,heap     ] GC(158) Old regions: 1->1
[2025-11-06T12:04:04.277+0700][13.924s][info][gc,heap     ] GC(158) Archive regions: 0->0
[2025-11-06T12:04:04.277+0700][13.924s][info][gc,heap     ] GC(158) Humongous regions: 711->711
[2025-11-06T12:04:04.277+0700][13.924s][info][gc,metaspace] GC(158) Metaspace: 9471K(9728K)->9471K(9728K) NonClass: 8331K(8448K)->8331K(8448K) Class: 1140K(1280K)->1140K(1280K)
[2025-11-06T12:04:04.277+0700][13.924s][info][gc          ] GC(158) Pause Young (Concurrent Start) (G1 Humongous Allocation) 2846M->2846M(4708M) 0.646ms
[2025-11-06T12:04:04.277+0700][13.924s][info][gc,cpu      ] GC(158) User=0.00s Sys=0.00s Real=0.00s
[2025-11-06T12:04:04.277+0700][13.924s][info][gc          ] GC(159) Concurrent Mark Cycle
[2025-11-06T12:04:04.277+0700][13.924s][info][gc,marking  ] GC(159) Concurrent Clear Claimed Marks
[2025-11-06T12:04:04.277+0700][13.924s][info][gc,marking  ] GC(159) Concurrent Clear Claimed Marks 0.007ms
[2025-11-06T12:04:04.277+0700][13.924s][info][gc,marking  ] GC(159) Concurrent Scan Root Regions
[2025-11-06T12:04:04.277+0700][13.924s][info][gc,marking  ] GC(159) Concurrent Scan Root Regions 0.005ms
[2025-11-06T12:04:04.277+0700][13.924s][info][gc,marking  ] GC(159) Concurrent Mark
[2025-11-06T12:04:04.277+0700][13.924s][info][gc,marking  ] GC(159) Concurrent Mark From Roots
[2025-11-06T12:04:04.277+0700][13.924s][info][gc,task     ] GC(159) Using 5 workers of 5 for marking
[2025-11-06T12:04:04.280+0700][13.927s][info][gc,marking  ] GC(159) Concurrent Mark From Roots 2.709ms
[2025-11-06T12:04:04.280+0700][13.927s][info][gc,marking  ] GC(159) Concurrent Preclean
[2025-11-06T12:04:04.280+0700][13.927s][info][gc,marking  ] GC(159) Concurrent Preclean 0.100ms
[2025-11-06T12:04:04.280+0700][13.927s][info][gc,start    ] GC(159) Pause Remark
[2025-11-06T12:04:04.281+0700][13.927s][info][gc          ] GC(159) Pause Remark 2858M->2858M(4768M) 0.703ms
[2025-11-06T12:04:04.281+0700][13.927s][info][gc,cpu      ] GC(159) User=0.00s Sys=0.00s Real=0.00s
[2025-11-06T12:04:04.281+0700][13.927s][info][gc,marking  ] GC(159) Concurrent Mark 3.611ms
[2025-11-06T12:04:04.281+0700][13.927s][info][gc,marking  ] GC(159) Concurrent Rebuild Remembered Sets
[2025-11-06T12:04:04.282+0700][13.929s][info][gc,marking  ] GC(159) Concurrent Rebuild Remembered Sets 1.079ms
[2025-11-06T12:04:04.286+0700][13.932s][info][gc,start    ] GC(159) Pause Cleanup
[2025-11-06T12:04:04.286+0700][13.932s][info][gc          ] GC(159) Pause Cleanup 2870M->2870M(4768M) 0.206ms
[2025-11-06T12:04:04.286+0700][13.932s][info][gc,cpu      ] GC(159) User=0.00s Sys=0.00s Real=0.00s
[2025-11-06T12:04:04.286+0700][13.932s][info][gc,marking  ] GC(159) Concurrent Cleanup for Next Mark
[2025-11-06T12:04:04.290+0700][13.936s][info][gc,marking  ] GC(159) Concurrent Cleanup for Next Mark 3.829ms
[2025-11-06T12:04:04.290+0700][13.936s][info][gc          ] GC(159) Concurrent Mark Cycle 12.439ms
[2025-11-06T12:04:04.797+0700][14.443s][info][gc,start    ] GC(160) Pause Young (Concurrent Start) (G1 Humongous Allocation)
[2025-11-06T12:04:04.797+0700][14.443s][info][gc,task     ] GC(160) Using 20 workers of 20 for evacuation
[2025-11-06T12:04:04.797+0700][14.444s][info][gc,phases   ] GC(160)   Pre Evacuate Collection Set: 0.1ms
[2025-11-06T12:04:04.797+0700][14.444s][info][gc,phases   ] GC(160)   Merge Heap Roots: 0.2ms
[2025-11-06T12:04:04.797+0700][14.444s][info][gc,phases   ] GC(160)   Evacuate Collection Set: 0.2ms
[2025-11-06T12:04:04.797+0700][14.444s][info][gc,phases   ] GC(160)   Post Evacuate Collection Set: 0.1ms
[2025-11-06T12:04:04.798+0700][14.444s][info][gc,phases   ] GC(160)   Other: 0.2ms
[2025-11-06T12:04:04.798+0700][14.444s][info][gc,heap     ] GC(160) Eden regions: 1->0(350)
[2025-11-06T12:04:04.798+0700][14.444s][info][gc,heap     ] GC(160) Survivor regions: 0->0(44)
[2025-11-06T12:04:04.798+0700][14.444s][info][gc,heap     ] GC(160) Old regions: 1->1
[2025-11-06T12:04:04.798+0700][14.444s][info][gc,heap     ] GC(160) Archive regions: 0->0
[2025-11-06T12:04:04.798+0700][14.444s][info][gc,heap     ] GC(160) Humongous regions: 720->720
[2025-11-06T12:04:04.798+0700][14.444s][info][gc,metaspace] GC(160) Metaspace: 9471K(9728K)->9471K(9728K) NonClass: 8331K(8448K)->8331K(8448K) Class: 1140K(1280K)->1140K(1280K)
[2025-11-06T12:04:04.798+0700][14.444s][info][gc          ] GC(160) Pause Young (Concurrent Start) (G1 Humongous Allocation) 2884M->2882M(4768M) 0.950ms
[2025-11-06T12:04:04.798+0700][14.444s][info][gc,cpu      ] GC(160) User=0.00s Sys=0.00s Real=0.00s
[2025-11-06T12:04:04.798+0700][14.444s][info][gc          ] GC(161) Concurrent Mark Cycle
[2025-11-06T12:04:04.798+0700][14.444s][info][gc,marking  ] GC(161) Concurrent Clear Claimed Marks
[2025-11-06T12:04:04.798+0700][14.444s][info][gc,marking  ] GC(161) Concurrent Clear Claimed Marks 0.008ms
[2025-11-06T12:04:04.798+0700][14.444s][info][gc,marking  ] GC(161) Concurrent Scan Root Regions
[2025-11-06T12:04:04.798+0700][14.444s][info][gc,marking  ] GC(161) Concurrent Scan Root Regions 0.006ms
[2025-11-06T12:04:04.798+0700][14.444s][info][gc,marking  ] GC(161) Concurrent Mark
[2025-11-06T12:04:04.798+0700][14.444s][info][gc,marking  ] GC(161) Concurrent Mark From Roots
[2025-11-06T12:04:04.798+0700][14.444s][info][gc,task     ] GC(161) Using 5 workers of 5 for marking
[2025-11-06T12:04:04.800+0700][14.446s][info][gc,marking  ] GC(161) Concurrent Mark From Roots 2.190ms
[2025-11-06T12:04:04.800+0700][14.446s][info][gc,marking  ] GC(161) Concurrent Preclean
[2025-11-06T12:04:04.800+0700][14.447s][info][gc,marking  ] GC(161) Concurrent Preclean 0.168ms
[2025-11-06T12:04:04.800+0700][14.447s][info][gc,start    ] GC(161) Pause Remark
[2025-11-06T12:04:04.801+0700][14.448s][info][gc          ] GC(161) Pause Remark 2894M->2894M(4828M) 0.851ms
[2025-11-06T12:04:04.801+0700][14.448s][info][gc,cpu      ] GC(161) User=0.00s Sys=0.00s Real=0.00s
[2025-11-06T12:04:04.801+0700][14.448s][info][gc,marking  ] GC(161) Concurrent Mark 3.662ms
[2025-11-06T12:04:04.801+0700][14.448s][info][gc,marking  ] GC(161) Concurrent Rebuild Remembered Sets
[2025-11-06T12:04:04.803+0700][14.449s][info][gc,marking  ] GC(161) Concurrent Rebuild Remembered Sets 1.269ms
[2025-11-06T12:04:04.812+0700][14.458s][info][gc,start    ] GC(161) Pause Cleanup
[2025-11-06T12:04:04.812+0700][14.458s][info][gc          ] GC(161) Pause Cleanup 2906M->2906M(4828M) 0.163ms
[2025-11-06T12:04:04.812+0700][14.458s][info][gc,cpu      ] GC(161) User=0.00s Sys=0.00s Real=0.00s
[2025-11-06T12:04:04.812+0700][14.458s][info][gc,marking  ] GC(161) Concurrent Cleanup for Next Mark
[2025-11-06T12:04:04.816+0700][14.463s][info][gc,marking  ] GC(161) Concurrent Cleanup for Next Mark 4.676ms
[2025-11-06T12:04:04.817+0700][14.463s][info][gc          ] GC(161) Concurrent Mark Cycle 18.911ms
[2025-11-06T12:04:04.820+0700][14.467s][info][gc,start    ] GC(162) Pause Young (Concurrent Start) (G1 Humongous Allocation)
[2025-11-06T12:04:04.820+0700][14.467s][info][gc,task     ] GC(162) Using 20 workers of 20 for evacuation
[2025-11-06T12:04:04.821+0700][14.467s][info][gc,phases   ] GC(162)   Pre Evacuate Collection Set: 0.1ms
[2025-11-06T12:04:04.821+0700][14.467s][info][gc,phases   ] GC(162)   Merge Heap Roots: 0.2ms
[2025-11-06T12:04:04.821+0700][14.467s][info][gc,phases   ] GC(162)   Evacuate Collection Set: 0.2ms
[2025-11-06T12:04:04.821+0700][14.467s][info][gc,phases   ] GC(162)   Post Evacuate Collection Set: 0.1ms
[2025-11-06T12:04:04.821+0700][14.467s][info][gc,phases   ] GC(162)   Other: 0.2ms
[2025-11-06T12:04:04.821+0700][14.467s][info][gc,heap     ] GC(162) Eden regions: 0->0(352)
[2025-11-06T12:04:04.821+0700][14.468s][info][gc,heap     ] GC(162) Survivor regions: 0->0(44)
[2025-11-06T12:04:04.821+0700][14.468s][info][gc,heap     ] GC(162) Old regions: 1->1
[2025-11-06T12:04:04.821+0700][14.468s][info][gc,heap     ] GC(162) Archive regions: 0->0
[2025-11-06T12:04:04.821+0700][14.468s][info][gc,heap     ] GC(162) Humongous regions: 732->732
[2025-11-06T12:04:04.821+0700][14.468s][info][gc,metaspace] GC(162) Metaspace: 9471K(9728K)->9471K(9728K) NonClass: 8331K(8448K)->8331K(8448K) Class: 1140K(1280K)->1140K(1280K)
[2025-11-06T12:04:04.821+0700][14.468s][info][gc          ] GC(162) Pause Young (Concurrent Start) (G1 Humongous Allocation) 2930M->2930M(4828M) 0.758ms
[2025-11-06T12:04:04.821+0700][14.468s][info][gc,cpu      ] GC(162) User=0.00s Sys=0.00s Real=0.00s
[2025-11-06T12:04:04.821+0700][14.468s][info][gc          ] GC(163) Concurrent Mark Cycle
[2025-11-06T12:04:04.821+0700][14.468s][info][gc,marking  ] GC(163) Concurrent Clear Claimed Marks
[2025-11-06T12:04:04.821+0700][14.468s][info][gc,marking  ] GC(163) Concurrent Clear Claimed Marks 0.007ms
[2025-11-06T12:04:04.821+0700][14.468s][info][gc,marking  ] GC(163) Concurrent Scan Root Regions
[2025-11-06T12:04:04.821+0700][14.468s][info][gc,marking  ] GC(163) Concurrent Scan Root Regions 0.005ms
[2025-11-06T12:04:04.821+0700][14.468s][info][gc,marking  ] GC(163) Concurrent Mark
[2025-11-06T12:04:04.821+0700][14.468s][info][gc,marking  ] GC(163) Concurrent Mark From Roots
[2025-11-06T12:04:04.821+0700][14.468s][info][gc,task     ] GC(163) Using 5 workers of 5 for marking
[2025-11-06T12:04:04.824+0700][14.470s][info][gc,marking  ] GC(163) Concurrent Mark From Roots 2.464ms
[2025-11-06T12:04:04.824+0700][14.470s][info][gc,marking  ] GC(163) Concurrent Preclean
[2025-11-06T12:04:04.824+0700][14.470s][info][gc,marking  ] GC(163) Concurrent Preclean 0.128ms
[2025-11-06T12:04:04.828+0700][14.474s][info][gc,start    ] GC(163) Pause Remark
[2025-11-06T12:04:04.828+0700][14.475s][info][gc          ] GC(163) Pause Remark 2942M->2942M(4908M) 0.693ms
[2025-11-06T12:04:04.828+0700][14.475s][info][gc,cpu      ] GC(163) User=0.00s Sys=0.00s Real=0.00s
[2025-11-06T12:04:04.828+0700][14.475s][info][gc,marking  ] GC(163) Concurrent Mark 7.174ms
[2025-11-06T12:04:04.828+0700][14.475s][info][gc,marking  ] GC(163) Concurrent Rebuild Remembered Sets
[2025-11-06T12:04:04.829+0700][14.476s][info][gc,marking  ] GC(163) Concurrent Rebuild Remembered Sets 1.098ms
[2025-11-06T12:04:04.844+0700][14.490s][info][gc,start    ] GC(163) Pause Cleanup
[2025-11-06T12:04:04.844+0700][14.490s][info][gc          ] GC(163) Pause Cleanup 2956M->2956M(4908M) 0.266ms
[2025-11-06T12:04:04.844+0700][14.490s][info][gc,cpu      ] GC(163) User=0.00s Sys=0.00s Real=0.00s
[2025-11-06T12:04:04.844+0700][14.490s][info][gc,marking  ] GC(163) Concurrent Cleanup for Next Mark
[2025-11-06T12:04:04.848+0700][14.495s][info][gc,marking  ] GC(163) Concurrent Cleanup for Next Mark 4.499ms
[2025-11-06T12:04:04.848+0700][14.495s][info][gc          ] GC(163) Concurrent Mark Cycle 27.370ms
[2025-11-06T12:04:04.852+0700][14.499s][info][gc,start    ] GC(164) Pause Young (Concurrent Start) (G1 Humongous Allocation)
[2025-11-06T12:04:04.852+0700][14.499s][info][gc,task     ] GC(164) Using 20 workers of 20 for evacuation
[2025-11-06T12:04:04.853+0700][14.499s][info][gc,phases   ] GC(164)   Pre Evacuate Collection Set: 0.1ms
[2025-11-06T12:04:04.853+0700][14.500s][info][gc,phases   ] GC(164)   Merge Heap Roots: 0.2ms
[2025-11-06T12:04:04.853+0700][14.500s][info][gc,phases   ] GC(164)   Evacuate Collection Set: 0.2ms
[2025-11-06T12:04:04.853+0700][14.500s][info][gc,phases   ] GC(164)   Post Evacuate Collection Set: 0.1ms
[2025-11-06T12:04:04.853+0700][14.500s][info][gc,phases   ] GC(164)   Other: 0.2ms
[2025-11-06T12:04:04.853+0700][14.500s][info][gc,heap     ] GC(164) Eden regions: 1->0(357)
[2025-11-06T12:04:04.853+0700][14.500s][info][gc,heap     ] GC(164) Survivor regions: 0->1(44)
[2025-11-06T12:04:04.853+0700][14.500s][info][gc,heap     ] GC(164) Old regions: 1->1
[2025-11-06T12:04:04.853+0700][14.500s][info][gc,heap     ] GC(164) Archive regions: 0->0
[2025-11-06T12:04:04.853+0700][14.500s][info][gc,heap     ] GC(164) Humongous regions: 744->744
[2025-11-06T12:04:04.853+0700][14.500s][info][gc,metaspace] GC(164) Metaspace: 9471K(9728K)->9471K(9728K) NonClass: 8331K(8448K)->8331K(8448K) Class: 1140K(1280K)->1140K(1280K)
[2025-11-06T12:04:04.853+0700][14.500s][info][gc          ] GC(164) Pause Young (Concurrent Start) (G1 Humongous Allocation) 2980M->2978M(4908M) 0.851ms
[2025-11-06T12:04:04.853+0700][14.500s][info][gc,cpu      ] GC(164) User=0.00s Sys=0.00s Real=0.00s
[2025-11-06T12:04:04.853+0700][14.500s][info][gc          ] GC(165) Concurrent Mark Cycle
[2025-11-06T12:04:04.853+0700][14.500s][info][gc,marking  ] GC(165) Concurrent Clear Claimed Marks
[2025-11-06T12:04:04.853+0700][14.500s][info][gc,marking  ] GC(165) Concurrent Clear Claimed Marks 0.014ms
[2025-11-06T12:04:04.853+0700][14.500s][info][gc,marking  ] GC(165) Concurrent Scan Root Regions
[2025-11-06T12:04:04.853+0700][14.500s][info][gc,marking  ] GC(165) Concurrent Scan Root Regions 0.051ms
[2025-11-06T12:04:04.853+0700][14.500s][info][gc,marking  ] GC(165) Concurrent Mark
[2025-11-06T12:04:04.853+0700][14.500s][info][gc,marking  ] GC(165) Concurrent Mark From Roots
[2025-11-06T12:04:04.853+0700][14.500s][info][gc,task     ] GC(165) Using 5 workers of 5 for marking
[2025-11-06T12:04:04.856+0700][14.502s][info][gc,marking  ] GC(165) Concurrent Mark From Roots 2.307ms
[2025-11-06T12:04:04.856+0700][14.502s][info][gc,marking  ] GC(165) Concurrent Preclean
[2025-11-06T12:04:04.856+0700][14.502s][info][gc,marking  ] GC(165) Concurrent Preclean 0.102ms
[2025-11-06T12:04:04.859+0700][14.505s][info][gc,start    ] GC(165) Pause Remark
[2025-11-06T12:04:04.860+0700][14.506s][info][gc          ] GC(165) Pause Remark 2990M->2990M(4996M) 1.058ms
[2025-11-06T12:04:04.860+0700][14.506s][info][gc,cpu      ] GC(165) User=0.00s Sys=0.00s Real=0.00s
[2025-11-06T12:04:04.860+0700][14.506s][info][gc,marking  ] GC(165) Concurrent Mark 6.412ms
[2025-11-06T12:04:04.860+0700][14.506s][info][gc,marking  ] GC(165) Concurrent Rebuild Remembered Sets
[2025-11-06T12:04:04.861+0700][14.507s][info][gc,marking  ] GC(165) Concurrent Rebuild Remembered Sets 1.104ms
[2025-11-06T12:04:04.874+0700][14.520s][info][gc,start    ] GC(165) Pause Cleanup
[2025-11-06T12:04:04.874+0700][14.520s][info][gc          ] GC(165) Pause Cleanup 3002M->3002M(4996M) 0.310ms
[2025-11-06T12:04:04.874+0700][14.520s][info][gc,cpu      ] GC(165) User=0.00s Sys=0.00s Real=0.00s
[2025-11-06T12:04:04.874+0700][14.520s][info][gc,marking  ] GC(165) Concurrent Cleanup for Next Mark
[2025-11-06T12:04:04.879+0700][14.525s][info][gc,marking  ] GC(165) Concurrent Cleanup for Next Mark 4.849ms
[2025-11-06T12:04:04.879+0700][14.525s][info][gc          ] GC(165) Concurrent Mark Cycle 25.714ms
[2025-11-06T12:04:05.384+0700][15.030s][info][gc,start    ] GC(166) Pause Young (Concurrent Start) (G1 Humongous Allocation)
[2025-11-06T12:04:05.384+0700][15.030s][info][gc,task     ] GC(166) Using 20 workers of 20 for evacuation
[2025-11-06T12:04:05.384+0700][15.031s][info][gc,phases   ] GC(166)   Pre Evacuate Collection Set: 0.1ms
[2025-11-06T12:04:05.384+0700][15.031s][info][gc,phases   ] GC(166)   Merge Heap Roots: 0.0ms
[2025-11-06T12:04:05.384+0700][15.031s][info][gc,phases   ] GC(166)   Evacuate Collection Set: 0.2ms
[2025-11-06T12:04:05.384+0700][15.031s][info][gc,phases   ] GC(166)   Post Evacuate Collection Set: 0.1ms
[2025-11-06T12:04:05.384+0700][15.031s][info][gc,phases   ] GC(166)   Other: 0.2ms
[2025-11-06T12:04:05.384+0700][15.031s][info][gc,heap     ] GC(166) Eden regions: 1->0(371)
[2025-11-06T12:04:05.385+0700][15.031s][info][gc,heap     ] GC(166) Survivor regions: 1->1(45)
[2025-11-06T12:04:05.385+0700][15.031s][info][gc,heap     ] GC(166) Old regions: 1->1
[2025-11-06T12:04:05.385+0700][15.031s][info][gc,heap     ] GC(166) Archive regions: 0->0
[2025-11-06T12:04:05.385+0700][15.031s][info][gc,heap     ] GC(166) Humongous regions: 750->750
[2025-11-06T12:04:05.385+0700][15.031s][info][gc,metaspace] GC(166) Metaspace: 9471K(9728K)->9471K(9728K) NonClass: 8331K(8448K)->8331K(8448K) Class: 1140K(1280K)->1140K(1280K)
[2025-11-06T12:04:05.385+0700][15.031s][info][gc          ] GC(166) Pause Young (Concurrent Start) (G1 Humongous Allocation) 3004M->3002M(4996M) 0.868ms
[2025-11-06T12:04:05.385+0700][15.031s][info][gc,cpu      ] GC(166) User=0.00s Sys=0.00s Real=0.00s
[2025-11-06T12:04:05.385+0700][15.031s][info][gc          ] GC(167) Concurrent Mark Cycle
[2025-11-06T12:04:05.385+0700][15.031s][info][gc,marking  ] GC(167) Concurrent Clear Claimed Marks
[2025-11-06T12:04:05.385+0700][15.031s][info][gc,marking  ] GC(167) Concurrent Clear Claimed Marks 0.015ms
[2025-11-06T12:04:05.385+0700][15.031s][info][gc,marking  ] GC(167) Concurrent Scan Root Regions
[2025-11-06T12:04:05.385+0700][15.031s][info][gc,marking  ] GC(167) Concurrent Scan Root Regions 0.078ms
[2025-11-06T12:04:05.385+0700][15.031s][info][gc,marking  ] GC(167) Concurrent Mark
[2025-11-06T12:04:05.385+0700][15.031s][info][gc,marking  ] GC(167) Concurrent Mark From Roots
[2025-11-06T12:04:05.385+0700][15.031s][info][gc,task     ] GC(167) Using 5 workers of 5 for marking
[2025-11-06T12:04:05.387+0700][15.034s][info][gc,marking  ] GC(167) Concurrent Mark From Roots 2.603ms
[2025-11-06T12:04:05.387+0700][15.034s][info][gc,marking  ] GC(167) Concurrent Preclean
[2025-11-06T12:04:05.388+0700][15.034s][info][gc,marking  ] GC(167) Concurrent Preclean 0.192ms
[2025-11-06T12:04:05.389+0700][15.035s][info][gc,start    ] GC(167) Pause Remark
[2025-11-06T12:04:05.389+0700][15.036s][info][gc          ] GC(167) Pause Remark 3014M->3014M(5036M) 0.813ms
[2025-11-06T12:04:05.389+0700][15.036s][info][gc,cpu      ] GC(167) User=0.00s Sys=0.00s Real=0.00s
[2025-11-06T12:04:05.389+0700][15.036s][info][gc,marking  ] GC(167) Concurrent Mark 4.670ms
[2025-11-06T12:04:05.390+0700][15.036s][info][gc,marking  ] GC(167) Concurrent Rebuild Remembered Sets
[2025-11-06T12:04:05.391+0700][15.037s][info][gc,marking  ] GC(167) Concurrent Rebuild Remembered Sets 1.136ms
[2025-11-06T12:04:05.399+0700][15.045s][info][gc,start    ] GC(167) Pause Cleanup
[2025-11-06T12:04:05.399+0700][15.045s][info][gc          ] GC(167) Pause Cleanup 3026M->3026M(5036M) 0.211ms
[2025-11-06T12:04:05.399+0700][15.045s][info][gc,cpu      ] GC(167) User=0.00s Sys=0.00s Real=0.00s
[2025-11-06T12:04:05.399+0700][15.045s][info][gc,marking  ] GC(167) Concurrent Cleanup for Next Mark
[2025-11-06T12:04:05.404+0700][15.051s][info][gc,marking  ] GC(167) Concurrent Cleanup for Next Mark 5.458ms
[2025-11-06T12:04:05.404+0700][15.051s][info][gc          ] GC(167) Concurrent Mark Cycle 19.821ms
[2025-11-06T12:04:05.405+0700][15.052s][info][gc,start    ] GC(168) Pause Young (Concurrent Start) (G1 Humongous Allocation)
[2025-11-06T12:04:05.405+0700][15.052s][info][gc,task     ] GC(168) Using 20 workers of 20 for evacuation
[2025-11-06T12:04:05.406+0700][15.052s][info][gc,phases   ] GC(168)   Pre Evacuate Collection Set: 0.1ms
[2025-11-06T12:04:05.406+0700][15.052s][info][gc,phases   ] GC(168)   Merge Heap Roots: 0.1ms
[2025-11-06T12:04:05.406+0700][15.052s][info][gc,phases   ] GC(168)   Evacuate Collection Set: 0.2ms
[2025-11-06T12:04:05.406+0700][15.052s][info][gc,phases   ] GC(168)   Post Evacuate Collection Set: 0.1ms
[2025-11-06T12:04:05.406+0700][15.052s][info][gc,phases   ] GC(168)   Other: 0.2ms
[2025-11-06T12:04:05.406+0700][15.052s][info][gc,heap     ] GC(168) Eden regions: 0->0(371)
[2025-11-06T12:04:05.406+0700][15.052s][info][gc,heap     ] GC(168) Survivor regions: 1->1(47)
[2025-11-06T12:04:05.406+0700][15.052s][info][gc,heap     ] GC(168) Old regions: 1->1
[2025-11-06T12:04:05.406+0700][15.052s][info][gc,heap     ] GC(168) Archive regions: 0->0
[2025-11-06T12:04:05.406+0700][15.052s][info][gc,heap     ] GC(168) Humongous regions: 759->759
[2025-11-06T12:04:05.406+0700][15.052s][info][gc,metaspace] GC(168) Metaspace: 9471K(9728K)->9471K(9728K) NonClass: 8331K(8448K)->8331K(8448K) Class: 1140K(1280K)->1140K(1280K)
[2025-11-06T12:04:05.406+0700][15.052s][info][gc          ] GC(168) Pause Young (Concurrent Start) (G1 Humongous Allocation) 3038M->3038M(5036M) 0.705ms
[2025-11-06T12:04:05.406+0700][15.052s][info][gc,cpu      ] GC(168) User=0.00s Sys=0.00s Real=0.00s
[2025-11-06T12:04:05.406+0700][15.052s][info][gc          ] GC(169) Concurrent Mark Cycle
[2025-11-06T12:04:05.406+0700][15.052s][info][gc,marking  ] GC(169) Concurrent Clear Claimed Marks
[2025-11-06T12:04:05.406+0700][15.052s][info][gc,marking  ] GC(169) Concurrent Clear Claimed Marks 0.014ms
[2025-11-06T12:04:05.406+0700][15.052s][info][gc,marking  ] GC(169) Concurrent Scan Root Regions
[2025-11-06T12:04:05.406+0700][15.052s][info][gc,marking  ] GC(169) Concurrent Scan Root Regions 0.042ms
[2025-11-06T12:04:05.406+0700][15.053s][info][gc,marking  ] GC(169) Concurrent Mark
[2025-11-06T12:04:05.406+0700][15.053s][info][gc,marking  ] GC(169) Concurrent Mark From Roots
[2025-11-06T12:04:05.406+0700][15.053s][info][gc,task     ] GC(169) Using 5 workers of 5 for marking
[2025-11-06T12:04:05.408+0700][15.055s][info][gc,marking  ] GC(169) Concurrent Mark From Roots 2.405ms
[2025-11-06T12:04:05.408+0700][15.055s][info][gc,marking  ] GC(169) Concurrent Preclean
[2025-11-06T12:04:05.408+0700][15.055s][info][gc,marking  ] GC(169) Concurrent Preclean 0.126ms
[2025-11-06T12:04:05.414+0700][15.060s][info][gc,start    ] GC(169) Pause Remark
[2025-11-06T12:04:05.414+0700][15.061s][info][gc          ] GC(169) Pause Remark 3050M->3050M(5096M) 0.789ms
[2025-11-06T12:04:05.414+0700][15.061s][info][gc,cpu      ] GC(169) User=0.00s Sys=0.00s Real=0.00s
[2025-11-06T12:04:05.414+0700][15.061s][info][gc,marking  ] GC(169) Concurrent Mark 8.506ms
[2025-11-06T12:04:05.414+0700][15.061s][info][gc,marking  ] GC(169) Concurrent Rebuild Remembered Sets
[2025-11-06T12:04:05.416+0700][15.062s][info][gc,marking  ] GC(169) Concurrent Rebuild Remembered Sets 1.124ms
[2025-11-06T12:04:05.430+0700][15.076s][info][gc,start    ] GC(169) Pause Cleanup
[2025-11-06T12:04:05.430+0700][15.076s][info][gc          ] GC(169) Pause Cleanup 3062M->3062M(5096M) 0.166ms
[2025-11-06T12:04:05.430+0700][15.076s][info][gc,cpu      ] GC(169) User=0.00s Sys=0.00s Real=0.00s
[2025-11-06T12:04:05.430+0700][15.076s][info][gc,marking  ] GC(169) Concurrent Cleanup for Next Mark
[2025-11-06T12:04:05.435+0700][15.081s][info][gc,marking  ] GC(169) Concurrent Cleanup for Next Mark 4.751ms
[2025-11-06T12:04:05.435+0700][15.081s][info][gc          ] GC(169) Concurrent Mark Cycle 29.058ms
[2025-11-06T12:04:05.436+0700][15.083s][info][gc,start    ] GC(170) Pause Young (Concurrent Start) (G1 Humongous Allocation)
[2025-11-06T12:04:05.436+0700][15.083s][info][gc,task     ] GC(170) Using 20 workers of 20 for evacuation
[2025-11-06T12:04:05.437+0700][15.083s][info][gc,phases   ] GC(170)   Pre Evacuate Collection Set: 0.1ms
[2025-11-06T12:04:05.437+0700][15.083s][info][gc,phases   ] GC(170)   Merge Heap Roots: 0.1ms
[2025-11-06T12:04:05.437+0700][15.083s][info][gc,phases   ] GC(170)   Evacuate Collection Set: 0.2ms
[2025-11-06T12:04:05.437+0700][15.083s][info][gc,phases   ] GC(170)   Post Evacuate Collection Set: 0.1ms
[2025-11-06T12:04:05.437+0700][15.083s][info][gc,phases   ] GC(170)   Other: 0.2ms
[2025-11-06T12:04:05.437+0700][15.083s][info][gc,heap     ] GC(170) Eden regions: 0->0(375)
[2025-11-06T12:04:05.437+0700][15.083s][info][gc,heap     ] GC(170) Survivor regions: 1->1(47)
[2025-11-06T12:04:05.437+0700][15.083s][info][gc,heap     ] GC(170) Old regions: 1->1
[2025-11-06T12:04:05.437+0700][15.083s][info][gc,heap     ] GC(170) Archive regions: 0->0
[2025-11-06T12:04:05.437+0700][15.083s][info][gc,heap     ] GC(170) Humongous regions: 768->768
[2025-11-06T12:04:05.437+0700][15.083s][info][gc,metaspace] GC(170) Metaspace: 9471K(9728K)->9471K(9728K) NonClass: 8331K(8448K)->8331K(8448K) Class: 1140K(1280K)->1140K(1280K)
[2025-11-06T12:04:05.437+0700][15.083s][info][gc          ] GC(170) Pause Young (Concurrent Start) (G1 Humongous Allocation) 3074M->3074M(5096M) 0.731ms
[2025-11-06T12:04:05.437+0700][15.083s][info][gc,cpu      ] GC(170) User=0.00s Sys=0.00s Real=0.00s
[2025-11-06T12:04:05.437+0700][15.083s][info][gc          ] GC(171) Concurrent Mark Cycle
[2025-11-06T12:04:05.437+0700][15.083s][info][gc,marking  ] GC(171) Concurrent Clear Claimed Marks
[2025-11-06T12:04:05.437+0700][15.083s][info][gc,marking  ] GC(171) Concurrent Clear Claimed Marks 0.007ms
[2025-11-06T12:04:05.437+0700][15.083s][info][gc,marking  ] GC(171) Concurrent Scan Root Regions
[2025-11-06T12:04:05.437+0700][15.084s][info][gc,marking  ] GC(171) Concurrent Scan Root Regions 0.038ms
[2025-11-06T12:04:05.437+0700][15.084s][info][gc,marking  ] GC(171) Concurrent Mark
[2025-11-06T12:04:05.437+0700][15.084s][info][gc,marking  ] GC(171) Concurrent Mark From Roots
[2025-11-06T12:04:05.437+0700][15.084s][info][gc,task     ] GC(171) Using 5 workers of 5 for marking
[2025-11-06T12:04:05.439+0700][15.086s][info][gc,marking  ] GC(171) Concurrent Mark From Roots 2.336ms
[2025-11-06T12:04:05.439+0700][15.086s][info][gc,marking  ] GC(171) Concurrent Preclean
[2025-11-06T12:04:05.439+0700][15.086s][info][gc,marking  ] GC(171) Concurrent Preclean 0.108ms
[2025-11-06T12:04:05.440+0700][15.087s][info][gc,start    ] GC(171) Pause Remark
[2025-11-06T12:04:05.441+0700][15.087s][info][gc          ] GC(171) Pause Remark 3086M->3086M(5156M) 0.593ms
[2025-11-06T12:04:05.441+0700][15.087s][info][gc,cpu      ] GC(171) User=0.00s Sys=0.00s Real=0.00s
[2025-11-06T12:04:05.441+0700][15.087s][info][gc,marking  ] GC(171) Concurrent Mark 3.648ms
[2025-11-06T12:04:05.441+0700][15.087s][info][gc,marking  ] GC(171) Concurrent Rebuild Remembered Sets
[2025-11-06T12:04:05.442+0700][15.088s][info][gc,marking  ] GC(171) Concurrent Rebuild Remembered Sets 1.024ms
[2025-11-06T12:04:05.446+0700][15.092s][info][gc,start    ] GC(171) Pause Cleanup
[2025-11-06T12:04:05.446+0700][15.092s][info][gc          ] GC(171) Pause Cleanup 3098M->3098M(5156M) 0.178ms
[2025-11-06T12:04:05.446+0700][15.092s][info][gc,cpu      ] GC(171) User=0.00s Sys=0.00s Real=0.00s
[2025-11-06T12:04:05.446+0700][15.092s][info][gc,marking  ] GC(171) Concurrent Cleanup for Next Mark
[2025-11-06T12:04:05.450+0700][15.097s][info][gc,marking  ] GC(171) Concurrent Cleanup for Next Mark 4.404ms
[2025-11-06T12:04:05.450+0700][15.097s][info][gc          ] GC(171) Concurrent Mark Cycle 13.411ms
[2025-11-06T12:04:05.453+0700][15.099s][info][gc,start    ] GC(172) Pause Young (Concurrent Start) (G1 Humongous Allocation)
[2025-11-06T12:04:05.453+0700][15.099s][info][gc,task     ] GC(172) Using 20 workers of 20 for evacuation
[2025-11-06T12:04:05.453+0700][15.100s][info][gc,phases   ] GC(172)   Pre Evacuate Collection Set: 0.1ms
[2025-11-06T12:04:05.453+0700][15.100s][info][gc,phases   ] GC(172)   Merge Heap Roots: 0.1ms
[2025-11-06T12:04:05.453+0700][15.100s][info][gc,phases   ] GC(172)   Evacuate Collection Set: 0.2ms
[2025-11-06T12:04:05.453+0700][15.100s][info][gc,phases   ] GC(172)   Post Evacuate Collection Set: 0.1ms
[2025-11-06T12:04:05.453+0700][15.100s][info][gc,phases   ] GC(172)   Other: 0.2ms
[2025-11-06T12:04:05.453+0700][15.100s][info][gc,heap     ] GC(172) Eden regions: 0->0(380)
[2025-11-06T12:04:05.453+0700][15.100s][info][gc,heap     ] GC(172) Survivor regions: 1->1(47)
[2025-11-06T12:04:05.453+0700][15.100s][info][gc,heap     ] GC(172) Old regions: 1->1
[2025-11-06T12:04:05.453+0700][15.100s][info][gc,heap     ] GC(172) Archive regions: 0->0
[2025-11-06T12:04:05.453+0700][15.100s][info][gc,heap     ] GC(172) Humongous regions: 777->777
[2025-11-06T12:04:05.453+0700][15.100s][info][gc,metaspace] GC(172) Metaspace: 9471K(9728K)->9471K(9728K) NonClass: 8331K(8448K)->8331K(8448K) Class: 1140K(1280K)->1140K(1280K)
[2025-11-06T12:04:05.453+0700][15.100s][info][gc          ] GC(172) Pause Young (Concurrent Start) (G1 Humongous Allocation) 3110M->3110M(5156M) 0.668ms
[2025-11-06T12:04:05.453+0700][15.100s][info][gc,cpu      ] GC(172) User=0.00s Sys=0.00s Real=0.00s
[2025-11-06T12:04:05.453+0700][15.100s][info][gc          ] GC(173) Concurrent Mark Cycle
[2025-11-06T12:04:05.454+0700][15.100s][info][gc,marking  ] GC(173) Concurrent Clear Claimed Marks
[2025-11-06T12:04:05.454+0700][15.100s][info][gc,marking  ] GC(173) Concurrent Clear Claimed Marks 0.008ms
[2025-11-06T12:04:05.454+0700][15.100s][info][gc,marking  ] GC(173) Concurrent Scan Root Regions
[2025-11-06T12:04:05.454+0700][15.100s][info][gc,marking  ] GC(173) Concurrent Scan Root Regions 0.057ms
[2025-11-06T12:04:05.454+0700][15.100s][info][gc,marking  ] GC(173) Concurrent Mark
[2025-11-06T12:04:05.454+0700][15.100s][info][gc,marking  ] GC(173) Concurrent Mark From Roots
[2025-11-06T12:04:05.454+0700][15.100s][info][gc,task     ] GC(173) Using 5 workers of 5 for marking
[2025-11-06T12:04:05.456+0700][15.102s][info][gc,marking  ] GC(173) Concurrent Mark From Roots 2.274ms
[2025-11-06T12:04:05.456+0700][15.102s][info][gc,marking  ] GC(173) Concurrent Preclean
[2025-11-06T12:04:05.456+0700][15.103s][info][gc,marking  ] GC(173) Concurrent Preclean 0.103ms
[2025-11-06T12:04:05.456+0700][15.103s][info][gc,start    ] GC(173) Pause Remark
[2025-11-06T12:04:05.457+0700][15.104s][info][gc          ] GC(173) Pause Remark 3122M->3122M(5216M) 0.629ms
[2025-11-06T12:04:05.457+0700][15.104s][info][gc,cpu      ] GC(173) User=0.00s Sys=0.00s Real=0.00s
[2025-11-06T12:04:05.457+0700][15.104s][info][gc,marking  ] GC(173) Concurrent Mark 3.534ms
[2025-11-06T12:04:05.457+0700][15.104s][info][gc,marking  ] GC(173) Concurrent Rebuild Remembered Sets
[2025-11-06T12:04:05.458+0700][15.105s][info][gc,marking  ] GC(173) Concurrent Rebuild Remembered Sets 1.051ms
[2025-11-06T12:04:05.458+0700][15.105s][info][gc,start    ] GC(173) Pause Cleanup
[2025-11-06T12:04:05.458+0700][15.105s][info][gc          ] GC(173) Pause Cleanup 3124M->3124M(5216M) 0.077ms
[2025-11-06T12:04:05.458+0700][15.105s][info][gc,cpu      ] GC(173) User=0.00s Sys=0.00s Real=0.00s
[2025-11-06T12:04:05.458+0700][15.105s][info][gc,marking  ] GC(173) Concurrent Cleanup for Next Mark
[2025-11-06T12:04:05.463+0700][15.110s][info][gc,marking  ] GC(173) Concurrent Cleanup for Next Mark 4.970ms
[2025-11-06T12:04:05.463+0700][15.110s][info][gc          ] GC(173) Concurrent Mark Cycle 9.824ms
[2025-11-06T12:04:05.968+0700][15.614s][info][gc,start    ] GC(174) Pause Young (Concurrent Start) (G1 Humongous Allocation)
[2025-11-06T12:04:05.968+0700][15.614s][info][gc,task     ] GC(174) Using 20 workers of 20 for evacuation
[2025-11-06T12:04:05.968+0700][15.615s][info][gc,phases   ] GC(174)   Pre Evacuate Collection Set: 0.2ms
[2025-11-06T12:04:05.968+0700][15.615s][info][gc,phases   ] GC(174)   Merge Heap Roots: 0.1ms
[2025-11-06T12:04:05.968+0700][15.615s][info][gc,phases   ] GC(174)   Evacuate Collection Set: 0.2ms
[2025-11-06T12:04:05.968+0700][15.615s][info][gc,phases   ] GC(174)   Post Evacuate Collection Set: 0.1ms
[2025-11-06T12:04:05.968+0700][15.615s][info][gc,phases   ] GC(174)   Other: 0.2ms
[2025-11-06T12:04:05.968+0700][15.615s][info][gc,heap     ] GC(174) Eden regions: 1->0(390)
[2025-11-06T12:04:05.968+0700][15.615s][info][gc,heap     ] GC(174) Survivor regions: 1->1(48)
[2025-11-06T12:04:05.968+0700][15.615s][info][gc,heap     ] GC(174) Old regions: 1->1
[2025-11-06T12:04:05.968+0700][15.615s][info][gc,heap     ] GC(174) Archive regions: 0->0
[2025-11-06T12:04:05.968+0700][15.615s][info][gc,heap     ] GC(174) Humongous regions: 780->780
[2025-11-06T12:04:05.969+0700][15.615s][info][gc,metaspace] GC(174) Metaspace: 9471K(9728K)->9471K(9728K) NonClass: 8331K(8448K)->8331K(8448K) Class: 1140K(1280K)->1140K(1280K)
[2025-11-06T12:04:05.969+0700][15.615s][info][gc          ] GC(174) Pause Young (Concurrent Start) (G1 Humongous Allocation) 3124M->3122M(5216M) 0.875ms
[2025-11-06T12:04:05.969+0700][15.615s][info][gc,cpu      ] GC(174) User=0.00s Sys=0.00s Real=0.00s
[2025-11-06T12:04:05.969+0700][15.615s][info][gc          ] GC(175) Concurrent Mark Cycle
[2025-11-06T12:04:05.969+0700][15.615s][info][gc,marking  ] GC(175) Concurrent Clear Claimed Marks
[2025-11-06T12:04:05.969+0700][15.615s][info][gc,marking  ] GC(175) Concurrent Clear Claimed Marks 0.012ms
[2025-11-06T12:04:05.969+0700][15.615s][info][gc,marking  ] GC(175) Concurrent Scan Root Regions
[2025-11-06T12:04:05.969+0700][15.615s][info][gc,marking  ] GC(175) Concurrent Scan Root Regions 0.070ms
[2025-11-06T12:04:05.969+0700][15.615s][info][gc,marking  ] GC(175) Concurrent Mark
[2025-11-06T12:04:05.969+0700][15.615s][info][gc,marking  ] GC(175) Concurrent Mark From Roots
[2025-11-06T12:04:05.969+0700][15.615s][info][gc,task     ] GC(175) Using 5 workers of 5 for marking
[2025-11-06T12:04:05.971+0700][15.617s][info][gc,marking  ] GC(175) Concurrent Mark From Roots 2.326ms
[2025-11-06T12:04:05.971+0700][15.617s][info][gc,marking  ] GC(175) Concurrent Preclean
[2025-11-06T12:04:05.971+0700][15.618s][info][gc,marking  ] GC(175) Concurrent Preclean 0.103ms
[2025-11-06T12:04:05.972+0700][15.619s][info][gc,start    ] GC(175) Pause Remark
[2025-11-06T12:04:05.973+0700][15.619s][info][gc          ] GC(175) Pause Remark 3134M->3134M(5236M) 0.760ms
[2025-11-06T12:04:05.973+0700][15.619s][info][gc,cpu      ] GC(175) User=0.00s Sys=0.00s Real=0.00s
[2025-11-06T12:04:05.973+0700][15.619s][info][gc,marking  ] GC(175) Concurrent Mark 4.252ms
[2025-11-06T12:04:05.973+0700][15.619s][info][gc,marking  ] GC(175) Concurrent Rebuild Remembered Sets
[2025-11-06T12:04:05.974+0700][15.621s][info][gc,marking  ] GC(175) Concurrent Rebuild Remembered Sets 1.183ms
[2025-11-06T12:04:05.983+0700][15.629s][info][gc,start    ] GC(175) Pause Cleanup
[2025-11-06T12:04:05.983+0700][15.629s][info][gc          ] GC(175) Pause Cleanup 3146M->3146M(5236M) 0.152ms
[2025-11-06T12:04:05.983+0700][15.629s][info][gc,cpu      ] GC(175) User=0.00s Sys=0.00s Real=0.00s
[2025-11-06T12:04:05.983+0700][15.629s][info][gc,marking  ] GC(175) Concurrent Cleanup for Next Mark
[2025-11-06T12:04:05.989+0700][15.635s][info][gc,marking  ] GC(175) Concurrent Cleanup for Next Mark 5.847ms
[2025-11-06T12:04:05.989+0700][15.635s][info][gc          ] GC(175) Concurrent Mark Cycle 20.096ms
[2025-11-06T12:04:05.991+0700][15.638s][info][gc,start    ] GC(176) Pause Young (Concurrent Start) (G1 Humongous Allocation)
[2025-11-06T12:04:05.991+0700][15.638s][info][gc,task     ] GC(176) Using 20 workers of 20 for evacuation
[2025-11-06T12:04:05.992+0700][15.638s][info][gc,phases   ] GC(176)   Pre Evacuate Collection Set: 0.1ms
[2025-11-06T12:04:05.992+0700][15.638s][info][gc,phases   ] GC(176)   Merge Heap Roots: 0.1ms
[2025-11-06T12:04:05.992+0700][15.638s][info][gc,phases   ] GC(176)   Evacuate Collection Set: 0.1ms
[2025-11-06T12:04:05.992+0700][15.638s][info][gc,phases   ] GC(176)   Post Evacuate Collection Set: 0.1ms
[2025-11-06T12:04:05.992+0700][15.638s][info][gc,phases   ] GC(176)   Other: 0.2ms
[2025-11-06T12:04:05.992+0700][15.638s][info][gc,heap     ] GC(176) Eden regions: 0->0(383)
[2025-11-06T12:04:05.992+0700][15.638s][info][gc,heap     ] GC(176) Survivor regions: 1->1(49)
[2025-11-06T12:04:05.992+0700][15.638s][info][gc,heap     ] GC(176) Old regions: 1->1
[2025-11-06T12:04:05.992+0700][15.638s][info][gc,heap     ] GC(176) Archive regions: 0->0
[2025-11-06T12:04:05.992+0700][15.638s][info][gc,heap     ] GC(176) Humongous regions: 792->792
[2025-11-06T12:04:05.992+0700][15.638s][info][gc,metaspace] GC(176) Metaspace: 9471K(9728K)->9471K(9728K) NonClass: 8331K(8448K)->8331K(8448K) Class: 1140K(1280K)->1140K(1280K)
[2025-11-06T12:04:05.992+0700][15.638s][info][gc          ] GC(176) Pause Young (Concurrent Start) (G1 Humongous Allocation) 3170M->3170M(5236M) 0.745ms
[2025-11-06T12:04:05.992+0700][15.638s][info][gc,cpu      ] GC(176) User=0.00s Sys=0.00s Real=0.00s
[2025-11-06T12:04:05.992+0700][15.638s][info][gc          ] GC(177) Concurrent Mark Cycle
[2025-11-06T12:04:05.992+0700][15.638s][info][gc,marking  ] GC(177) Concurrent Clear Claimed Marks
[2025-11-06T12:04:05.992+0700][15.638s][info][gc,marking  ] GC(177) Concurrent Clear Claimed Marks 0.008ms
[2025-11-06T12:04:05.992+0700][15.638s][info][gc,marking  ] GC(177) Concurrent Scan Root Regions
[2025-11-06T12:04:05.992+0700][15.638s][info][gc,marking  ] GC(177) Concurrent Scan Root Regions 0.056ms
[2025-11-06T12:04:05.992+0700][15.638s][info][gc,marking  ] GC(177) Concurrent Mark
[2025-11-06T12:04:05.992+0700][15.638s][info][gc,marking  ] GC(177) Concurrent Mark From Roots
[2025-11-06T12:04:05.992+0700][15.638s][info][gc,task     ] GC(177) Using 5 workers of 5 for marking
[2025-11-06T12:04:05.994+0700][15.641s][info][gc,marking  ] GC(177) Concurrent Mark From Roots 2.295ms
[2025-11-06T12:04:05.994+0700][15.641s][info][gc,marking  ] GC(177) Concurrent Preclean
[2025-11-06T12:04:05.995+0700][15.641s][info][gc,marking  ] GC(177) Concurrent Preclean 0.106ms
[2025-11-06T12:04:05.995+0700][15.642s][info][gc,start    ] GC(177) Pause Remark
[2025-11-06T12:04:05.996+0700][15.642s][info][gc          ] GC(177) Pause Remark 3182M->3182M(5316M) 0.650ms
[2025-11-06T12:04:05.996+0700][15.642s][info][gc,cpu      ] GC(177) User=0.00s Sys=0.00s Real=0.00s
[2025-11-06T12:04:05.996+0700][15.642s][info][gc,marking  ] GC(177) Concurrent Mark 3.929ms
[2025-11-06T12:04:05.996+0700][15.642s][info][gc,marking  ] GC(177) Concurrent Rebuild Remembered Sets
[2025-11-06T12:04:05.997+0700][15.643s][info][gc,marking  ] GC(177) Concurrent Rebuild Remembered Sets 1.052ms
[2025-11-06T12:04:06.013+0700][15.659s][info][gc,start    ] GC(177) Pause Cleanup
[2025-11-06T12:04:06.013+0700][15.659s][info][gc          ] GC(177) Pause Cleanup 3194M->3194M(5316M) 0.154ms
[2025-11-06T12:04:06.013+0700][15.659s][info][gc,cpu      ] GC(177) User=0.00s Sys=0.00s Real=0.00s
[2025-11-06T12:04:06.013+0700][15.659s][info][gc,marking  ] GC(177) Concurrent Cleanup for Next Mark
[2025-11-06T12:04:06.020+0700][15.666s][info][gc,marking  ] GC(177) Concurrent Cleanup for Next Mark 7.050ms
[2025-11-06T12:04:06.020+0700][15.666s][info][gc          ] GC(177) Concurrent Mark Cycle 27.978ms
[2025-11-06T12:04:06.022+0700][15.669s][info][gc,start    ] GC(178) Pause Young (Concurrent Start) (G1 Humongous Allocation)
[2025-11-06T12:04:06.022+0700][15.669s][info][gc,task     ] GC(178) Using 20 workers of 20 for evacuation
[2025-11-06T12:04:06.023+0700][15.669s][info][gc,phases   ] GC(178)   Pre Evacuate Collection Set: 0.1ms
[2025-11-06T12:04:06.023+0700][15.669s][info][gc,phases   ] GC(178)   Merge Heap Roots: 0.1ms
[2025-11-06T12:04:06.023+0700][15.669s][info][gc,phases   ] GC(178)   Evacuate Collection Set: 0.1ms
[2025-11-06T12:04:06.023+0700][15.669s][info][gc,phases   ] GC(178)   Post Evacuate Collection Set: 0.1ms
[2025-11-06T12:04:06.023+0700][15.669s][info][gc,phases   ] GC(178)   Other: 0.2ms
[2025-11-06T12:04:06.023+0700][15.669s][info][gc,heap     ] GC(178) Eden regions: 0->0(389)
[2025-11-06T12:04:06.023+0700][15.669s][info][gc,heap     ] GC(178) Survivor regions: 1->1(48)
[2025-11-06T12:04:06.023+0700][15.669s][info][gc,heap     ] GC(178) Old regions: 1->1
[2025-11-06T12:04:06.023+0700][15.669s][info][gc,heap     ] GC(178) Archive regions: 0->0
[2025-11-06T12:04:06.023+0700][15.669s][info][gc,heap     ] GC(178) Humongous regions: 804->804
[2025-11-06T12:04:06.023+0700][15.669s][info][gc,metaspace] GC(178) Metaspace: 9471K(9728K)->9471K(9728K) NonClass: 8331K(8448K)->8331K(8448K) Class: 1140K(1280K)->1140K(1280K)
[2025-11-06T12:04:06.023+0700][15.669s][info][gc          ] GC(178) Pause Young (Concurrent Start) (G1 Humongous Allocation) 3218M->3218M(5316M) 0.649ms
[2025-11-06T12:04:06.023+0700][15.669s][info][gc,cpu      ] GC(178) User=0.00s Sys=0.00s Real=0.00s
[2025-11-06T12:04:06.023+0700][15.669s][info][gc          ] GC(179) Concurrent Mark Cycle
[2025-11-06T12:04:06.023+0700][15.670s][info][gc,marking  ] GC(179) Concurrent Clear Claimed Marks
[2025-11-06T12:04:06.023+0700][15.670s][info][gc,marking  ] GC(179) Concurrent Clear Claimed Marks 0.007ms
[2025-11-06T12:04:06.023+0700][15.670s][info][gc,marking  ] GC(179) Concurrent Scan Root Regions
[2025-11-06T12:04:06.023+0700][15.670s][info][gc,marking  ] GC(179) Concurrent Scan Root Regions 0.054ms
[2025-11-06T12:04:06.023+0700][15.670s][info][gc,marking  ] GC(179) Concurrent Mark
[2025-11-06T12:04:06.023+0700][15.670s][info][gc,marking  ] GC(179) Concurrent Mark From Roots
[2025-11-06T12:04:06.023+0700][15.670s][info][gc,task     ] GC(179) Using 5 workers of 5 for marking
[2025-11-06T12:04:06.025+0700][15.672s][info][gc,marking  ] GC(179) Concurrent Mark From Roots 2.277ms
[2025-11-06T12:04:06.026+0700][15.672s][info][gc,marking  ] GC(179) Concurrent Preclean
[2025-11-06T12:04:06.026+0700][15.672s][info][gc,marking  ] GC(179) Concurrent Preclean 0.103ms
[2025-11-06T12:04:06.026+0700][15.673s][info][gc,start    ] GC(179) Pause Remark
[2025-11-06T12:04:06.027+0700][15.674s][info][gc          ] GC(179) Pause Remark 3230M->3230M(5396M) 0.691ms
[2025-11-06T12:04:06.027+0700][15.674s][info][gc,cpu      ] GC(179) User=0.00s Sys=0.00s Real=0.00s
[2025-11-06T12:04:06.027+0700][15.674s][info][gc,marking  ] GC(179) Concurrent Mark 3.981ms
[2025-11-06T12:04:06.027+0700][15.674s][info][gc,marking  ] GC(179) Concurrent Rebuild Remembered Sets
[2025-11-06T12:04:06.028+0700][15.675s][info][gc,marking  ] GC(179) Concurrent Rebuild Remembered Sets 1.036ms
[2025-11-06T12:04:06.044+0700][15.690s][info][gc,start    ] GC(179) Pause Cleanup
[2025-11-06T12:04:06.044+0700][15.690s][info][gc          ] GC(179) Pause Cleanup 3242M->3242M(5396M) 0.226ms
[2025-11-06T12:04:06.044+0700][15.690s][info][gc,cpu      ] GC(179) User=0.00s Sys=0.00s Real=0.00s
[2025-11-06T12:04:06.044+0700][15.690s][info][gc,marking  ] GC(179) Concurrent Cleanup for Next Mark
[2025-11-06T12:04:06.048+0700][15.695s][info][gc,marking  ] GC(179) Concurrent Cleanup for Next Mark 4.433ms
[2025-11-06T12:04:06.048+0700][15.695s][info][gc          ] GC(179) Concurrent Mark Cycle 25.224ms
[2025-11-06T12:04:06.556+0700][16.202s][info][gc,start    ] GC(180) Pause Young (Concurrent Start) (G1 Humongous Allocation)
[2025-11-06T12:04:06.556+0700][16.202s][info][gc,task     ] GC(180) Using 20 workers of 20 for evacuation
[2025-11-06T12:04:06.556+0700][16.203s][info][gc,phases   ] GC(180)   Pre Evacuate Collection Set: 0.1ms
[2025-11-06T12:04:06.556+0700][16.203s][info][gc,phases   ] GC(180)   Merge Heap Roots: 0.1ms
[2025-11-06T12:04:06.556+0700][16.203s][info][gc,phases   ] GC(180)   Evacuate Collection Set: 0.1ms
[2025-11-06T12:04:06.556+0700][16.203s][info][gc,phases   ] GC(180)   Post Evacuate Collection Set: 0.1ms
[2025-11-06T12:04:06.556+0700][16.203s][info][gc,phases   ] GC(180)   Other: 0.2ms
[2025-11-06T12:04:06.556+0700][16.203s][info][gc,heap     ] GC(180) Eden regions: 1->0(401)
[2025-11-06T12:04:06.556+0700][16.203s][info][gc,heap     ] GC(180) Survivor regions: 1->1(49)
[2025-11-06T12:04:06.556+0700][16.203s][info][gc,heap     ] GC(180) Old regions: 1->1
[2025-11-06T12:04:06.556+0700][16.203s][info][gc,heap     ] GC(180) Archive regions: 0->0
[2025-11-06T12:04:06.556+0700][16.203s][info][gc,heap     ] GC(180) Humongous regions: 810->810
[2025-11-06T12:04:06.556+0700][16.203s][info][gc,metaspace] GC(180) Metaspace: 9471K(9728K)->9471K(9728K) NonClass: 8331K(8448K)->8331K(8448K) Class: 1140K(1280K)->1140K(1280K)
[2025-11-06T12:04:06.556+0700][16.203s][info][gc          ] GC(180) Pause Young (Concurrent Start) (G1 Humongous Allocation) 3244M->3242M(5396M) 0.679ms
[2025-11-06T12:04:06.556+0700][16.203s][info][gc,cpu      ] GC(180) User=0.00s Sys=0.00s Real=0.00s
[2025-11-06T12:04:06.556+0700][16.203s][info][gc          ] GC(181) Concurrent Mark Cycle
[2025-11-06T12:04:06.556+0700][16.203s][info][gc,marking  ] GC(181) Concurrent Clear Claimed Marks
[2025-11-06T12:04:06.556+0700][16.203s][info][gc,marking  ] GC(181) Concurrent Clear Claimed Marks 0.008ms
[2025-11-06T12:04:06.556+0700][16.203s][info][gc,marking  ] GC(181) Concurrent Scan Root Regions
[2025-11-06T12:04:06.556+0700][16.203s][info][gc,marking  ] GC(181) Concurrent Scan Root Regions 0.041ms
[2025-11-06T12:04:06.556+0700][16.203s][info][gc,marking  ] GC(181) Concurrent Mark
[2025-11-06T12:04:06.556+0700][16.203s][info][gc,marking  ] GC(181) Concurrent Mark From Roots
[2025-11-06T12:04:06.556+0700][16.203s][info][gc,task     ] GC(181) Using 5 workers of 5 for marking
[2025-11-06T12:04:06.560+0700][16.206s][info][gc,marking  ] GC(181) Concurrent Mark From Roots 3.075ms
[2025-11-06T12:04:06.560+0700][16.206s][info][gc,marking  ] GC(181) Concurrent Preclean
[2025-11-06T12:04:06.560+0700][16.206s][info][gc,marking  ] GC(181) Concurrent Preclean 0.105ms
[2025-11-06T12:04:06.571+0700][16.217s][info][gc,start    ] GC(181) Pause Remark
[2025-11-06T12:04:06.571+0700][16.218s][info][gc          ] GC(181) Pause Remark 3266M->3266M(5456M) 0.838ms
[2025-11-06T12:04:06.571+0700][16.218s][info][gc,cpu      ] GC(181) User=0.00s Sys=0.00s Real=0.00s
[2025-11-06T12:04:06.571+0700][16.218s][info][gc,marking  ] GC(181) Concurrent Mark 14.993ms
[2025-11-06T12:04:06.571+0700][16.218s][info][gc,marking  ] GC(181) Concurrent Rebuild Remembered Sets
[2025-11-06T12:04:06.573+0700][16.219s][info][gc,marking  ] GC(181) Concurrent Rebuild Remembered Sets 1.202ms
[2025-11-06T12:04:06.586+0700][16.232s][info][gc,start    ] GC(181) Pause Cleanup
[2025-11-06T12:04:06.586+0700][16.232s][info][gc          ] GC(181) Pause Cleanup 3278M->3278M(5456M) 0.231ms
[2025-11-06T12:04:06.586+0700][16.232s][info][gc,cpu      ] GC(181) User=0.00s Sys=0.00s Real=0.00s
[2025-11-06T12:04:06.586+0700][16.232s][info][gc,marking  ] GC(181) Concurrent Cleanup for Next Mark
[2025-11-06T12:04:06.591+0700][16.237s][info][gc,marking  ] GC(181) Concurrent Cleanup for Next Mark 4.771ms
[2025-11-06T12:04:06.591+0700][16.237s][info][gc          ] GC(181) Concurrent Mark Cycle 34.335ms
[2025-11-06T12:04:06.592+0700][16.239s][info][gc,start    ] GC(182) Pause Young (Concurrent Start) (G1 Humongous Allocation)
[2025-11-06T12:04:06.592+0700][16.239s][info][gc,task     ] GC(182) Using 20 workers of 20 for evacuation
[2025-11-06T12:04:06.593+0700][16.239s][info][gc,phases   ] GC(182)   Pre Evacuate Collection Set: 0.1ms
[2025-11-06T12:04:06.593+0700][16.239s][info][gc,phases   ] GC(182)   Merge Heap Roots: 0.1ms
[2025-11-06T12:04:06.593+0700][16.239s][info][gc,phases   ] GC(182)   Evacuate Collection Set: 0.2ms
[2025-11-06T12:04:06.593+0700][16.239s][info][gc,phases   ] GC(182)   Post Evacuate Collection Set: 0.1ms
[2025-11-06T12:04:06.593+0700][16.239s][info][gc,phases   ] GC(182)   Other: 0.2ms
[2025-11-06T12:04:06.593+0700][16.239s][info][gc,heap     ] GC(182) Eden regions: 0->0(402)
[2025-11-06T12:04:06.593+0700][16.239s][info][gc,heap     ] GC(182) Survivor regions: 1->1(51)
[2025-11-06T12:04:06.593+0700][16.239s][info][gc,heap     ] GC(182) Old regions: 1->1
[2025-11-06T12:04:06.593+0700][16.239s][info][gc,heap     ] GC(182) Archive regions: 0->0
[2025-11-06T12:04:06.593+0700][16.239s][info][gc,heap     ] GC(182) Humongous regions: 822->822
[2025-11-06T12:04:06.593+0700][16.239s][info][gc,metaspace] GC(182) Metaspace: 9471K(9728K)->9471K(9728K) NonClass: 8331K(8448K)->8331K(8448K) Class: 1140K(1280K)->1140K(1280K)
[2025-11-06T12:04:06.593+0700][16.239s][info][gc          ] GC(182) Pause Young (Concurrent Start) (G1 Humongous Allocation) 3290M->3290M(5456M) 0.748ms
[2025-11-06T12:04:06.593+0700][16.239s][info][gc,cpu      ] GC(182) User=0.00s Sys=0.00s Real=0.00s
[2025-11-06T12:04:06.593+0700][16.239s][info][gc          ] GC(183) Concurrent Mark Cycle
[2025-11-06T12:04:06.593+0700][16.240s][info][gc,marking  ] GC(183) Concurrent Clear Claimed Marks
[2025-11-06T12:04:06.593+0700][16.240s][info][gc,marking  ] GC(183) Concurrent Clear Claimed Marks 0.008ms
[2025-11-06T12:04:06.593+0700][16.240s][info][gc,marking  ] GC(183) Concurrent Scan Root Regions
[2025-11-06T12:04:06.593+0700][16.240s][info][gc,marking  ] GC(183) Concurrent Scan Root Regions 0.073ms
[2025-11-06T12:04:06.593+0700][16.240s][info][gc,marking  ] GC(183) Concurrent Mark
[2025-11-06T12:04:06.593+0700][16.240s][info][gc,marking  ] GC(183) Concurrent Mark From Roots
[2025-11-06T12:04:06.593+0700][16.240s][info][gc,task     ] GC(183) Using 5 workers of 5 for marking
[2025-11-06T12:04:06.596+0700][16.242s][info][gc,marking  ] GC(183) Concurrent Mark From Roots 2.650ms
[2025-11-06T12:04:06.596+0700][16.242s][info][gc,marking  ] GC(183) Concurrent Preclean
[2025-11-06T12:04:06.596+0700][16.242s][info][gc,marking  ] GC(183) Concurrent Preclean 0.109ms
[2025-11-06T12:04:06.596+0700][16.243s][info][gc,start    ] GC(183) Pause Remark
[2025-11-06T12:04:06.597+0700][16.244s][info][gc          ] GC(183) Pause Remark 3302M->3302M(5516M) 0.698ms
[2025-11-06T12:04:06.597+0700][16.244s][info][gc,cpu      ] GC(183) User=0.02s Sys=0.00s Real=0.00s
[2025-11-06T12:04:06.597+0700][16.244s][info][gc,marking  ] GC(183) Concurrent Mark 3.936ms
[2025-11-06T12:04:06.597+0700][16.244s][info][gc,marking  ] GC(183) Concurrent Rebuild Remembered Sets
[2025-11-06T12:04:06.598+0700][16.245s][info][gc,marking  ] GC(183) Concurrent Rebuild Remembered Sets 1.048ms
[2025-11-06T12:04:06.602+0700][16.248s][info][gc,start    ] GC(183) Pause Cleanup
[2025-11-06T12:04:06.602+0700][16.248s][info][gc          ] GC(183) Pause Cleanup 3314M->3314M(5516M) 0.240ms
[2025-11-06T12:04:06.602+0700][16.248s][info][gc,cpu      ] GC(183) User=0.00s Sys=0.00s Real=0.00s
[2025-11-06T12:04:06.602+0700][16.248s][info][gc,marking  ] GC(183) Concurrent Cleanup for Next Mark
[2025-11-06T12:04:06.607+0700][16.253s][info][gc,marking  ] GC(183) Concurrent Cleanup for Next Mark 4.865ms
[2025-11-06T12:04:06.607+0700][16.253s][info][gc          ] GC(183) Concurrent Mark Cycle 13.751ms
[2025-11-06T12:04:06.608+0700][16.255s][info][gc,start    ] GC(184) Pause Young (Concurrent Start) (G1 Humongous Allocation)
[2025-11-06T12:04:06.608+0700][16.255s][info][gc,task     ] GC(184) Using 20 workers of 20 for evacuation
[2025-11-06T12:04:06.609+0700][16.255s][info][gc,phases   ] GC(184)   Pre Evacuate Collection Set: 0.1ms
[2025-11-06T12:04:06.609+0700][16.255s][info][gc,phases   ] GC(184)   Merge Heap Roots: 0.1ms
[2025-11-06T12:04:06.609+0700][16.255s][info][gc,phases   ] GC(184)   Evacuate Collection Set: 0.2ms
[2025-11-06T12:04:06.609+0700][16.255s][info][gc,phases   ] GC(184)   Post Evacuate Collection Set: 0.1ms
[2025-11-06T12:04:06.609+0700][16.255s][info][gc,phases   ] GC(184)   Other: 0.1ms
[2025-11-06T12:04:06.609+0700][16.255s][info][gc,heap     ] GC(184) Eden regions: 0->0(407)
[2025-11-06T12:04:06.609+0700][16.255s][info][gc,heap     ] GC(184) Survivor regions: 1->1(51)
[2025-11-06T12:04:06.609+0700][16.255s][info][gc,heap     ] GC(184) Old regions: 1->1
[2025-11-06T12:04:06.609+0700][16.255s][info][gc,heap     ] GC(184) Archive regions: 0->0
[2025-11-06T12:04:06.609+0700][16.255s][info][gc,heap     ] GC(184) Humongous regions: 831->831
[2025-11-06T12:04:06.609+0700][16.255s][info][gc,metaspace] GC(184) Metaspace: 9471K(9728K)->9471K(9728K) NonClass: 8331K(8448K)->8331K(8448K) Class: 1140K(1280K)->1140K(1280K)
[2025-11-06T12:04:06.609+0700][16.255s][info][gc          ] GC(184) Pause Young (Concurrent Start) (G1 Humongous Allocation) 3326M->3326M(5516M) 0.655ms
[2025-11-06T12:04:06.609+0700][16.255s][info][gc,cpu      ] GC(184) User=0.00s Sys=0.00s Real=0.00s
[2025-11-06T12:04:06.609+0700][16.255s][info][gc          ] GC(185) Concurrent Mark Cycle
[2025-11-06T12:04:06.609+0700][16.255s][info][gc,marking  ] GC(185) Concurrent Clear Claimed Marks
[2025-11-06T12:04:06.609+0700][16.255s][info][gc,marking  ] GC(185) Concurrent Clear Claimed Marks 0.007ms
[2025-11-06T12:04:06.609+0700][16.255s][info][gc,marking  ] GC(185) Concurrent Scan Root Regions
[2025-11-06T12:04:06.609+0700][16.255s][info][gc,marking  ] GC(185) Concurrent Scan Root Regions 0.047ms
[2025-11-06T12:04:06.609+0700][16.255s][info][gc,marking  ] GC(185) Concurrent Mark
[2025-11-06T12:04:06.609+0700][16.255s][info][gc,marking  ] GC(185) Concurrent Mark From Roots
[2025-11-06T12:04:06.609+0700][16.255s][info][gc,task     ] GC(185) Using 5 workers of 5 for marking
[2025-11-06T12:04:06.611+0700][16.258s][info][gc,marking  ] GC(185) Concurrent Mark From Roots 2.337ms
[2025-11-06T12:04:06.611+0700][16.258s][info][gc,marking  ] GC(185) Concurrent Preclean
[2025-11-06T12:04:06.611+0700][16.258s][info][gc,marking  ] GC(185) Concurrent Preclean 0.101ms
[2025-11-06T12:04:06.612+0700][16.259s][info][gc,start    ] GC(185) Pause Remark
[2025-11-06T12:04:06.613+0700][16.259s][info][gc          ] GC(185) Pause Remark 3338M->3338M(5576M) 0.695ms
[2025-11-06T12:04:06.613+0700][16.259s][info][gc,cpu      ] GC(185) User=0.00s Sys=0.00s Real=0.00s
[2025-11-06T12:04:06.613+0700][16.259s][info][gc,marking  ] GC(185) Concurrent Mark 4.147ms
[2025-11-06T12:04:06.613+0700][16.260s][info][gc,marking  ] GC(185) Concurrent Rebuild Remembered Sets
[2025-11-06T12:04:06.614+0700][16.261s][info][gc,marking  ] GC(185) Concurrent Rebuild Remembered Sets 1.075ms
[2025-11-06T12:04:06.617+0700][16.263s][info][gc,start    ] GC(185) Pause Cleanup
[2025-11-06T12:04:06.617+0700][16.263s][info][gc          ] GC(185) Pause Cleanup 3350M->3350M(5576M) 0.196ms
[2025-11-06T12:04:06.617+0700][16.263s][info][gc,cpu      ] GC(185) User=0.00s Sys=0.00s Real=0.00s
[2025-11-06T12:04:06.617+0700][16.263s][info][gc,marking  ] GC(185) Concurrent Cleanup for Next Mark
[2025-11-06T12:04:06.622+0700][16.269s][info][gc,marking  ] GC(185) Concurrent Cleanup for Next Mark 5.384ms
[2025-11-06T12:04:06.622+0700][16.269s][info][gc          ] GC(185) Concurrent Mark Cycle 13.579ms
[2025-11-06T12:04:07.127+0700][16.773s][info][gc,start    ] GC(186) Pause Young (Concurrent Start) (G1 Humongous Allocation)
[2025-11-06T12:04:07.127+0700][16.773s][info][gc,task     ] GC(186) Using 20 workers of 20 for evacuation
[2025-11-06T12:04:07.127+0700][16.774s][info][gc,phases   ] GC(186)   Pre Evacuate Collection Set: 0.1ms
[2025-11-06T12:04:07.127+0700][16.774s][info][gc,phases   ] GC(186)   Merge Heap Roots: 0.0ms
[2025-11-06T12:04:07.127+0700][16.774s][info][gc,phases   ] GC(186)   Evacuate Collection Set: 0.1ms
[2025-11-06T12:04:07.127+0700][16.774s][info][gc,phases   ] GC(186)   Post Evacuate Collection Set: 0.1ms
[2025-11-06T12:04:07.127+0700][16.774s][info][gc,phases   ] GC(186)   Other: 0.2ms
[2025-11-06T12:04:07.127+0700][16.774s][info][gc,heap     ] GC(186) Eden regions: 1->0(411)
[2025-11-06T12:04:07.127+0700][16.774s][info][gc,heap     ] GC(186) Survivor regions: 1->1(51)
[2025-11-06T12:04:07.127+0700][16.774s][info][gc,heap     ] GC(186) Old regions: 1->1
[2025-11-06T12:04:07.127+0700][16.774s][info][gc,heap     ] GC(186) Archive regions: 0->0
[2025-11-06T12:04:07.127+0700][16.774s][info][gc,heap     ] GC(186) Humongous regions: 840->840
[2025-11-06T12:04:07.127+0700][16.774s][info][gc,metaspace] GC(186) Metaspace: 9471K(9728K)->9471K(9728K) NonClass: 8331K(8448K)->8331K(8448K) Class: 1140K(1280K)->1140K(1280K)
[2025-11-06T12:04:07.127+0700][16.774s][info][gc          ] GC(186) Pause Young (Concurrent Start) (G1 Humongous Allocation) 3364M->3362M(5576M) 0.622ms
[2025-11-06T12:04:07.127+0700][16.774s][info][gc,cpu      ] GC(186) User=0.00s Sys=0.00s Real=0.00s
[2025-11-06T12:04:07.127+0700][16.774s][info][gc          ] GC(187) Concurrent Mark Cycle
[2025-11-06T12:04:07.127+0700][16.774s][info][gc,marking  ] GC(187) Concurrent Clear Claimed Marks
[2025-11-06T12:04:07.127+0700][16.774s][info][gc,marking  ] GC(187) Concurrent Clear Claimed Marks 0.008ms
[2025-11-06T12:04:07.127+0700][16.774s][info][gc,marking  ] GC(187) Concurrent Scan Root Regions
[2025-11-06T12:04:07.127+0700][16.774s][info][gc,marking  ] GC(187) Concurrent Scan Root Regions 0.060ms
[2025-11-06T12:04:07.127+0700][16.774s][info][gc,marking  ] GC(187) Concurrent Mark
[2025-11-06T12:04:07.127+0700][16.774s][info][gc,marking  ] GC(187) Concurrent Mark From Roots
[2025-11-06T12:04:07.127+0700][16.774s][info][gc,task     ] GC(187) Using 5 workers of 5 for marking
[2025-11-06T12:04:07.130+0700][16.776s][info][gc,marking  ] GC(187) Concurrent Mark From Roots 2.171ms
[2025-11-06T12:04:07.130+0700][16.776s][info][gc,marking  ] GC(187) Concurrent Preclean
[2025-11-06T12:04:07.130+0700][16.776s][info][gc,marking  ] GC(187) Concurrent Preclean 0.103ms
[2025-11-06T12:04:07.131+0700][16.777s][info][gc,start    ] GC(187) Pause Remark
[2025-11-06T12:04:07.132+0700][16.778s][info][gc          ] GC(187) Pause Remark 3374M->3374M(5636M) 0.726ms
[2025-11-06T12:04:07.132+0700][16.778s][info][gc,cpu      ] GC(187) User=0.00s Sys=0.00s Real=0.00s
[2025-11-06T12:04:07.132+0700][16.778s][info][gc,marking  ] GC(187) Concurrent Mark 4.113ms
[2025-11-06T12:04:07.132+0700][16.778s][info][gc,marking  ] GC(187) Concurrent Rebuild Remembered Sets
[2025-11-06T12:04:07.133+0700][16.779s][info][gc,marking  ] GC(187) Concurrent Rebuild Remembered Sets 1.195ms
[2025-11-06T12:04:07.142+0700][16.788s][info][gc,start    ] GC(187) Pause Cleanup
[2025-11-06T12:04:07.142+0700][16.788s][info][gc          ] GC(187) Pause Cleanup 3386M->3386M(5636M) 0.288ms
[2025-11-06T12:04:07.142+0700][16.788s][info][gc,cpu      ] GC(187) User=0.00s Sys=0.00s Real=0.00s
[2025-11-06T12:04:07.142+0700][16.788s][info][gc,marking  ] GC(187) Concurrent Cleanup for Next Mark
[2025-11-06T12:04:07.147+0700][16.793s][info][gc,marking  ] GC(187) Concurrent Cleanup for Next Mark 5.011ms
[2025-11-06T12:04:07.147+0700][16.794s][info][gc          ] GC(187) Concurrent Mark Cycle 19.782ms
[2025-11-06T12:04:07.149+0700][16.795s][info][gc,start    ] GC(188) Pause Young (Concurrent Start) (G1 Humongous Allocation)
[2025-11-06T12:04:07.149+0700][16.795s][info][gc,task     ] GC(188) Using 20 workers of 20 for evacuation
[2025-11-06T12:04:07.149+0700][16.796s][info][gc,phases   ] GC(188)   Pre Evacuate Collection Set: 0.1ms
[2025-11-06T12:04:07.149+0700][16.796s][info][gc,phases   ] GC(188)   Merge Heap Roots: 0.1ms
[2025-11-06T12:04:07.149+0700][16.796s][info][gc,phases   ] GC(188)   Evacuate Collection Set: 0.2ms
[2025-11-06T12:04:07.149+0700][16.796s][info][gc,phases   ] GC(188)   Post Evacuate Collection Set: 0.1ms
[2025-11-06T12:04:07.149+0700][16.796s][info][gc,phases   ] GC(188)   Other: 0.2ms
[2025-11-06T12:04:07.149+0700][16.796s][info][gc,heap     ] GC(188) Eden regions: 0->0(416)
[2025-11-06T12:04:07.149+0700][16.796s][info][gc,heap     ] GC(188) Survivor regions: 1->1(52)
[2025-11-06T12:04:07.149+0700][16.796s][info][gc,heap     ] GC(188) Old regions: 1->1
[2025-11-06T12:04:07.149+0700][16.796s][info][gc,heap     ] GC(188) Archive regions: 0->0
[2025-11-06T12:04:07.149+0700][16.796s][info][gc,heap     ] GC(188) Humongous regions: 849->849
[2025-11-06T12:04:07.149+0700][16.796s][info][gc,metaspace] GC(188) Metaspace: 9471K(9728K)->9471K(9728K) NonClass: 8331K(8448K)->8331K(8448K) Class: 1140K(1280K)->1140K(1280K)
[2025-11-06T12:04:07.149+0700][16.796s][info][gc          ] GC(188) Pause Young (Concurrent Start) (G1 Humongous Allocation) 3398M->3398M(5636M) 0.839ms
[2025-11-06T12:04:07.149+0700][16.796s][info][gc,cpu      ] GC(188) User=0.00s Sys=0.00s Real=0.00s
[2025-11-06T12:04:07.149+0700][16.796s][info][gc          ] GC(189) Concurrent Mark Cycle
[2025-11-06T12:04:07.149+0700][16.796s][info][gc,marking  ] GC(189) Concurrent Clear Claimed Marks
[2025-11-06T12:04:07.149+0700][16.796s][info][gc,marking  ] GC(189) Concurrent Clear Claimed Marks 0.007ms
[2025-11-06T12:04:07.149+0700][16.796s][info][gc,marking  ] GC(189) Concurrent Scan Root Regions
[2025-11-06T12:04:07.150+0700][16.796s][info][gc,marking  ] GC(189) Concurrent Scan Root Regions 0.070ms
[2025-11-06T12:04:07.150+0700][16.796s][info][gc,marking  ] GC(189) Concurrent Mark
[2025-11-06T12:04:07.150+0700][16.796s][info][gc,marking  ] GC(189) Concurrent Mark From Roots
[2025-11-06T12:04:07.150+0700][16.796s][info][gc,task     ] GC(189) Using 5 workers of 5 for marking
[2025-11-06T12:04:07.154+0700][16.800s][info][gc,marking  ] GC(189) Concurrent Mark From Roots 3.937ms
[2025-11-06T12:04:07.154+0700][16.800s][info][gc,marking  ] GC(189) Concurrent Preclean
[2025-11-06T12:04:07.154+0700][16.800s][info][gc,marking  ] GC(189) Concurrent Preclean 0.168ms
[2025-11-06T12:04:07.158+0700][16.804s][info][gc,start    ] GC(189) Pause Remark
[2025-11-06T12:04:07.159+0700][16.805s][info][gc          ] GC(189) Pause Remark 3422M->3422M(5716M) 0.970ms
[2025-11-06T12:04:07.159+0700][16.805s][info][gc,cpu      ] GC(189) User=0.02s Sys=0.00s Real=0.00s
[2025-11-06T12:04:07.159+0700][16.805s][info][gc,marking  ] GC(189) Concurrent Mark 9.051ms
[2025-11-06T12:04:07.159+0700][16.805s][info][gc,marking  ] GC(189) Concurrent Rebuild Remembered Sets
[2025-11-06T12:04:07.160+0700][16.806s][info][gc,marking  ] GC(189) Concurrent Rebuild Remembered Sets 1.144ms
[2025-11-06T12:04:07.173+0700][16.819s][info][gc,start    ] GC(189) Pause Cleanup
[2025-11-06T12:04:07.173+0700][16.819s][info][gc          ] GC(189) Pause Cleanup 3434M->3434M(5716M) 0.319ms
[2025-11-06T12:04:07.173+0700][16.819s][info][gc,cpu      ] GC(189) User=0.00s Sys=0.00s Real=0.00s
[2025-11-06T12:04:07.173+0700][16.819s][info][gc,marking  ] GC(189) Concurrent Cleanup for Next Mark
[2025-11-06T12:04:07.178+0700][16.824s][info][gc,marking  ] GC(189) Concurrent Cleanup for Next Mark 4.931ms
[2025-11-06T12:04:07.178+0700][16.824s][info][gc          ] GC(189) Concurrent Mark Cycle 28.598ms
[2025-11-06T12:04:07.179+0700][16.826s][info][gc,start    ] GC(190) Pause Young (Concurrent Start) (G1 Humongous Allocation)
[2025-11-06T12:04:07.179+0700][16.826s][info][gc,task     ] GC(190) Using 20 workers of 20 for evacuation
[2025-11-06T12:04:07.180+0700][16.826s][info][gc,phases   ] GC(190)   Pre Evacuate Collection Set: 0.1ms
[2025-11-06T12:04:07.180+0700][16.826s][info][gc,phases   ] GC(190)   Merge Heap Roots: 0.1ms
[2025-11-06T12:04:07.180+0700][16.826s][info][gc,phases   ] GC(190)   Evacuate Collection Set: 0.2ms
[2025-11-06T12:04:07.180+0700][16.826s][info][gc,phases   ] GC(190)   Post Evacuate Collection Set: 0.1ms
[2025-11-06T12:04:07.180+0700][16.826s][info][gc,phases   ] GC(190)   Other: 0.2ms
[2025-11-06T12:04:07.180+0700][16.826s][info][gc,heap     ] GC(190) Eden regions: 0->0(422)
[2025-11-06T12:04:07.180+0700][16.826s][info][gc,heap     ] GC(190) Survivor regions: 1->1(53)
[2025-11-06T12:04:07.180+0700][16.826s][info][gc,heap     ] GC(190) Old regions: 1->1
[2025-11-06T12:04:07.180+0700][16.826s][info][gc,heap     ] GC(190) Archive regions: 0->0
[2025-11-06T12:04:07.180+0700][16.826s][info][gc,heap     ] GC(190) Humongous regions: 861->861
[2025-11-06T12:04:07.180+0700][16.826s][info][gc,metaspace] GC(190) Metaspace: 9471K(9728K)->9471K(9728K) NonClass: 8331K(8448K)->8331K(8448K) Class: 1140K(1280K)->1140K(1280K)
[2025-11-06T12:04:07.180+0700][16.826s][info][gc          ] GC(190) Pause Young (Concurrent Start) (G1 Humongous Allocation) 3446M->3446M(5716M) 0.646ms
[2025-11-06T12:04:07.180+0700][16.826s][info][gc,cpu      ] GC(190) User=0.00s Sys=0.00s Real=0.00s
[2025-11-06T12:04:07.180+0700][16.826s][info][gc          ] GC(191) Concurrent Mark Cycle
[2025-11-06T12:04:07.180+0700][16.826s][info][gc,marking  ] GC(191) Concurrent Clear Claimed Marks
[2025-11-06T12:04:07.180+0700][16.826s][info][gc,marking  ] GC(191) Concurrent Clear Claimed Marks 0.012ms
[2025-11-06T12:04:07.180+0700][16.826s][info][gc,marking  ] GC(191) Concurrent Scan Root Regions
[2025-11-06T12:04:07.180+0700][16.827s][info][gc,marking  ] GC(191) Concurrent Scan Root Regions 0.069ms
[2025-11-06T12:04:07.180+0700][16.827s][info][gc,marking  ] GC(191) Concurrent Mark
[2025-11-06T12:04:07.180+0700][16.827s][info][gc,marking  ] GC(191) Concurrent Mark From Roots
[2025-11-06T12:04:07.180+0700][16.827s][info][gc,task     ] GC(191) Using 5 workers of 5 for marking
[2025-11-06T12:04:07.183+0700][16.829s][info][gc,marking  ] GC(191) Concurrent Mark From Roots 2.840ms
[2025-11-06T12:04:07.183+0700][16.829s][info][gc,marking  ] GC(191) Concurrent Preclean
[2025-11-06T12:04:07.183+0700][16.829s][info][gc,marking  ] GC(191) Concurrent Preclean 0.107ms
[2025-11-06T12:04:07.184+0700][16.830s][info][gc,start    ] GC(191) Pause Remark
[2025-11-06T12:04:07.185+0700][16.831s][info][gc          ] GC(191) Pause Remark 3458M->3458M(5776M) 0.870ms
[2025-11-06T12:04:07.185+0700][16.831s][info][gc,cpu      ] GC(191) User=0.00s Sys=0.00s Real=0.00s
[2025-11-06T12:04:07.185+0700][16.831s][info][gc,marking  ] GC(191) Concurrent Mark 4.748ms
[2025-11-06T12:04:07.185+0700][16.831s][info][gc,marking  ] GC(191) Concurrent Rebuild Remembered Sets
[2025-11-06T12:04:07.186+0700][16.833s][info][gc,marking  ] GC(191) Concurrent Rebuild Remembered Sets 1.243ms
[2025-11-06T12:04:07.189+0700][16.835s][info][gc,start    ] GC(191) Pause Cleanup
[2025-11-06T12:04:07.189+0700][16.835s][info][gc          ] GC(191) Pause Cleanup 3470M->3470M(5776M) 0.207ms
[2025-11-06T12:04:07.189+0700][16.835s][info][gc,cpu      ] GC(191) User=0.00s Sys=0.00s Real=0.00s
[2025-11-06T12:04:07.189+0700][16.835s][info][gc,marking  ] GC(191) Concurrent Cleanup for Next Mark
[2025-11-06T12:04:07.195+0700][16.841s][info][gc,marking  ] GC(191) Concurrent Cleanup for Next Mark 6.133ms
[2025-11-06T12:04:07.195+0700][16.842s][info][gc          ] GC(191) Concurrent Mark Cycle 15.182ms
[2025-11-06T12:04:07.698+0700][17.344s][info][gc,start    ] GC(192) Pause Young (Concurrent Start) (G1 Humongous Allocation)
[2025-11-06T12:04:07.698+0700][17.344s][info][gc,task     ] GC(192) Using 20 workers of 20 for evacuation
[2025-11-06T12:04:07.698+0700][17.344s][info][gc,phases   ] GC(192)   Pre Evacuate Collection Set: 0.2ms
[2025-11-06T12:04:07.698+0700][17.344s][info][gc,phases   ] GC(192)   Merge Heap Roots: 0.1ms
[2025-11-06T12:04:07.698+0700][17.344s][info][gc,phases   ] GC(192)   Evacuate Collection Set: 0.2ms
[2025-11-06T12:04:07.698+0700][17.344s][info][gc,phases   ] GC(192)   Post Evacuate Collection Set: 0.1ms
[2025-11-06T12:04:07.698+0700][17.344s][info][gc,phases   ] GC(192)   Other: 0.2ms
[2025-11-06T12:04:07.698+0700][17.345s][info][gc,heap     ] GC(192) Eden regions: 1->0(426)
[2025-11-06T12:04:07.698+0700][17.345s][info][gc,heap     ] GC(192) Survivor regions: 1->1(53)
[2025-11-06T12:04:07.698+0700][17.345s][info][gc,heap     ] GC(192) Old regions: 1->1
[2025-11-06T12:04:07.698+0700][17.345s][info][gc,heap     ] GC(192) Archive regions: 0->0
[2025-11-06T12:04:07.698+0700][17.345s][info][gc,heap     ] GC(192) Humongous regions: 870->870
[2025-11-06T12:04:07.698+0700][17.345s][info][gc,metaspace] GC(192) Metaspace: 9471K(9728K)->9471K(9728K) NonClass: 8331K(8448K)->8331K(8448K) Class: 1140K(1280K)->1140K(1280K)
[2025-11-06T12:04:07.699+0700][17.345s][info][gc          ] GC(192) Pause Young (Concurrent Start) (G1 Humongous Allocation) 3484M->3482M(5776M) 0.830ms
[2025-11-06T12:04:07.699+0700][17.345s][info][gc,cpu      ] GC(192) User=0.00s Sys=0.00s Real=0.00s
[2025-11-06T12:04:07.699+0700][17.345s][info][gc          ] GC(193) Concurrent Mark Cycle
[2025-11-06T12:04:07.699+0700][17.345s][info][gc,marking  ] GC(193) Concurrent Clear Claimed Marks
[2025-11-06T12:04:07.699+0700][17.345s][info][gc,marking  ] GC(193) Concurrent Clear Claimed Marks 0.010ms
[2025-11-06T12:04:07.699+0700][17.345s][info][gc,marking  ] GC(193) Concurrent Scan Root Regions
[2025-11-06T12:04:07.699+0700][17.345s][info][gc,marking  ] GC(193) Concurrent Scan Root Regions 0.043ms
[2025-11-06T12:04:07.699+0700][17.345s][info][gc,marking  ] GC(193) Concurrent Mark
[2025-11-06T12:04:07.699+0700][17.345s][info][gc,marking  ] GC(193) Concurrent Mark From Roots
[2025-11-06T12:04:07.699+0700][17.345s][info][gc,task     ] GC(193) Using 5 workers of 5 for marking
[2025-11-06T12:04:07.701+0700][17.347s][info][gc,marking  ] GC(193) Concurrent Mark From Roots 2.253ms
[2025-11-06T12:04:07.701+0700][17.347s][info][gc,marking  ] GC(193) Concurrent Preclean
[2025-11-06T12:04:07.701+0700][17.347s][info][gc,marking  ] GC(193) Concurrent Preclean 0.115ms
[2025-11-06T12:04:07.713+0700][17.359s][info][gc,start    ] GC(193) Pause Remark
[2025-11-06T12:04:07.714+0700][17.360s][info][gc          ] GC(193) Pause Remark 3494M->3494M(5836M) 0.968ms
[2025-11-06T12:04:07.714+0700][17.360s][info][gc,cpu      ] GC(193) User=0.00s Sys=0.00s Real=0.00s
[2025-11-06T12:04:07.714+0700][17.360s][info][gc,marking  ] GC(193) Concurrent Mark 14.952ms
[2025-11-06T12:04:07.714+0700][17.360s][info][gc,marking  ] GC(193) Concurrent Rebuild Remembered Sets
[2025-11-06T12:04:07.715+0700][17.361s][info][gc,marking  ] GC(193) Concurrent Rebuild Remembered Sets 1.398ms
[2025-11-06T12:04:07.728+0700][17.374s][info][gc,start    ] GC(193) Pause Cleanup
[2025-11-06T12:04:07.728+0700][17.374s][info][gc          ] GC(193) Pause Cleanup 3506M->3506M(5836M) 0.273ms
[2025-11-06T12:04:07.728+0700][17.374s][info][gc,cpu      ] GC(193) User=0.00s Sys=0.00s Real=0.00s
[2025-11-06T12:04:07.728+0700][17.374s][info][gc,marking  ] GC(193) Concurrent Cleanup for Next Mark
[2025-11-06T12:04:07.733+0700][17.379s][info][gc,marking  ] GC(193) Concurrent Cleanup for Next Mark 5.418ms
[2025-11-06T12:04:07.733+0700][17.380s][info][gc          ] GC(193) Concurrent Mark Cycle 34.956ms
[2025-11-06T12:04:07.735+0700][17.381s][info][gc,start    ] GC(194) Pause Young (Concurrent Start) (G1 Humongous Allocation)
[2025-11-06T12:04:07.735+0700][17.381s][info][gc,task     ] GC(194) Using 20 workers of 20 for evacuation
[2025-11-06T12:04:07.736+0700][17.382s][info][gc,phases   ] GC(194)   Pre Evacuate Collection Set: 0.2ms
[2025-11-06T12:04:07.736+0700][17.382s][info][gc,phases   ] GC(194)   Merge Heap Roots: 0.1ms
[2025-11-06T12:04:07.736+0700][17.382s][info][gc,phases   ] GC(194)   Evacuate Collection Set: 0.3ms
[2025-11-06T12:04:07.736+0700][17.382s][info][gc,phases   ] GC(194)   Post Evacuate Collection Set: 0.1ms
[2025-11-06T12:04:07.736+0700][17.382s][info][gc,phases   ] GC(194)   Other: 0.4ms
[2025-11-06T12:04:07.736+0700][17.382s][info][gc,heap     ] GC(194) Eden regions: 0->0(432)
[2025-11-06T12:04:07.736+0700][17.382s][info][gc,heap     ] GC(194) Survivor regions: 1->0(54)
[2025-11-06T12:04:07.736+0700][17.382s][info][gc,heap     ] GC(194) Old regions: 1->1
[2025-11-06T12:04:07.736+0700][17.382s][info][gc,heap     ] GC(194) Archive regions: 0->0
[2025-11-06T12:04:07.736+0700][17.382s][info][gc,heap     ] GC(194) Humongous regions: 879->879
[2025-11-06T12:04:07.736+0700][17.382s][info][gc,metaspace] GC(194) Metaspace: 9471K(9728K)->9471K(9728K) NonClass: 8331K(8448K)->8331K(8448K) Class: 1140K(1280K)->1140K(1280K)
[2025-11-06T12:04:07.736+0700][17.382s][info][gc          ] GC(194) Pause Young (Concurrent Start) (G1 Humongous Allocation) 3518M->3518M(5836M) 1.192ms
[2025-11-06T12:04:07.736+0700][17.382s][info][gc,cpu      ] GC(194) User=0.00s Sys=0.00s Real=0.00s
[2025-11-06T12:04:07.736+0700][17.382s][info][gc          ] GC(195) Concurrent Mark Cycle
[2025-11-06T12:04:07.736+0700][17.382s][info][gc,marking  ] GC(195) Concurrent Clear Claimed Marks
[2025-11-06T12:04:07.736+0700][17.382s][info][gc,marking  ] GC(195) Concurrent Clear Claimed Marks 0.016ms
[2025-11-06T12:04:07.736+0700][17.382s][info][gc,marking  ] GC(195) Concurrent Scan Root Regions
[2025-11-06T12:04:07.736+0700][17.382s][info][gc,marking  ] GC(195) Concurrent Scan Root Regions 0.087ms
[2025-11-06T12:04:07.736+0700][17.382s][info][gc,marking  ] GC(195) Concurrent Mark
[2025-11-06T12:04:07.736+0700][17.382s][info][gc,marking  ] GC(195) Concurrent Mark From Roots
[2025-11-06T12:04:07.736+0700][17.382s][info][gc,task     ] GC(195) Using 5 workers of 5 for marking
[2025-11-06T12:04:07.740+0700][17.386s][info][gc,marking  ] GC(195) Concurrent Mark From Roots 3.430ms
[2025-11-06T12:04:07.740+0700][17.386s][info][gc,marking  ] GC(195) Concurrent Preclean
[2025-11-06T12:04:07.740+0700][17.386s][info][gc,marking  ] GC(195) Concurrent Preclean 0.103ms
[2025-11-06T12:04:07.740+0700][17.386s][info][gc,start    ] GC(195) Pause Remark
[2025-11-06T12:04:07.741+0700][17.387s][info][gc          ] GC(195) Pause Remark 3530M->3530M(5888M) 0.722ms
[2025-11-06T12:04:07.741+0700][17.387s][info][gc,cpu      ] GC(195) User=0.00s Sys=0.00s Real=0.00s
[2025-11-06T12:04:07.741+0700][17.387s][info][gc,marking  ] GC(195) Concurrent Mark 4.527ms
[2025-11-06T12:04:07.741+0700][17.387s][info][gc,marking  ] GC(195) Concurrent Rebuild Remembered Sets
[2025-11-06T12:04:07.742+0700][17.388s][info][gc,marking  ] GC(195) Concurrent Rebuild Remembered Sets 1.484ms
[2025-11-06T12:04:07.759+0700][17.405s][info][gc,start    ] GC(195) Pause Cleanup
[2025-11-06T12:04:07.759+0700][17.405s][info][gc          ] GC(195) Pause Cleanup 3542M->3542M(5888M) 0.185ms
[2025-11-06T12:04:07.759+0700][17.405s][info][gc,cpu      ] GC(195) User=0.00s Sys=0.00s Real=0.00s
[2025-11-06T12:04:07.759+0700][17.405s][info][gc,marking  ] GC(195) Concurrent Cleanup for Next Mark
[2025-11-06T12:04:07.764+0700][17.410s][info][gc,marking  ] GC(195) Concurrent Cleanup for Next Mark 5.403ms
[2025-11-06T12:04:07.764+0700][17.410s][info][gc          ] GC(195) Concurrent Mark Cycle 28.173ms
[2025-11-06T12:04:07.768+0700][17.414s][info][gc,start    ] GC(196) Pause Young (Concurrent Start) (G1 Humongous Allocation)
[2025-11-06T12:04:07.768+0700][17.414s][info][gc,task     ] GC(196) Using 20 workers of 20 for evacuation
[2025-11-06T12:04:07.769+0700][17.415s][info][gc,phases   ] GC(196)   Pre Evacuate Collection Set: 0.1ms
[2025-11-06T12:04:07.769+0700][17.415s][info][gc,phases   ] GC(196)   Merge Heap Roots: 0.2ms
[2025-11-06T12:04:07.769+0700][17.415s][info][gc,phases   ] GC(196)   Evacuate Collection Set: 0.2ms
[2025-11-06T12:04:07.769+0700][17.415s][info][gc,phases   ] GC(196)   Post Evacuate Collection Set: 0.2ms
[2025-11-06T12:04:07.769+0700][17.415s][info][gc,phases   ] GC(196)   Other: 0.2ms
[2025-11-06T12:04:07.769+0700][17.415s][info][gc,heap     ] GC(196) Eden regions: 0->0(431)
[2025-11-06T12:04:07.769+0700][17.415s][info][gc,heap     ] GC(196) Survivor regions: 0->0(54)
[2025-11-06T12:04:07.769+0700][17.415s][info][gc,heap     ] GC(196) Old regions: 1->1
[2025-11-06T12:04:07.769+0700][17.415s][info][gc,heap     ] GC(196) Archive regions: 0->0
[2025-11-06T12:04:07.769+0700][17.415s][info][gc,heap     ] GC(196) Humongous regions: 891->891
[2025-11-06T12:04:07.769+0700][17.415s][info][gc,metaspace] GC(196) Metaspace: 9471K(9728K)->9471K(9728K) NonClass: 8331K(8448K)->8331K(8448K) Class: 1140K(1280K)->1140K(1280K)
[2025-11-06T12:04:07.769+0700][17.415s][info][gc          ] GC(196) Pause Young (Concurrent Start) (G1 Humongous Allocation) 3566M->3566M(5888M) 1.036ms
[2025-11-06T12:04:07.769+0700][17.415s][info][gc,cpu      ] GC(196) User=0.20s Sys=0.00s Real=0.00s
[2025-11-06T12:04:07.769+0700][17.415s][info][gc          ] GC(197) Concurrent Mark Cycle
[2025-11-06T12:04:07.769+0700][17.415s][info][gc,marking  ] GC(197) Concurrent Clear Claimed Marks
[2025-11-06T12:04:07.769+0700][17.415s][info][gc,marking  ] GC(197) Concurrent Clear Claimed Marks 0.008ms
[2025-11-06T12:04:07.769+0700][17.415s][info][gc,marking  ] GC(197) Concurrent Scan Root Regions
[2025-11-06T12:04:07.769+0700][17.415s][info][gc,marking  ] GC(197) Concurrent Scan Root Regions 0.006ms
[2025-11-06T12:04:07.769+0700][17.415s][info][gc,marking  ] GC(197) Concurrent Mark
[2025-11-06T12:04:07.769+0700][17.415s][info][gc,marking  ] GC(197) Concurrent Mark From Roots
[2025-11-06T12:04:07.769+0700][17.415s][info][gc,task     ] GC(197) Using 5 workers of 5 for marking
[2025-11-06T12:04:07.771+0700][17.417s][info][gc,marking  ] GC(197) Concurrent Mark From Roots 2.349ms
[2025-11-06T12:04:07.771+0700][17.418s][info][gc,marking  ] GC(197) Concurrent Preclean
[2025-11-06T12:04:07.772+0700][17.418s][info][gc,marking  ] GC(197) Concurrent Preclean 0.119ms
[2025-11-06T12:04:07.772+0700][17.418s][info][gc,start    ] GC(197) Pause Remark
[2025-11-06T12:04:07.773+0700][17.419s][info][gc          ] GC(197) Pause Remark 3578M->3578M(5968M) 0.699ms
[2025-11-06T12:04:07.773+0700][17.419s][info][gc,cpu      ] GC(197) User=0.00s Sys=0.00s Real=0.00s
[2025-11-06T12:04:07.773+0700][17.419s][info][gc,marking  ] GC(197) Concurrent Mark 4.072ms
[2025-11-06T12:04:07.773+0700][17.419s][info][gc,marking  ] GC(197) Concurrent Rebuild Remembered Sets
[2025-11-06T12:04:07.774+0700][17.420s][info][gc,marking  ] GC(197) Concurrent Rebuild Remembered Sets 1.094ms
[2025-11-06T12:04:07.790+0700][17.436s][info][gc,start    ] GC(197) Pause Cleanup
[2025-11-06T12:04:07.790+0700][17.436s][info][gc          ] GC(197) Pause Cleanup 3590M->3590M(5968M) 0.179ms
[2025-11-06T12:04:07.790+0700][17.436s][info][gc,cpu      ] GC(197) User=0.00s Sys=0.00s Real=0.00s
[2025-11-06T12:04:07.790+0700][17.436s][info][gc,marking  ] GC(197) Concurrent Cleanup for Next Mark
[2025-11-06T12:04:07.796+0700][17.443s][info][gc,marking  ] GC(197) Concurrent Cleanup for Next Mark 6.290ms
[2025-11-06T12:04:07.796+0700][17.443s][info][gc          ] GC(197) Concurrent Mark Cycle 27.604ms
[2025-11-06T12:04:08.303+0700][17.949s][info][gc,start    ] GC(198) Pause Young (Concurrent Start) (G1 Humongous Allocation)
[2025-11-06T12:04:08.303+0700][17.949s][info][gc,task     ] GC(198) Using 20 workers of 20 for evacuation
[2025-11-06T12:04:08.303+0700][17.950s][info][gc,phases   ] GC(198)   Pre Evacuate Collection Set: 0.1ms
[2025-11-06T12:04:08.303+0700][17.950s][info][gc,phases   ] GC(198)   Merge Heap Roots: 0.1ms
[2025-11-06T12:04:08.303+0700][17.950s][info][gc,phases   ] GC(198)   Evacuate Collection Set: 0.2ms
[2025-11-06T12:04:08.303+0700][17.950s][info][gc,phases   ] GC(198)   Post Evacuate Collection Set: 0.1ms
[2025-11-06T12:04:08.303+0700][17.950s][info][gc,phases   ] GC(198)   Other: 0.2ms
[2025-11-06T12:04:08.303+0700][17.950s][info][gc,heap     ] GC(198) Eden regions: 1->0(440)
[2025-11-06T12:04:08.303+0700][17.950s][info][gc,heap     ] GC(198) Survivor regions: 0->0(54)
[2025-11-06T12:04:08.303+0700][17.950s][info][gc,heap     ] GC(198) Old regions: 1->1
[2025-11-06T12:04:08.303+0700][17.950s][info][gc,heap     ] GC(198) Archive regions: 0->0
[2025-11-06T12:04:08.303+0700][17.950s][info][gc,heap     ] GC(198) Humongous regions: 900->900
[2025-11-06T12:04:08.303+0700][17.950s][info][gc,metaspace] GC(198) Metaspace: 9471K(9728K)->9471K(9728K) NonClass: 8331K(8448K)->8331K(8448K) Class: 1140K(1280K)->1140K(1280K)
[2025-11-06T12:04:08.303+0700][17.950s][info][gc          ] GC(198) Pause Young (Concurrent Start) (G1 Humongous Allocation) 3604M->3602M(5968M) 0.712ms
[2025-11-06T12:04:08.303+0700][17.950s][info][gc,cpu      ] GC(198) User=0.00s Sys=0.00s Real=0.00s
[2025-11-06T12:04:08.303+0700][17.950s][info][gc          ] GC(199) Concurrent Mark Cycle
[2025-11-06T12:04:08.303+0700][17.950s][info][gc,marking  ] GC(199) Concurrent Clear Claimed Marks
[2025-11-06T12:04:08.303+0700][17.950s][info][gc,marking  ] GC(199) Concurrent Clear Claimed Marks 0.007ms
[2025-11-06T12:04:08.303+0700][17.950s][info][gc,marking  ] GC(199) Concurrent Scan Root Regions
[2025-11-06T12:04:08.303+0700][17.950s][info][gc,marking  ] GC(199) Concurrent Scan Root Regions 0.005ms
[2025-11-06T12:04:08.303+0700][17.950s][info][gc,marking  ] GC(199) Concurrent Mark
[2025-11-06T12:04:08.303+0700][17.950s][info][gc,marking  ] GC(199) Concurrent Mark From Roots
[2025-11-06T12:04:08.303+0700][17.950s][info][gc,task     ] GC(199) Using 5 workers of 5 for marking
[2025-11-06T12:04:08.306+0700][17.952s][info][gc,marking  ] GC(199) Concurrent Mark From Roots 2.210ms
[2025-11-06T12:04:08.306+0700][17.952s][info][gc,marking  ] GC(199) Concurrent Preclean
[2025-11-06T12:04:08.306+0700][17.953s][info][gc,marking  ] GC(199) Concurrent Preclean 0.112ms
[2025-11-06T12:04:08.306+0700][17.953s][info][gc,start    ] GC(199) Pause Remark
[2025-11-06T12:04:08.307+0700][17.954s][info][gc          ] GC(199) Pause Remark 3614M->3614M(6028M) 0.584ms
[2025-11-06T12:04:08.307+0700][17.954s][info][gc,cpu      ] GC(199) User=0.00s Sys=0.00s Real=0.00s
[2025-11-06T12:04:08.307+0700][17.954s][info][gc,marking  ] GC(199) Concurrent Mark 3.466ms
[2025-11-06T12:04:08.307+0700][17.954s][info][gc,marking  ] GC(199) Concurrent Rebuild Remembered Sets
[2025-11-06T12:04:08.308+0700][17.955s][info][gc,marking  ] GC(199) Concurrent Rebuild Remembered Sets 1.100ms
[2025-11-06T12:04:08.319+0700][17.965s][info][gc,start    ] GC(199) Pause Cleanup
[2025-11-06T12:04:08.319+0700][17.966s][info][gc          ] GC(199) Pause Cleanup 3626M->3626M(6028M) 0.239ms
[2025-11-06T12:04:08.319+0700][17.966s][info][gc,cpu      ] GC(199) User=0.00s Sys=0.00s Real=0.00s
[2025-11-06T12:04:08.319+0700][17.966s][info][gc,marking  ] GC(199) Concurrent Cleanup for Next Mark
[2025-11-06T12:04:08.324+0700][17.971s][info][gc,marking  ] GC(199) Concurrent Cleanup for Next Mark 5.609ms
[2025-11-06T12:04:08.325+0700][17.971s][info][gc          ] GC(199) Concurrent Mark Cycle 21.205ms
[2025-11-06T12:04:08.328+0700][17.975s][info][gc,start    ] GC(200) Pause Young (Concurrent Start) (G1 Humongous Allocation)
[2025-11-06T12:04:08.328+0700][17.975s][info][gc,task     ] GC(200) Using 20 workers of 20 for evacuation
[2025-11-06T12:04:08.329+0700][17.976s][info][gc,phases   ] GC(200)   Pre Evacuate Collection Set: 0.1ms
[2025-11-06T12:04:08.329+0700][17.976s][info][gc,phases   ] GC(200)   Merge Heap Roots: 0.2ms
[2025-11-06T12:04:08.329+0700][17.976s][info][gc,phases   ] GC(200)   Evacuate Collection Set: 0.1ms
[2025-11-06T12:04:08.329+0700][17.976s][info][gc,phases   ] GC(200)   Post Evacuate Collection Set: 0.1ms
[2025-11-06T12:04:08.329+0700][17.976s][info][gc,phases   ] GC(200)   Other: 0.1ms
[2025-11-06T12:04:08.329+0700][17.976s][info][gc,heap     ] GC(200) Eden regions: 0->0(442)
[2025-11-06T12:04:08.329+0700][17.976s][info][gc,heap     ] GC(200) Survivor regions: 0->0(55)
[2025-11-06T12:04:08.329+0700][17.976s][info][gc,heap     ] GC(200) Old regions: 1->1
[2025-11-06T12:04:08.329+0700][17.976s][info][gc,heap     ] GC(200) Archive regions: 0->0
[2025-11-06T12:04:08.329+0700][17.976s][info][gc,heap     ] GC(200) Humongous regions: 912->912
[2025-11-06T12:04:08.329+0700][17.976s][info][gc,metaspace] GC(200) Metaspace: 9471K(9728K)->9471K(9728K) NonClass: 8331K(8448K)->8331K(8448K) Class: 1140K(1280K)->1140K(1280K)
[2025-11-06T12:04:08.329+0700][17.976s][info][gc          ] GC(200) Pause Young (Concurrent Start) (G1 Humongous Allocation) 3650M->3650M(6028M) 0.692ms
[2025-11-06T12:04:08.329+0700][17.976s][info][gc,cpu      ] GC(200) User=0.00s Sys=0.00s Real=0.00s
[2025-11-06T12:04:08.329+0700][17.976s][info][gc          ] GC(201) Concurrent Mark Cycle
[2025-11-06T12:04:08.329+0700][17.976s][info][gc,marking  ] GC(201) Concurrent Clear Claimed Marks
[2025-11-06T12:04:08.329+0700][17.976s][info][gc,marking  ] GC(201) Concurrent Clear Claimed Marks 0.008ms
[2025-11-06T12:04:08.329+0700][17.976s][info][gc,marking  ] GC(201) Concurrent Scan Root Regions
[2025-11-06T12:04:08.329+0700][17.976s][info][gc,marking  ] GC(201) Concurrent Scan Root Regions 0.006ms
[2025-11-06T12:04:08.329+0700][17.976s][info][gc,marking  ] GC(201) Concurrent Mark
[2025-11-06T12:04:08.329+0700][17.976s][info][gc,marking  ] GC(201) Concurrent Mark From Roots
[2025-11-06T12:04:08.329+0700][17.976s][info][gc,task     ] GC(201) Using 5 workers of 5 for marking
[2025-11-06T12:04:08.331+0700][17.978s][info][gc,marking  ] GC(201) Concurrent Mark From Roots 2.257ms
[2025-11-06T12:04:08.331+0700][17.978s][info][gc,marking  ] GC(201) Concurrent Preclean
[2025-11-06T12:04:08.332+0700][17.978s][info][gc,marking  ] GC(201) Concurrent Preclean 0.111ms
[2025-11-06T12:04:08.332+0700][17.979s][info][gc,start    ] GC(201) Pause Remark
[2025-11-06T12:04:08.333+0700][17.980s][info][gc          ] GC(201) Pause Remark 3662M->3662M(6108M) 0.716ms
[2025-11-06T12:04:08.333+0700][17.980s][info][gc,cpu      ] GC(201) User=0.00s Sys=0.00s Real=0.00s
[2025-11-06T12:04:08.333+0700][17.980s][info][gc,marking  ] GC(201) Concurrent Mark 3.959ms
[2025-11-06T12:04:08.333+0700][17.980s][info][gc,marking  ] GC(201) Concurrent Rebuild Remembered Sets
[2025-11-06T12:04:08.334+0700][17.981s][info][gc,marking  ] GC(201) Concurrent Rebuild Remembered Sets 1.132ms
[2025-11-06T12:04:08.351+0700][17.997s][info][gc,start    ] GC(201) Pause Cleanup
[2025-11-06T12:04:08.351+0700][17.998s][info][gc          ] GC(201) Pause Cleanup 3674M->3674M(6108M) 0.219ms
[2025-11-06T12:04:08.351+0700][17.998s][info][gc,cpu      ] GC(201) User=0.00s Sys=0.00s Real=0.00s
[2025-11-06T12:04:08.351+0700][17.998s][info][gc,marking  ] GC(201) Concurrent Cleanup for Next Mark
[2025-11-06T12:04:08.358+0700][18.005s][info][gc,marking  ] GC(201) Concurrent Cleanup for Next Mark 7.348ms
[2025-11-06T12:04:08.358+0700][18.005s][info][gc          ] GC(201) Concurrent Mark Cycle 29.250ms
[2025-11-06T12:04:08.359+0700][18.005s][info][gc,start    ] GC(202) Pause Young (Concurrent Start) (G1 Humongous Allocation)
[2025-11-06T12:04:08.359+0700][18.005s][info][gc,task     ] GC(202) Using 20 workers of 20 for evacuation
[2025-11-06T12:04:08.360+0700][18.006s][info][gc,phases   ] GC(202)   Pre Evacuate Collection Set: 0.1ms
[2025-11-06T12:04:08.360+0700][18.006s][info][gc,phases   ] GC(202)   Merge Heap Roots: 0.2ms
[2025-11-06T12:04:08.360+0700][18.007s][info][gc,phases   ] GC(202)   Evacuate Collection Set: 0.2ms
[2025-11-06T12:04:08.360+0700][18.007s][info][gc,phases   ] GC(202)   Post Evacuate Collection Set: 0.2ms
[2025-11-06T12:04:08.360+0700][18.007s][info][gc,phases   ] GC(202)   Other: 0.3ms
[2025-11-06T12:04:08.360+0700][18.007s][info][gc,heap     ] GC(202) Eden regions: 0->0(451)
[2025-11-06T12:04:08.360+0700][18.007s][info][gc,heap     ] GC(202) Survivor regions: 0->0(56)
[2025-11-06T12:04:08.360+0700][18.007s][info][gc,heap     ] GC(202) Old regions: 1->1
[2025-11-06T12:04:08.360+0700][18.007s][info][gc,heap     ] GC(202) Archive regions: 0->0
[2025-11-06T12:04:08.360+0700][18.007s][info][gc,heap     ] GC(202) Humongous regions: 921->921
[2025-11-06T12:04:08.360+0700][18.007s][info][gc,metaspace] GC(202) Metaspace: 9471K(9728K)->9471K(9728K) NonClass: 8331K(8448K)->8331K(8448K) Class: 1140K(1280K)->1140K(1280K)
[2025-11-06T12:04:08.360+0700][18.007s][info][gc          ] GC(202) Pause Young (Concurrent Start) (G1 Humongous Allocation) 3686M->3686M(6108M) 1.202ms
[2025-11-06T12:04:08.360+0700][18.007s][info][gc,cpu      ] GC(202) User=0.00s Sys=0.00s Real=0.00s
[2025-11-06T12:04:08.360+0700][18.007s][info][gc          ] GC(203) Concurrent Mark Cycle
[2025-11-06T12:04:08.360+0700][18.007s][info][gc,marking  ] GC(203) Concurrent Clear Claimed Marks
[2025-11-06T12:04:08.360+0700][18.007s][info][gc,marking  ] GC(203) Concurrent Clear Claimed Marks 0.007ms
[2025-11-06T12:04:08.360+0700][18.007s][info][gc,marking  ] GC(203) Concurrent Scan Root Regions
[2025-11-06T12:04:08.360+0700][18.007s][info][gc,marking  ] GC(203) Concurrent Scan Root Regions 0.006ms
[2025-11-06T12:04:08.360+0700][18.007s][info][gc,marking  ] GC(203) Concurrent Mark
[2025-11-06T12:04:08.360+0700][18.007s][info][gc,marking  ] GC(203) Concurrent Mark From Roots
[2025-11-06T12:04:08.360+0700][18.007s][info][gc,task     ] GC(203) Using 5 workers of 5 for marking
[2025-11-06T12:04:08.363+0700][18.010s][info][gc,marking  ] GC(203) Concurrent Mark From Roots 3.423ms
[2025-11-06T12:04:08.363+0700][18.010s][info][gc,marking  ] GC(203) Concurrent Preclean
[2025-11-06T12:04:08.364+0700][18.010s][info][gc,marking  ] GC(203) Concurrent Preclean 0.108ms
[2025-11-06T12:04:08.364+0700][18.011s][info][gc,start    ] GC(203) Pause Remark
[2025-11-06T12:04:08.365+0700][18.012s][info][gc          ] GC(203) Pause Remark 3698M->3698M(6168M) 0.978ms
[2025-11-06T12:04:08.365+0700][18.012s][info][gc,cpu      ] GC(203) User=0.00s Sys=0.00s Real=0.00s
[2025-11-06T12:04:08.365+0700][18.012s][info][gc,marking  ] GC(203) Concurrent Mark 5.052ms
[2025-11-06T12:04:08.365+0700][18.012s][info][gc,marking  ] GC(203) Concurrent Rebuild Remembered Sets
[2025-11-06T12:04:08.367+0700][18.014s][info][gc,marking  ] GC(203) Concurrent Rebuild Remembered Sets 1.985ms
[2025-11-06T12:04:08.383+0700][18.029s][info][gc,start    ] GC(203) Pause Cleanup
[2025-11-06T12:04:08.383+0700][18.029s][info][gc          ] GC(203) Pause Cleanup 3710M->3710M(6168M) 0.181ms
[2025-11-06T12:04:08.383+0700][18.029s][info][gc,cpu      ] GC(203) User=0.00s Sys=0.00s Real=0.00s
[2025-11-06T12:04:08.383+0700][18.029s][info][gc,marking  ] GC(203) Concurrent Cleanup for Next Mark
[2025-11-06T12:04:08.389+0700][18.035s][info][gc,marking  ] GC(203) Concurrent Cleanup for Next Mark 6.148ms
[2025-11-06T12:04:08.389+0700][18.035s][info][gc          ] GC(203) Concurrent Mark Cycle 28.780ms
[2025-11-06T12:04:08.895+0700][18.541s][info][gc,start    ] GC(204) Pause Young (Concurrent Start) (G1 Humongous Allocation)
[2025-11-06T12:04:08.895+0700][18.541s][info][gc,task     ] GC(204) Using 20 workers of 20 for evacuation
[2025-11-06T12:04:08.895+0700][18.542s][info][gc,phases   ] GC(204)   Pre Evacuate Collection Set: 0.1ms
[2025-11-06T12:04:08.895+0700][18.542s][info][gc,phases   ] GC(204)   Merge Heap Roots: 0.2ms
[2025-11-06T12:04:08.895+0700][18.542s][info][gc,phases   ] GC(204)   Evacuate Collection Set: 0.2ms
[2025-11-06T12:04:08.895+0700][18.542s][info][gc,phases   ] GC(204)   Post Evacuate Collection Set: 0.1ms
[2025-11-06T12:04:08.895+0700][18.542s][info][gc,phases   ] GC(204)   Other: 0.2ms
[2025-11-06T12:04:08.895+0700][18.542s][info][gc,heap     ] GC(204) Eden regions: 1->0(455)
[2025-11-06T12:04:08.895+0700][18.542s][info][gc,heap     ] GC(204) Survivor regions: 0->0(57)
[2025-11-06T12:04:08.895+0700][18.542s][info][gc,heap     ] GC(204) Old regions: 1->1
[2025-11-06T12:04:08.895+0700][18.542s][info][gc,heap     ] GC(204) Archive regions: 0->0
[2025-11-06T12:04:08.895+0700][18.542s][info][gc,heap     ] GC(204) Humongous regions: 930->930
[2025-11-06T12:04:08.895+0700][18.542s][info][gc,metaspace] GC(204) Metaspace: 9471K(9728K)->9471K(9728K) NonClass: 8331K(8448K)->8331K(8448K) Class: 1140K(1280K)->1140K(1280K)
[2025-11-06T12:04:08.896+0700][18.542s][info][gc          ] GC(204) Pause Young (Concurrent Start) (G1 Humongous Allocation) 3724M->3722M(6168M) 0.912ms
[2025-11-06T12:04:08.896+0700][18.542s][info][gc,cpu      ] GC(204) User=0.00s Sys=0.00s Real=0.00s
[2025-11-06T12:04:08.896+0700][18.542s][info][gc          ] GC(205) Concurrent Mark Cycle
[2025-11-06T12:04:08.896+0700][18.542s][info][gc,marking  ] GC(205) Concurrent Clear Claimed Marks
[2025-11-06T12:04:08.896+0700][18.542s][info][gc,marking  ] GC(205) Concurrent Clear Claimed Marks 0.014ms
[2025-11-06T12:04:08.896+0700][18.542s][info][gc,marking  ] GC(205) Concurrent Scan Root Regions
[2025-11-06T12:04:08.896+0700][18.542s][info][gc,marking  ] GC(205) Concurrent Scan Root Regions 0.014ms
[2025-11-06T12:04:08.896+0700][18.542s][info][gc,marking  ] GC(205) Concurrent Mark
[2025-11-06T12:04:08.896+0700][18.542s][info][gc,marking  ] GC(205) Concurrent Mark From Roots
[2025-11-06T12:04:08.896+0700][18.542s][info][gc,task     ] GC(205) Using 5 workers of 5 for marking
[2025-11-06T12:04:08.898+0700][18.544s][info][gc,marking  ] GC(205) Concurrent Mark From Roots 2.237ms
[2025-11-06T12:04:08.898+0700][18.544s][info][gc,marking  ] GC(205) Concurrent Preclean
[2025-11-06T12:04:08.898+0700][18.544s][info][gc,marking  ] GC(205) Concurrent Preclean 0.170ms
[2025-11-06T12:04:08.899+0700][18.545s][info][gc,start    ] GC(205) Pause Remark
[2025-11-06T12:04:08.900+0700][18.546s][info][gc          ] GC(205) Pause Remark 3734M->3734M(6228M) 0.741ms
[2025-11-06T12:04:08.900+0700][18.546s][info][gc,cpu      ] GC(205) User=0.00s Sys=0.00s Real=0.00s
[2025-11-06T12:04:08.900+0700][18.546s][info][gc,marking  ] GC(205) Concurrent Mark 4.098ms
[2025-11-06T12:04:08.900+0700][18.546s][info][gc,marking  ] GC(205) Concurrent Rebuild Remembered Sets
[2025-11-06T12:04:08.901+0700][18.547s][info][gc,marking  ] GC(205) Concurrent Rebuild Remembered Sets 1.109ms
[2025-11-06T12:04:08.906+0700][18.552s][info][gc,start    ] GC(205) Pause Cleanup
[2025-11-06T12:04:08.906+0700][18.552s][info][gc          ] GC(205) Pause Cleanup 3746M->3746M(6228M) 0.329ms
[2025-11-06T12:04:08.906+0700][18.552s][info][gc,cpu      ] GC(205) User=0.00s Sys=0.00s Real=0.00s
[2025-11-06T12:04:08.906+0700][18.552s][info][gc,marking  ] GC(205) Concurrent Cleanup for Next Mark
[2025-11-06T12:04:08.912+0700][18.558s][info][gc,marking  ] GC(205) Concurrent Cleanup for Next Mark 5.659ms
[2025-11-06T12:04:08.912+0700][18.558s][info][gc          ] GC(205) Concurrent Mark Cycle 16.263ms
[2025-11-06T12:04:08.913+0700][18.559s][info][gc,start    ] GC(206) Pause Young (Concurrent Start) (G1 Humongous Allocation)
[2025-11-06T12:04:08.913+0700][18.559s][info][gc,task     ] GC(206) Using 20 workers of 20 for evacuation
[2025-11-06T12:04:08.914+0700][18.560s][info][gc,phases   ] GC(206)   Pre Evacuate Collection Set: 0.1ms
[2025-11-06T12:04:08.914+0700][18.560s][info][gc,phases   ] GC(206)   Merge Heap Roots: 0.2ms
[2025-11-06T12:04:08.914+0700][18.560s][info][gc,phases   ] GC(206)   Evacuate Collection Set: 0.2ms
[2025-11-06T12:04:08.914+0700][18.560s][info][gc,phases   ] GC(206)   Post Evacuate Collection Set: 0.1ms
[2025-11-06T12:04:08.914+0700][18.560s][info][gc,phases   ] GC(206)   Other: 0.2ms
[2025-11-06T12:04:08.914+0700][18.560s][info][gc,heap     ] GC(206) Eden regions: 0->0(460)
[2025-11-06T12:04:08.914+0700][18.560s][info][gc,heap     ] GC(206) Survivor regions: 0->0(57)
[2025-11-06T12:04:08.914+0700][18.560s][info][gc,heap     ] GC(206) Old regions: 1->1
[2025-11-06T12:04:08.914+0700][18.560s][info][gc,heap     ] GC(206) Archive regions: 0->0
[2025-11-06T12:04:08.914+0700][18.560s][info][gc,heap     ] GC(206) Humongous regions: 939->939
[2025-11-06T12:04:08.914+0700][18.560s][info][gc,metaspace] GC(206) Metaspace: 9471K(9728K)->9471K(9728K) NonClass: 8331K(8448K)->8331K(8448K) Class: 1140K(1280K)->1140K(1280K)
[2025-11-06T12:04:08.914+0700][18.560s][info][gc          ] GC(206) Pause Young (Concurrent Start) (G1 Humongous Allocation) 3758M->3758M(6228M) 0.869ms
[2025-11-06T12:04:08.914+0700][18.560s][info][gc,cpu      ] GC(206) User=0.00s Sys=0.00s Real=0.00s
[2025-11-06T12:04:08.914+0700][18.560s][info][gc          ] GC(207) Concurrent Mark Cycle
[2025-11-06T12:04:08.914+0700][18.560s][info][gc,marking  ] GC(207) Concurrent Clear Claimed Marks
[2025-11-06T12:04:08.914+0700][18.560s][info][gc,marking  ] GC(207) Concurrent Clear Claimed Marks 0.014ms
[2025-11-06T12:04:08.914+0700][18.560s][info][gc,marking  ] GC(207) Concurrent Scan Root Regions
[2025-11-06T12:04:08.914+0700][18.560s][info][gc,marking  ] GC(207) Concurrent Scan Root Regions 0.010ms
[2025-11-06T12:04:08.914+0700][18.560s][info][gc,marking  ] GC(207) Concurrent Mark
[2025-11-06T12:04:08.914+0700][18.560s][info][gc,marking  ] GC(207) Concurrent Mark From Roots
[2025-11-06T12:04:08.914+0700][18.560s][info][gc,task     ] GC(207) Using 5 workers of 5 for marking
[2025-11-06T12:04:08.916+0700][18.563s][info][gc,marking  ] GC(207) Concurrent Mark From Roots 2.449ms
[2025-11-06T12:04:08.916+0700][18.563s][info][gc,marking  ] GC(207) Concurrent Preclean
[2025-11-06T12:04:08.917+0700][18.563s][info][gc,marking  ] GC(207) Concurrent Preclean 0.157ms
[2025-11-06T12:04:08.921+0700][18.567s][info][gc,start    ] GC(207) Pause Remark
[2025-11-06T12:04:08.922+0700][18.568s][info][gc          ] GC(207) Pause Remark 3770M->3770M(6288M) 0.945ms
[2025-11-06T12:04:08.922+0700][18.568s][info][gc,cpu      ] GC(207) User=0.00s Sys=0.00s Real=0.00s
[2025-11-06T12:04:08.922+0700][18.568s][info][gc,marking  ] GC(207) Concurrent Mark 7.642ms
[2025-11-06T12:04:08.922+0700][18.568s][info][gc,marking  ] GC(207) Concurrent Rebuild Remembered Sets
[2025-11-06T12:04:08.923+0700][18.569s][info][gc,marking  ] GC(207) Concurrent Rebuild Remembered Sets 1.202ms
[2025-11-06T12:04:08.937+0700][18.583s][info][gc,start    ] GC(207) Pause Cleanup
[2025-11-06T12:04:08.937+0700][18.583s][info][gc          ] GC(207) Pause Cleanup 3782M->3782M(6288M) 0.208ms
[2025-11-06T12:04:08.937+0700][18.583s][info][gc,cpu      ] GC(207) User=0.00s Sys=0.00s Real=0.00s
[2025-11-06T12:04:08.937+0700][18.583s][info][gc,marking  ] GC(207) Concurrent Cleanup for Next Mark
[2025-11-06T12:04:08.942+0700][18.588s][info][gc,marking  ] GC(207) Concurrent Cleanup for Next Mark 5.342ms
[2025-11-06T12:04:08.942+0700][18.588s][info][gc          ] GC(207) Concurrent Mark Cycle 27.935ms
[2025-11-06T12:04:08.944+0700][18.590s][info][gc,start    ] GC(208) Pause Young (Concurrent Start) (G1 Humongous Allocation)
[2025-11-06T12:04:08.944+0700][18.590s][info][gc,task     ] GC(208) Using 20 workers of 20 for evacuation
[2025-11-06T12:04:08.944+0700][18.590s][info][gc,phases   ] GC(208)   Pre Evacuate Collection Set: 0.1ms
[2025-11-06T12:04:08.944+0700][18.590s][info][gc,phases   ] GC(208)   Merge Heap Roots: 0.1ms
[2025-11-06T12:04:08.944+0700][18.590s][info][gc,phases   ] GC(208)   Evacuate Collection Set: 0.1ms
[2025-11-06T12:04:08.944+0700][18.590s][info][gc,phases   ] GC(208)   Post Evacuate Collection Set: 0.1ms
[2025-11-06T12:04:08.944+0700][18.590s][info][gc,phases   ] GC(208)   Other: 0.2ms
[2025-11-06T12:04:08.944+0700][18.590s][info][gc,heap     ] GC(208) Eden regions: 0->0(464)
[2025-11-06T12:04:08.944+0700][18.590s][info][gc,heap     ] GC(208) Survivor regions: 0->0(58)
[2025-11-06T12:04:08.944+0700][18.590s][info][gc,heap     ] GC(208) Old regions: 1->1
[2025-11-06T12:04:08.944+0700][18.590s][info][gc,heap     ] GC(208) Archive regions: 0->0
[2025-11-06T12:04:08.944+0700][18.590s][info][gc,heap     ] GC(208) Humongous regions: 948->948
[2025-11-06T12:04:08.944+0700][18.590s][info][gc,metaspace] GC(208) Metaspace: 9471K(9728K)->9471K(9728K) NonClass: 8331K(8448K)->8331K(8448K) Class: 1140K(1280K)->1140K(1280K)
[2025-11-06T12:04:08.944+0700][18.590s][info][gc          ] GC(208) Pause Young (Concurrent Start) (G1 Humongous Allocation) 3794M->3794M(6288M) 0.694ms
[2025-11-06T12:04:08.944+0700][18.590s][info][gc,cpu      ] GC(208) User=0.00s Sys=0.00s Real=0.00s
[2025-11-06T12:04:08.944+0700][18.590s][info][gc          ] GC(209) Concurrent Mark Cycle
[2025-11-06T12:04:08.944+0700][18.590s][info][gc,marking  ] GC(209) Concurrent Clear Claimed Marks
[2025-11-06T12:04:08.944+0700][18.590s][info][gc,marking  ] GC(209) Concurrent Clear Claimed Marks 0.007ms
[2025-11-06T12:04:08.944+0700][18.590s][info][gc,marking  ] GC(209) Concurrent Scan Root Regions
[2025-11-06T12:04:08.944+0700][18.590s][info][gc,marking  ] GC(209) Concurrent Scan Root Regions 0.006ms
[2025-11-06T12:04:08.944+0700][18.590s][info][gc,marking  ] GC(209) Concurrent Mark
[2025-11-06T12:04:08.944+0700][18.590s][info][gc,marking  ] GC(209) Concurrent Mark From Roots
[2025-11-06T12:04:08.944+0700][18.590s][info][gc,task     ] GC(209) Using 5 workers of 5 for marking
[2025-11-06T12:04:08.947+0700][18.593s][info][gc,marking  ] GC(209) Concurrent Mark From Roots 2.244ms
[2025-11-06T12:04:08.947+0700][18.593s][info][gc,marking  ] GC(209) Concurrent Preclean
[2025-11-06T12:04:08.947+0700][18.593s][info][gc,marking  ] GC(209) Concurrent Preclean 0.102ms
[2025-11-06T12:04:08.948+0700][18.594s][info][gc,start    ] GC(209) Pause Remark
[2025-11-06T12:04:08.948+0700][18.594s][info][gc          ] GC(209) Pause Remark 3806M->3806M(6348M) 0.641ms
[2025-11-06T12:04:08.948+0700][18.594s][info][gc,cpu      ] GC(209) User=0.00s Sys=0.00s Real=0.00s
[2025-11-06T12:04:08.948+0700][18.594s][info][gc,marking  ] GC(209) Concurrent Mark 4.048ms
[2025-11-06T12:04:08.948+0700][18.594s][info][gc,marking  ] GC(209) Concurrent Rebuild Remembered Sets
[2025-11-06T12:04:08.950+0700][18.596s][info][gc,marking  ] GC(209) Concurrent Rebuild Remembered Sets 1.153ms
[2025-11-06T12:04:08.952+0700][18.598s][info][gc,start    ] GC(209) Pause Cleanup
[2025-11-06T12:04:08.952+0700][18.598s][info][gc          ] GC(209) Pause Cleanup 3818M->3818M(6348M) 0.295ms
[2025-11-06T12:04:08.952+0700][18.598s][info][gc,cpu      ] GC(209) User=0.00s Sys=0.00s Real=0.00s
[2025-11-06T12:04:08.952+0700][18.598s][info][gc,marking  ] GC(209) Concurrent Cleanup for Next Mark
[2025-11-06T12:04:08.959+0700][18.605s][info][gc,marking  ] GC(209) Concurrent Cleanup for Next Mark 6.612ms
[2025-11-06T12:04:08.959+0700][18.605s][info][gc          ] GC(209) Concurrent Mark Cycle 14.779ms
[2025-11-06T12:04:09.464+0700][19.110s][info][gc,start    ] GC(210) Pause Young (Concurrent Start) (G1 Humongous Allocation)
[2025-11-06T12:04:09.464+0700][19.110s][info][gc,task     ] GC(210) Using 20 workers of 20 for evacuation
[2025-11-06T12:04:09.464+0700][19.111s][info][gc,phases   ] GC(210)   Pre Evacuate Collection Set: 0.1ms
[2025-11-06T12:04:09.464+0700][19.111s][info][gc,phases   ] GC(210)   Merge Heap Roots: 0.2ms
[2025-11-06T12:04:09.464+0700][19.111s][info][gc,phases   ] GC(210)   Evacuate Collection Set: 0.1ms
[2025-11-06T12:04:09.464+0700][19.111s][info][gc,phases   ] GC(210)   Post Evacuate Collection Set: 0.1ms
[2025-11-06T12:04:09.464+0700][19.111s][info][gc,phases   ] GC(210)   Other: 0.2ms
[2025-11-06T12:04:09.464+0700][19.111s][info][gc,heap     ] GC(210) Eden regions: 1->0(466)
[2025-11-06T12:04:09.464+0700][19.111s][info][gc,heap     ] GC(210) Survivor regions: 0->0(58)
[2025-11-06T12:04:09.464+0700][19.111s][info][gc,heap     ] GC(210) Old regions: 1->1
[2025-11-06T12:04:09.464+0700][19.111s][info][gc,heap     ] GC(210) Archive regions: 0->0
[2025-11-06T12:04:09.464+0700][19.111s][info][gc,heap     ] GC(210) Humongous regions: 960->960
[2025-11-06T12:04:09.464+0700][19.111s][info][gc,metaspace] GC(210) Metaspace: 9471K(9728K)->9471K(9728K) NonClass: 8331K(8448K)->8331K(8448K) Class: 1140K(1280K)->1140K(1280K)
[2025-11-06T12:04:09.465+0700][19.111s][info][gc          ] GC(210) Pause Young (Concurrent Start) (G1 Humongous Allocation) 3844M->3842M(6348M) 0.842ms
[2025-11-06T12:04:09.465+0700][19.111s][info][gc,cpu      ] GC(210) User=0.00s Sys=0.00s Real=0.00s
[2025-11-06T12:04:09.465+0700][19.111s][info][gc          ] GC(211) Concurrent Mark Cycle
[2025-11-06T12:04:09.465+0700][19.111s][info][gc,marking  ] GC(211) Concurrent Clear Claimed Marks
[2025-11-06T12:04:09.465+0700][19.111s][info][gc,marking  ] GC(211) Concurrent Clear Claimed Marks 0.007ms
[2025-11-06T12:04:09.465+0700][19.111s][info][gc,marking  ] GC(211) Concurrent Scan Root Regions
[2025-11-06T12:04:09.465+0700][19.111s][info][gc,marking  ] GC(211) Concurrent Scan Root Regions 0.005ms
[2025-11-06T12:04:09.465+0700][19.111s][info][gc,marking  ] GC(211) Concurrent Mark
[2025-11-06T12:04:09.465+0700][19.111s][info][gc,marking  ] GC(211) Concurrent Mark From Roots
[2025-11-06T12:04:09.465+0700][19.111s][info][gc,task     ] GC(211) Using 5 workers of 5 for marking
[2025-11-06T12:04:09.467+0700][19.113s][info][gc,marking  ] GC(211) Concurrent Mark From Roots 2.149ms
[2025-11-06T12:04:09.467+0700][19.113s][info][gc,marking  ] GC(211) Concurrent Preclean
[2025-11-06T12:04:09.467+0700][19.113s][info][gc,marking  ] GC(211) Concurrent Preclean 0.169ms
[2025-11-06T12:04:09.467+0700][19.113s][info][gc,start    ] GC(211) Pause Remark
[2025-11-06T12:04:09.468+0700][19.114s][info][gc          ] GC(211) Pause Remark 3854M->3854M(6428M) 0.650ms
[2025-11-06T12:04:09.468+0700][19.114s][info][gc,cpu      ] GC(211) User=0.00s Sys=0.00s Real=0.00s
[2025-11-06T12:04:09.468+0700][19.114s][info][gc,marking  ] GC(211) Concurrent Mark 3.204ms
[2025-11-06T12:04:09.468+0700][19.114s][info][gc,marking  ] GC(211) Concurrent Rebuild Remembered Sets
[2025-11-06T12:04:09.469+0700][19.116s][info][gc,marking  ] GC(211) Concurrent Rebuild Remembered Sets 1.419ms
[2025-11-06T12:04:09.479+0700][19.125s][info][gc,start    ] GC(211) Pause Cleanup
[2025-11-06T12:04:09.479+0700][19.125s][info][gc          ] GC(211) Pause Cleanup 3866M->3866M(6428M) 0.168ms
[2025-11-06T12:04:09.479+0700][19.125s][info][gc,cpu      ] GC(211) User=0.00s Sys=0.00s Real=0.00s
[2025-11-06T12:04:09.479+0700][19.125s][info][gc,marking  ] GC(211) Concurrent Cleanup for Next Mark
[2025-11-06T12:04:09.486+0700][19.132s][info][gc,marking  ] GC(211) Concurrent Cleanup for Next Mark 7.019ms
[2025-11-06T12:04:09.486+0700][19.132s][info][gc          ] GC(211) Concurrent Mark Cycle 21.461ms
[2025-11-06T12:04:09.488+0700][19.135s][info][gc,start    ] GC(212) Pause Young (Concurrent Start) (G1 Humongous Allocation)
[2025-11-06T12:04:09.488+0700][19.135s][info][gc,task     ] GC(212) Using 20 workers of 20 for evacuation
[2025-11-06T12:04:09.489+0700][19.135s][info][gc,phases   ] GC(212)   Pre Evacuate Collection Set: 0.1ms
[2025-11-06T12:04:09.489+0700][19.135s][info][gc,phases   ] GC(212)   Merge Heap Roots: 0.2ms
[2025-11-06T12:04:09.489+0700][19.135s][info][gc,phases   ] GC(212)   Evacuate Collection Set: 0.1ms
[2025-11-06T12:04:09.489+0700][19.135s][info][gc,phases   ] GC(212)   Post Evacuate Collection Set: 0.1ms
[2025-11-06T12:04:09.489+0700][19.135s][info][gc,phases   ] GC(212)   Other: 0.1ms
[2025-11-06T12:04:09.489+0700][19.135s][info][gc,heap     ] GC(212) Eden regions: 0->0(472)
[2025-11-06T12:04:09.489+0700][19.135s][info][gc,heap     ] GC(212) Survivor regions: 0->0(59)
[2025-11-06T12:04:09.489+0700][19.135s][info][gc,heap     ] GC(212) Old regions: 1->1
[2025-11-06T12:04:09.489+0700][19.135s][info][gc,heap     ] GC(212) Archive regions: 0->0
[2025-11-06T12:04:09.489+0700][19.135s][info][gc,heap     ] GC(212) Humongous regions: 972->972
[2025-11-06T12:04:09.489+0700][19.135s][info][gc,metaspace] GC(212) Metaspace: 9471K(9728K)->9471K(9728K) NonClass: 8331K(8448K)->8331K(8448K) Class: 1140K(1280K)->1140K(1280K)
[2025-11-06T12:04:09.489+0700][19.135s][info][gc          ] GC(212) Pause Young (Concurrent Start) (G1 Humongous Allocation) 3890M->3890M(6428M) 0.766ms
[2025-11-06T12:04:09.489+0700][19.135s][info][gc,cpu      ] GC(212) User=0.00s Sys=0.00s Real=0.00s
[2025-11-06T12:04:09.489+0700][19.135s][info][gc          ] GC(213) Concurrent Mark Cycle
[2025-11-06T12:04:09.489+0700][19.135s][info][gc,marking  ] GC(213) Concurrent Clear Claimed Marks
[2025-11-06T12:04:09.489+0700][19.136s][info][gc,marking  ] GC(213) Concurrent Clear Claimed Marks 0.007ms
[2025-11-06T12:04:09.489+0700][19.136s][info][gc,marking  ] GC(213) Concurrent Scan Root Regions
[2025-11-06T12:04:09.489+0700][19.136s][info][gc,marking  ] GC(213) Concurrent Scan Root Regions 0.005ms
[2025-11-06T12:04:09.489+0700][19.136s][info][gc,marking  ] GC(213) Concurrent Mark
[2025-11-06T12:04:09.489+0700][19.136s][info][gc,marking  ] GC(213) Concurrent Mark From Roots
[2025-11-06T12:04:09.489+0700][19.136s][info][gc,task     ] GC(213) Using 5 workers of 5 for marking
[2025-11-06T12:04:09.492+0700][19.138s][info][gc,marking  ] GC(213) Concurrent Mark From Roots 2.628ms
[2025-11-06T12:04:09.492+0700][19.138s][info][gc,marking  ] GC(213) Concurrent Preclean
[2025-11-06T12:04:09.492+0700][19.138s][info][gc,marking  ] GC(213) Concurrent Preclean 0.161ms
[2025-11-06T12:04:09.492+0700][19.139s][info][gc,start    ] GC(213) Pause Remark
[2025-11-06T12:04:09.493+0700][19.140s][info][gc          ] GC(213) Pause Remark 3902M->3902M(6508M) 0.743ms
[2025-11-06T12:04:09.493+0700][19.140s][info][gc,cpu      ] GC(213) User=0.00s Sys=0.00s Real=0.00s
[2025-11-06T12:04:09.493+0700][19.140s][info][gc,marking  ] GC(213) Concurrent Mark 4.035ms
[2025-11-06T12:04:09.493+0700][19.140s][info][gc,marking  ] GC(213) Concurrent Rebuild Remembered Sets
[2025-11-06T12:04:09.494+0700][19.141s][info][gc,marking  ] GC(213) Concurrent Rebuild Remembered Sets 1.248ms
[2025-11-06T12:04:09.509+0700][19.155s][info][gc,start    ] GC(213) Pause Cleanup
[2025-11-06T12:04:09.509+0700][19.155s][info][gc          ] GC(213) Pause Cleanup 3914M->3914M(6508M) 0.195ms
[2025-11-06T12:04:09.509+0700][19.155s][info][gc,cpu      ] GC(213) User=0.00s Sys=0.00s Real=0.00s
[2025-11-06T12:04:09.509+0700][19.155s][info][gc,marking  ] GC(213) Concurrent Cleanup for Next Mark
[2025-11-06T12:04:09.516+0700][19.162s][info][gc,marking  ] GC(213) Concurrent Cleanup for Next Mark 6.596ms
[2025-11-06T12:04:09.516+0700][19.162s][info][gc          ] GC(213) Concurrent Mark Cycle 26.430ms
[2025-11-06T12:04:09.520+0700][19.166s][info][gc,start    ] GC(214) Pause Young (Concurrent Start) (G1 Humongous Allocation)
[2025-11-06T12:04:09.520+0700][19.166s][info][gc,task     ] GC(214) Using 20 workers of 20 for evacuation
[2025-11-06T12:04:09.521+0700][19.167s][info][gc,phases   ] GC(214)   Pre Evacuate Collection Set: 0.1ms
[2025-11-06T12:04:09.521+0700][19.167s][info][gc,phases   ] GC(214)   Merge Heap Roots: 0.1ms
[2025-11-06T12:04:09.521+0700][19.167s][info][gc,phases   ] GC(214)   Evacuate Collection Set: 0.1ms
[2025-11-06T12:04:09.521+0700][19.167s][info][gc,phases   ] GC(214)   Post Evacuate Collection Set: 0.1ms
[2025-11-06T12:04:09.521+0700][19.167s][info][gc,phases   ] GC(214)   Other: 0.2ms
[2025-11-06T12:04:09.521+0700][19.167s][info][gc,heap     ] GC(214) Eden regions: 0->0(478)
[2025-11-06T12:04:09.521+0700][19.167s][info][gc,heap     ] GC(214) Survivor regions: 0->0(59)
[2025-11-06T12:04:09.521+0700][19.167s][info][gc,heap     ] GC(214) Old regions: 1->1
[2025-11-06T12:04:09.521+0700][19.167s][info][gc,heap     ] GC(214) Archive regions: 0->0
[2025-11-06T12:04:09.521+0700][19.167s][info][gc,heap     ] GC(214) Humongous regions: 984->984
[2025-11-06T12:04:09.521+0700][19.167s][info][gc,metaspace] GC(214) Metaspace: 9471K(9728K)->9471K(9728K) NonClass: 8331K(8448K)->8331K(8448K) Class: 1140K(1280K)->1140K(1280K)
[2025-11-06T12:04:09.521+0700][19.167s][info][gc          ] GC(214) Pause Young (Concurrent Start) (G1 Humongous Allocation) 3938M->3938M(6508M) 0.700ms
[2025-11-06T12:04:09.521+0700][19.167s][info][gc,cpu      ] GC(214) User=0.00s Sys=0.00s Real=0.00s
[2025-11-06T12:04:09.521+0700][19.167s][info][gc          ] GC(215) Concurrent Mark Cycle
[2025-11-06T12:04:09.521+0700][19.167s][info][gc,marking  ] GC(215) Concurrent Clear Claimed Marks
[2025-11-06T12:04:09.521+0700][19.167s][info][gc,marking  ] GC(215) Concurrent Clear Claimed Marks 0.009ms
[2025-11-06T12:04:09.521+0700][19.167s][info][gc,marking  ] GC(215) Concurrent Scan Root Regions
[2025-11-06T12:04:09.521+0700][19.167s][info][gc,marking  ] GC(215) Concurrent Scan Root Regions 0.007ms
[2025-11-06T12:04:09.521+0700][19.167s][info][gc,marking  ] GC(215) Concurrent Mark
[2025-11-06T12:04:09.521+0700][19.167s][info][gc,marking  ] GC(215) Concurrent Mark From Roots
[2025-11-06T12:04:09.521+0700][19.167s][info][gc,task     ] GC(215) Using 5 workers of 5 for marking
[2025-11-06T12:04:09.525+0700][19.170s][info][gc,marking  ] GC(215) Concurrent Mark From Roots 3.442ms
[2025-11-06T12:04:09.525+0700][19.170s][info][gc,marking  ] GC(215) Concurrent Preclean
[2025-11-06T12:04:09.525+0700][19.171s][info][gc,marking  ] GC(215) Concurrent Preclean 0.105ms
[2025-11-06T12:04:09.540+0700][19.186s][info][gc,start    ] GC(215) Pause Remark
[2025-11-06T12:04:09.540+0700][19.186s][info][gc          ] GC(215) Pause Remark 3962M->3962M(6608M) 0.645ms
[2025-11-06T12:04:09.540+0700][19.186s][info][gc,cpu      ] GC(215) User=0.00s Sys=0.00s Real=0.00s
[2025-11-06T12:04:09.540+0700][19.186s][info][gc,marking  ] GC(215) Concurrent Mark 19.479ms
[2025-11-06T12:04:09.540+0700][19.187s][info][gc,marking  ] GC(215) Concurrent Rebuild Remembered Sets
[2025-11-06T12:04:09.541+0700][19.188s][info][gc,marking  ] GC(215) Concurrent Rebuild Remembered Sets 1.166ms
[2025-11-06T12:04:09.541+0700][19.188s][info][gc,start    ] GC(215) Pause Cleanup
[2025-11-06T12:04:09.541+0700][19.188s][info][gc          ] GC(215) Pause Cleanup 3964M->3964M(6608M) 0.087ms
[2025-11-06T12:04:09.541+0700][19.188s][info][gc,cpu      ] GC(215) User=0.00s Sys=0.00s Real=0.00s
[2025-11-06T12:04:09.541+0700][19.188s][info][gc,marking  ] GC(215) Concurrent Cleanup for Next Mark
[2025-11-06T12:04:09.547+0700][19.194s][info][gc,marking  ] GC(215) Concurrent Cleanup for Next Mark 5.926ms
[2025-11-06T12:04:09.547+0700][19.194s][info][gc          ] GC(215) Concurrent Mark Cycle 26.885ms
[2025-11-06T12:04:10.050+0700][19.696s][info][gc,start    ] GC(216) Pause Young (Concurrent Start) (G1 Humongous Allocation)
[2025-11-06T12:04:10.050+0700][19.696s][info][gc,task     ] GC(216) Using 20 workers of 20 for evacuation
[2025-11-06T12:04:10.050+0700][19.697s][info][gc,phases   ] GC(216)   Pre Evacuate Collection Set: 0.1ms
[2025-11-06T12:04:10.050+0700][19.697s][info][gc,phases   ] GC(216)   Merge Heap Roots: 0.1ms
[2025-11-06T12:04:10.050+0700][19.697s][info][gc,phases   ] GC(216)   Evacuate Collection Set: 0.2ms
[2025-11-06T12:04:10.050+0700][19.697s][info][gc,phases   ] GC(216)   Post Evacuate Collection Set: 0.1ms
[2025-11-06T12:04:10.050+0700][19.697s][info][gc,phases   ] GC(216)   Other: 0.2ms
[2025-11-06T12:04:10.050+0700][19.697s][info][gc,heap     ] GC(216) Eden regions: 1->0(494)
[2025-11-06T12:04:10.050+0700][19.697s][info][gc,heap     ] GC(216) Survivor regions: 0->0(60)
[2025-11-06T12:04:10.050+0700][19.697s][info][gc,heap     ] GC(216) Old regions: 1->1
[2025-11-06T12:04:10.050+0700][19.697s][info][gc,heap     ] GC(216) Archive regions: 0->0
[2025-11-06T12:04:10.050+0700][19.697s][info][gc,heap     ] GC(216) Humongous regions: 990->990
[2025-11-06T12:04:10.050+0700][19.697s][info][gc,metaspace] GC(216) Metaspace: 9471K(9728K)->9471K(9728K) NonClass: 8331K(8448K)->8331K(8448K) Class: 1140K(1280K)->1140K(1280K)
[2025-11-06T12:04:10.050+0700][19.697s][info][gc          ] GC(216) Pause Young (Concurrent Start) (G1 Humongous Allocation) 3964M->3962M(6608M) 0.834ms
[2025-11-06T12:04:10.051+0700][19.697s][info][gc,cpu      ] GC(216) User=0.00s Sys=0.00s Real=0.00s
[2025-11-06T12:04:10.051+0700][19.697s][info][gc          ] GC(217) Concurrent Mark Cycle
[2025-11-06T12:04:10.051+0700][19.697s][info][gc,marking  ] GC(217) Concurrent Clear Claimed Marks
[2025-11-06T12:04:10.051+0700][19.697s][info][gc,marking  ] GC(217) Concurrent Clear Claimed Marks 0.015ms
[2025-11-06T12:04:10.051+0700][19.697s][info][gc,marking  ] GC(217) Concurrent Scan Root Regions
[2025-11-06T12:04:10.051+0700][19.697s][info][gc,marking  ] GC(217) Concurrent Scan Root Regions 0.011ms
[2025-11-06T12:04:10.051+0700][19.697s][info][gc,marking  ] GC(217) Concurrent Mark
[2025-11-06T12:04:10.051+0700][19.697s][info][gc,marking  ] GC(217) Concurrent Mark From Roots
[2025-11-06T12:04:10.051+0700][19.697s][info][gc,task     ] GC(217) Using 5 workers of 5 for marking
[2025-11-06T12:04:10.053+0700][19.700s][info][gc,marking  ] GC(217) Concurrent Mark From Roots 2.400ms
[2025-11-06T12:04:10.053+0700][19.700s][info][gc,marking  ] GC(217) Concurrent Preclean
[2025-11-06T12:04:10.053+0700][19.700s][info][gc,marking  ] GC(217) Concurrent Preclean 0.108ms
[2025-11-06T12:04:10.065+0700][19.711s][info][gc,start    ] GC(217) Pause Remark
[2025-11-06T12:04:10.065+0700][19.712s][info][gc          ] GC(217) Pause Remark 3974M->3974M(6628M) 0.656ms
[2025-11-06T12:04:10.065+0700][19.712s][info][gc,cpu      ] GC(217) User=0.00s Sys=0.00s Real=0.00s
[2025-11-06T12:04:10.065+0700][19.712s][info][gc,marking  ] GC(217) Concurrent Mark 14.664ms
[2025-11-06T12:04:10.065+0700][19.712s][info][gc,marking  ] GC(217) Concurrent Rebuild Remembered Sets
[2025-11-06T12:04:10.066+0700][19.713s][info][gc,marking  ] GC(217) Concurrent Rebuild Remembered Sets 1.141ms
[2025-11-06T12:04:10.080+0700][19.726s][info][gc,start    ] GC(217) Pause Cleanup
[2025-11-06T12:04:10.080+0700][19.726s][info][gc          ] GC(217) Pause Cleanup 3986M->3986M(6628M) 0.194ms
[2025-11-06T12:04:10.080+0700][19.726s][info][gc,cpu      ] GC(217) User=0.00s Sys=0.00s Real=0.00s
[2025-11-06T12:04:10.080+0700][19.726s][info][gc,marking  ] GC(217) Concurrent Cleanup for Next Mark
[2025-11-06T12:04:10.087+0700][19.733s][info][gc,marking  ] GC(217) Concurrent Cleanup for Next Mark 7.018ms
[2025-11-06T12:04:10.087+0700][19.734s][info][gc          ] GC(217) Concurrent Mark Cycle 36.481ms
[2025-11-06T12:04:10.087+0700][19.734s][info][gc,start    ] GC(218) Pause Young (Concurrent Start) (G1 Humongous Allocation)
[2025-11-06T12:04:10.087+0700][19.734s][info][gc,task     ] GC(218) Using 20 workers of 20 for evacuation
[2025-11-06T12:04:10.088+0700][19.735s][info][gc,phases   ] GC(218)   Pre Evacuate Collection Set: 0.3ms
[2025-11-06T12:04:10.088+0700][19.735s][info][gc,phases   ] GC(218)   Merge Heap Roots: 0.2ms
[2025-11-06T12:04:10.088+0700][19.735s][info][gc,phases   ] GC(218)   Evacuate Collection Set: 0.2ms
[2025-11-06T12:04:10.088+0700][19.735s][info][gc,phases   ] GC(218)   Post Evacuate Collection Set: 0.1ms
[2025-11-06T12:04:10.088+0700][19.735s][info][gc,phases   ] GC(218)   Other: 0.3ms
[2025-11-06T12:04:10.088+0700][19.735s][info][gc,heap     ] GC(218) Eden regions: 0->0(490)
[2025-11-06T12:04:10.089+0700][19.735s][info][gc,heap     ] GC(218) Survivor regions: 0->0(62)
[2025-11-06T12:04:10.089+0700][19.735s][info][gc,heap     ] GC(218) Old regions: 1->1
[2025-11-06T12:04:10.089+0700][19.735s][info][gc,heap     ] GC(218) Archive regions: 0->0
[2025-11-06T12:04:10.089+0700][19.735s][info][gc,heap     ] GC(218) Humongous regions: 999->999
[2025-11-06T12:04:10.089+0700][19.735s][info][gc,metaspace] GC(218) Metaspace: 9471K(9728K)->9471K(9728K) NonClass: 8331K(8448K)->8331K(8448K) Class: 1140K(1280K)->1140K(1280K)
[2025-11-06T12:04:10.089+0700][19.735s][info][gc          ] GC(218) Pause Young (Concurrent Start) (G1 Humongous Allocation) 3998M->3998M(6628M) 1.180ms
[2025-11-06T12:04:10.089+0700][19.735s][info][gc,cpu      ] GC(218) User=0.00s Sys=0.00s Real=0.00s
[2025-11-06T12:04:10.089+0700][19.735s][info][gc          ] GC(219) Concurrent Mark Cycle
[2025-11-06T12:04:10.089+0700][19.735s][info][gc,marking  ] GC(219) Concurrent Clear Claimed Marks
[2025-11-06T12:04:10.089+0700][19.735s][info][gc,marking  ] GC(219) Concurrent Clear Claimed Marks 0.008ms
[2025-11-06T12:04:10.089+0700][19.735s][info][gc,marking  ] GC(219) Concurrent Scan Root Regions
[2025-11-06T12:04:10.089+0700][19.735s][info][gc,marking  ] GC(219) Concurrent Scan Root Regions 0.006ms
[2025-11-06T12:04:10.089+0700][19.735s][info][gc,marking  ] GC(219) Concurrent Mark
[2025-11-06T12:04:10.089+0700][19.735s][info][gc,marking  ] GC(219) Concurrent Mark From Roots
[2025-11-06T12:04:10.089+0700][19.735s][info][gc,task     ] GC(219) Using 5 workers of 5 for marking
[2025-11-06T12:04:10.091+0700][19.738s][info][gc,marking  ] GC(219) Concurrent Mark From Roots 2.627ms
[2025-11-06T12:04:10.091+0700][19.738s][info][gc,marking  ] GC(219) Concurrent Preclean
[2025-11-06T12:04:10.091+0700][19.738s][info][gc,marking  ] GC(219) Concurrent Preclean 0.105ms
[2025-11-06T12:04:10.092+0700][19.739s][info][gc,start    ] GC(219) Pause Remark
[2025-11-06T12:04:10.093+0700][19.740s][info][gc          ] GC(219) Pause Remark 4010M->4010M(6688M) 0.699ms
[2025-11-06T12:04:10.093+0700][19.740s][info][gc,cpu      ] GC(219) User=0.00s Sys=0.00s Real=0.00s
[2025-11-06T12:04:10.093+0700][19.740s][info][gc,marking  ] GC(219) Concurrent Mark 4.456ms
[2025-11-06T12:04:10.093+0700][19.740s][info][gc,marking  ] GC(219) Concurrent Rebuild Remembered Sets
[2025-11-06T12:04:10.094+0700][19.741s][info][gc,marking  ] GC(219) Concurrent Rebuild Remembered Sets 1.220ms
[2025-11-06T12:04:10.111+0700][19.757s][info][gc,start    ] GC(219) Pause Cleanup
[2025-11-06T12:04:10.111+0700][19.757s][info][gc          ] GC(219) Pause Cleanup 4022M->4022M(6688M) 0.233ms
[2025-11-06T12:04:10.111+0700][19.757s][info][gc,cpu      ] GC(219) User=0.00s Sys=0.00s Real=0.00s
[2025-11-06T12:04:10.111+0700][19.758s][info][gc,marking  ] GC(219) Concurrent Cleanup for Next Mark
[2025-11-06T12:04:10.117+0700][19.764s][info][gc,marking  ] GC(219) Concurrent Cleanup for Next Mark 6.190ms
[2025-11-06T12:04:10.117+0700][19.764s][info][gc          ] GC(219) Concurrent Mark Cycle 28.550ms
[2025-11-06T12:04:10.121+0700][19.768s][info][gc,start    ] GC(220) Pause Young (Concurrent Start) (G1 Humongous Allocation)
[2025-11-06T12:04:10.121+0700][19.768s][info][gc,task     ] GC(220) Using 20 workers of 20 for evacuation
[2025-11-06T12:04:10.122+0700][19.769s][info][gc,phases   ] GC(220)   Pre Evacuate Collection Set: 0.1ms
[2025-11-06T12:04:10.122+0700][19.769s][info][gc,phases   ] GC(220)   Merge Heap Roots: 0.1ms
[2025-11-06T12:04:10.122+0700][19.769s][info][gc,phases   ] GC(220)   Evacuate Collection Set: 0.2ms
[2025-11-06T12:04:10.122+0700][19.769s][info][gc,phases   ] GC(220)   Post Evacuate Collection Set: 0.1ms
[2025-11-06T12:04:10.122+0700][19.769s][info][gc,phases   ] GC(220)   Other: 0.2ms
[2025-11-06T12:04:10.122+0700][19.769s][info][gc,heap     ] GC(220) Eden regions: 0->0(491)
[2025-11-06T12:04:10.122+0700][19.769s][info][gc,heap     ] GC(220) Survivor regions: 0->0(62)
[2025-11-06T12:04:10.122+0700][19.769s][info][gc,heap     ] GC(220) Old regions: 1->1
[2025-11-06T12:04:10.122+0700][19.769s][info][gc,heap     ] GC(220) Archive regions: 0->0
[2025-11-06T12:04:10.122+0700][19.769s][info][gc,heap     ] GC(220) Humongous regions: 1011->1011
[2025-11-06T12:04:10.122+0700][19.769s][info][gc,metaspace] GC(220) Metaspace: 9471K(9728K)->9471K(9728K) NonClass: 8331K(8448K)->8331K(8448K) Class: 1140K(1280K)->1140K(1280K)
[2025-11-06T12:04:10.122+0700][19.769s][info][gc          ] GC(220) Pause Young (Concurrent Start) (G1 Humongous Allocation) 4046M->4046M(6688M) 0.749ms
[2025-11-06T12:04:10.122+0700][19.769s][info][gc,cpu      ] GC(220) User=0.00s Sys=0.00s Real=0.00s
[2025-11-06T12:04:10.122+0700][19.769s][info][gc          ] GC(221) Concurrent Mark Cycle
[2025-11-06T12:04:10.122+0700][19.769s][info][gc,marking  ] GC(221) Concurrent Clear Claimed Marks
[2025-11-06T12:04:10.122+0700][19.769s][info][gc,marking  ] GC(221) Concurrent Clear Claimed Marks 0.008ms
[2025-11-06T12:04:10.122+0700][19.769s][info][gc,marking  ] GC(221) Concurrent Scan Root Regions
[2025-11-06T12:04:10.122+0700][19.769s][info][gc,marking  ] GC(221) Concurrent Scan Root Regions 0.005ms
[2025-11-06T12:04:10.122+0700][19.769s][info][gc,marking  ] GC(221) Concurrent Mark
[2025-11-06T12:04:10.122+0700][19.769s][info][gc,marking  ] GC(221) Concurrent Mark From Roots
[2025-11-06T12:04:10.122+0700][19.769s][info][gc,task     ] GC(221) Using 5 workers of 5 for marking
[2025-11-06T12:04:10.124+0700][19.771s][info][gc,marking  ] GC(221) Concurrent Mark From Roots 2.265ms
[2025-11-06T12:04:10.124+0700][19.771s][info][gc,marking  ] GC(221) Concurrent Preclean
[2025-11-06T12:04:10.125+0700][19.771s][info][gc,marking  ] GC(221) Concurrent Preclean 0.111ms
[2025-11-06T12:04:10.125+0700][19.772s][info][gc,start    ] GC(221) Pause Remark
[2025-11-06T12:04:10.126+0700][19.772s][info][gc          ] GC(221) Pause Remark 4058M->4058M(6768M) 0.746ms
[2025-11-06T12:04:10.126+0700][19.772s][info][gc,cpu      ] GC(221) User=0.00s Sys=0.00s Real=0.00s
[2025-11-06T12:04:10.126+0700][19.772s][info][gc,marking  ] GC(221) Concurrent Mark 3.585ms
[2025-11-06T12:04:10.126+0700][19.772s][info][gc,marking  ] GC(221) Concurrent Rebuild Remembered Sets
[2025-11-06T12:04:10.127+0700][19.774s][info][gc,marking  ] GC(221) Concurrent Rebuild Remembered Sets 1.544ms
[2025-11-06T12:04:10.142+0700][19.788s][info][gc,start    ] GC(221) Pause Cleanup
[2025-11-06T12:04:10.142+0700][19.788s][info][gc          ] GC(221) Pause Cleanup 4070M->4070M(6768M) 0.211ms
[2025-11-06T12:04:10.142+0700][19.788s][info][gc,cpu      ] GC(221) User=0.00s Sys=0.00s Real=0.00s
[2025-11-06T12:04:10.142+0700][19.788s][info][gc,marking  ] GC(221) Concurrent Cleanup for Next Mark
[2025-11-06T12:04:10.148+0700][19.795s][info][gc,marking  ] GC(221) Concurrent Cleanup for Next Mark 6.537ms
[2025-11-06T12:04:10.148+0700][19.795s][info][gc          ] GC(221) Concurrent Mark Cycle 26.308ms
[2025-11-06T12:04:10.661+0700][20.307s][info][gc,start    ] GC(222) Pause Young (Concurrent Start) (G1 Humongous Allocation)
[2025-11-06T12:04:10.661+0700][20.308s][info][gc,task     ] GC(222) Using 20 workers of 20 for evacuation
[2025-11-06T12:04:10.662+0700][20.309s][info][gc,phases   ] GC(222)   Pre Evacuate Collection Set: 0.2ms
[2025-11-06T12:04:10.662+0700][20.309s][info][gc,phases   ] GC(222)   Merge Heap Roots: 0.2ms
[2025-11-06T12:04:10.662+0700][20.309s][info][gc,phases   ] GC(222)   Evacuate Collection Set: 0.2ms
[2025-11-06T12:04:10.662+0700][20.309s][info][gc,phases   ] GC(222)   Post Evacuate Collection Set: 0.2ms
[2025-11-06T12:04:10.662+0700][20.309s][info][gc,phases   ] GC(222)   Other: 0.4ms
[2025-11-06T12:04:10.662+0700][20.309s][info][gc,heap     ] GC(222) Eden regions: 1->0(500)
[2025-11-06T12:04:10.662+0700][20.309s][info][gc,heap     ] GC(222) Survivor regions: 0->0(62)
[2025-11-06T12:04:10.662+0700][20.309s][info][gc,heap     ] GC(222) Old regions: 1->1
[2025-11-06T12:04:10.662+0700][20.309s][info][gc,heap     ] GC(222) Archive regions: 0->0
[2025-11-06T12:04:10.662+0700][20.309s][info][gc,heap     ] GC(222) Humongous regions: 1020->1020
[2025-11-06T12:04:10.662+0700][20.309s][info][gc,metaspace] GC(222) Metaspace: 9471K(9728K)->9471K(9728K) NonClass: 8331K(8448K)->8331K(8448K) Class: 1140K(1280K)->1140K(1280K)
[2025-11-06T12:04:10.662+0700][20.309s][info][gc          ] GC(222) Pause Young (Concurrent Start) (G1 Humongous Allocation) 4084M->4082M(6768M) 1.389ms
[2025-11-06T12:04:10.662+0700][20.309s][info][gc,cpu      ] GC(222) User=0.00s Sys=0.00s Real=0.00s
[2025-11-06T12:04:10.662+0700][20.309s][info][gc          ] GC(223) Concurrent Mark Cycle
[2025-11-06T12:04:10.662+0700][20.309s][info][gc,marking  ] GC(223) Concurrent Clear Claimed Marks
[2025-11-06T12:04:10.662+0700][20.309s][info][gc,marking  ] GC(223) Concurrent Clear Claimed Marks 0.016ms
[2025-11-06T12:04:10.663+0700][20.309s][info][gc,marking  ] GC(223) Concurrent Scan Root Regions
[2025-11-06T12:04:10.663+0700][20.309s][info][gc,marking  ] GC(223) Concurrent Scan Root Regions 0.011ms
[2025-11-06T12:04:10.663+0700][20.309s][info][gc,marking  ] GC(223) Concurrent Mark
[2025-11-06T12:04:10.663+0700][20.309s][info][gc,marking  ] GC(223) Concurrent Mark From Roots
[2025-11-06T12:04:10.663+0700][20.309s][info][gc,task     ] GC(223) Using 5 workers of 5 for marking
[2025-11-06T12:04:10.666+0700][20.312s][info][gc,marking  ] GC(223) Concurrent Mark From Roots 3.030ms
[2025-11-06T12:04:10.666+0700][20.312s][info][gc,marking  ] GC(223) Concurrent Preclean
[2025-11-06T12:04:10.666+0700][20.312s][info][gc,marking  ] GC(223) Concurrent Preclean 0.172ms
[2025-11-06T12:04:10.674+0700][20.320s][info][gc,start    ] GC(223) Pause Remark
[2025-11-06T12:04:10.675+0700][20.321s][info][gc          ] GC(223) Pause Remark 4094M->4094M(6828M) 0.946ms
[2025-11-06T12:04:10.675+0700][20.321s][info][gc,cpu      ] GC(223) User=0.00s Sys=0.02s Real=0.00s
[2025-11-06T12:04:10.675+0700][20.321s][info][gc,marking  ] GC(223) Concurrent Mark 12.184ms
[2025-11-06T12:04:10.675+0700][20.321s][info][gc,marking  ] GC(223) Concurrent Rebuild Remembered Sets
[2025-11-06T12:04:10.676+0700][20.323s][info][gc,marking  ] GC(223) Concurrent Rebuild Remembered Sets 1.433ms
[2025-11-06T12:04:10.689+0700][20.335s][info][gc,start    ] GC(223) Pause Cleanup
[2025-11-06T12:04:10.689+0700][20.335s][info][gc          ] GC(223) Pause Cleanup 4106M->4106M(6828M) 0.360ms
[2025-11-06T12:04:10.689+0700][20.335s][info][gc,cpu      ] GC(223) User=0.00s Sys=0.00s Real=0.00s
[2025-11-06T12:04:10.689+0700][20.336s][info][gc,marking  ] GC(223) Concurrent Cleanup for Next Mark
[2025-11-06T12:04:10.699+0700][20.346s][info][gc,marking  ] GC(223) Concurrent Cleanup for Next Mark 10.346ms
[2025-11-06T12:04:10.700+0700][20.346s][info][gc          ] GC(223) Concurrent Mark Cycle 37.158ms
[2025-11-06T12:04:10.702+0700][20.348s][info][gc,start    ] GC(224) Pause Young (Concurrent Start) (G1 Humongous Allocation)
[2025-11-06T12:04:10.702+0700][20.348s][info][gc,task     ] GC(224) Using 20 workers of 20 for evacuation
[2025-11-06T12:04:10.703+0700][20.350s][info][gc,phases   ] GC(224)   Pre Evacuate Collection Set: 0.1ms
[2025-11-06T12:04:10.703+0700][20.350s][info][gc,phases   ] GC(224)   Merge Heap Roots: 0.4ms
[2025-11-06T12:04:10.703+0700][20.350s][info][gc,phases   ] GC(224)   Evacuate Collection Set: 0.5ms
[2025-11-06T12:04:10.703+0700][20.350s][info][gc,phases   ] GC(224)   Post Evacuate Collection Set: 0.1ms
[2025-11-06T12:04:10.703+0700][20.350s][info][gc,phases   ] GC(224)   Other: 0.3ms
[2025-11-06T12:04:10.703+0700][20.350s][info][gc,heap     ] GC(224) Eden regions: 0->0(502)
[2025-11-06T12:04:10.703+0700][20.350s][info][gc,heap     ] GC(224) Survivor regions: 0->0(63)
[2025-11-06T12:04:10.703+0700][20.350s][info][gc,heap     ] GC(224) Old regions: 1->1
[2025-11-06T12:04:10.703+0700][20.350s][info][gc,heap     ] GC(224) Archive regions: 0->0
[2025-11-06T12:04:10.703+0700][20.350s][info][gc,heap     ] GC(224) Humongous regions: 1032->1032
[2025-11-06T12:04:10.703+0700][20.350s][info][gc,metaspace] GC(224) Metaspace: 9471K(9728K)->9471K(9728K) NonClass: 8331K(8448K)->8331K(8448K) Class: 1140K(1280K)->1140K(1280K)
[2025-11-06T12:04:10.703+0700][20.350s][info][gc          ] GC(224) Pause Young (Concurrent Start) (G1 Humongous Allocation) 4130M->4130M(6828M) 1.508ms
[2025-11-06T12:04:10.703+0700][20.350s][info][gc,cpu      ] GC(224) User=0.00s Sys=0.00s Real=0.00s
[2025-11-06T12:04:10.703+0700][20.350s][info][gc          ] GC(225) Concurrent Mark Cycle
[2025-11-06T12:04:10.703+0700][20.350s][info][gc,marking  ] GC(225) Concurrent Clear Claimed Marks
[2025-11-06T12:04:10.703+0700][20.350s][info][gc,marking  ] GC(225) Concurrent Clear Claimed Marks 0.008ms
[2025-11-06T12:04:10.703+0700][20.350s][info][gc,marking  ] GC(225) Concurrent Scan Root Regions
[2025-11-06T12:04:10.703+0700][20.350s][info][gc,marking  ] GC(225) Concurrent Scan Root Regions 0.007ms
[2025-11-06T12:04:10.703+0700][20.350s][info][gc,marking  ] GC(225) Concurrent Mark
[2025-11-06T12:04:10.703+0700][20.350s][info][gc,marking  ] GC(225) Concurrent Mark From Roots
[2025-11-06T12:04:10.703+0700][20.350s][info][gc,task     ] GC(225) Using 5 workers of 5 for marking
[2025-11-06T12:04:10.706+0700][20.353s][info][gc,marking  ] GC(225) Concurrent Mark From Roots 2.954ms
[2025-11-06T12:04:10.706+0700][20.353s][info][gc,marking  ] GC(225) Concurrent Preclean
[2025-11-06T12:04:10.706+0700][20.353s][info][gc,marking  ] GC(225) Concurrent Preclean 0.106ms
[2025-11-06T12:04:10.707+0700][20.353s][info][gc,start    ] GC(225) Pause Remark
[2025-11-06T12:04:10.708+0700][20.354s][info][gc          ] GC(225) Pause Remark 4142M->4142M(6908M) 0.956ms
[2025-11-06T12:04:10.708+0700][20.354s][info][gc,cpu      ] GC(225) User=0.00s Sys=0.00s Real=0.00s
[2025-11-06T12:04:10.708+0700][20.354s][info][gc,marking  ] GC(225) Concurrent Mark 4.666ms
[2025-11-06T12:04:10.708+0700][20.354s][info][gc,marking  ] GC(225) Concurrent Rebuild Remembered Sets
[2025-11-06T12:04:10.709+0700][20.356s][info][gc,marking  ] GC(225) Concurrent Rebuild Remembered Sets 1.193ms
[2025-11-06T12:04:10.719+0700][20.365s][info][gc,start    ] GC(225) Pause Cleanup
[2025-11-06T12:04:10.719+0700][20.366s][info][gc          ] GC(225) Pause Cleanup 4154M->4154M(6908M) 0.540ms
[2025-11-06T12:04:10.719+0700][20.366s][info][gc,cpu      ] GC(225) User=0.00s Sys=0.00s Real=0.00s
[2025-11-06T12:04:10.719+0700][20.366s][info][gc,marking  ] GC(225) Concurrent Cleanup for Next Mark
[2025-11-06T12:04:10.727+0700][20.374s][info][gc,marking  ] GC(225) Concurrent Cleanup for Next Mark 7.855ms
[2025-11-06T12:04:10.727+0700][20.374s][info][gc          ] GC(225) Concurrent Mark Cycle 24.081ms
[2025-11-06T12:04:10.729+0700][20.375s][info][gc,start    ] GC(226) Pause Young (Concurrent Start) (G1 Humongous Allocation)
[2025-11-06T12:04:10.729+0700][20.375s][info][gc,task     ] GC(226) Using 20 workers of 20 for evacuation
[2025-11-06T12:04:10.729+0700][20.376s][info][gc,phases   ] GC(226)   Pre Evacuate Collection Set: 0.1ms
[2025-11-06T12:04:10.729+0700][20.376s][info][gc,phases   ] GC(226)   Merge Heap Roots: 0.2ms
[2025-11-06T12:04:10.729+0700][20.376s][info][gc,phases   ] GC(226)   Evacuate Collection Set: 0.1ms
[2025-11-06T12:04:10.729+0700][20.376s][info][gc,phases   ] GC(226)   Post Evacuate Collection Set: 0.1ms
[2025-11-06T12:04:10.729+0700][20.376s][info][gc,phases   ] GC(226)   Other: 0.2ms
[2025-11-06T12:04:10.729+0700][20.376s][info][gc,heap     ] GC(226) Eden regions: 0->0(511)
[2025-11-06T12:04:10.729+0700][20.376s][info][gc,heap     ] GC(226) Survivor regions: 0->0(63)
[2025-11-06T12:04:10.729+0700][20.376s][info][gc,heap     ] GC(226) Old regions: 1->1
[2025-11-06T12:04:10.729+0700][20.376s][info][gc,heap     ] GC(226) Archive regions: 0->0
[2025-11-06T12:04:10.729+0700][20.376s][info][gc,heap     ] GC(226) Humongous regions: 1041->1041
[2025-11-06T12:04:10.729+0700][20.376s][info][gc,metaspace] GC(226) Metaspace: 9471K(9728K)->9471K(9728K) NonClass: 8331K(8448K)->8331K(8448K) Class: 1140K(1280K)->1140K(1280K)
[2025-11-06T12:04:10.729+0700][20.376s][info][gc          ] GC(226) Pause Young (Concurrent Start) (G1 Humongous Allocation) 4166M->4166M(6908M) 0.816ms
[2025-11-06T12:04:10.729+0700][20.376s][info][gc,cpu      ] GC(226) User=0.00s Sys=0.00s Real=0.00s
[2025-11-06T12:04:10.729+0700][20.376s][info][gc          ] GC(227) Concurrent Mark Cycle
[2025-11-06T12:04:10.729+0700][20.376s][info][gc,marking  ] GC(227) Concurrent Clear Claimed Marks
[2025-11-06T12:04:10.729+0700][20.376s][info][gc,marking  ] GC(227) Concurrent Clear Claimed Marks 0.009ms
[2025-11-06T12:04:10.729+0700][20.376s][info][gc,marking  ] GC(227) Concurrent Scan Root Regions
[2025-11-06T12:04:10.729+0700][20.376s][info][gc,marking  ] GC(227) Concurrent Scan Root Regions 0.006ms
[2025-11-06T12:04:10.729+0700][20.376s][info][gc,marking  ] GC(227) Concurrent Mark
[2025-11-06T12:04:10.729+0700][20.376s][info][gc,marking  ] GC(227) Concurrent Mark From Roots
[2025-11-06T12:04:10.729+0700][20.376s][info][gc,task     ] GC(227) Using 5 workers of 5 for marking
[2025-11-06T12:04:10.732+0700][20.378s][info][gc,marking  ] GC(227) Concurrent Mark From Roots 2.480ms
[2025-11-06T12:04:10.732+0700][20.378s][info][gc,marking  ] GC(227) Concurrent Preclean
[2025-11-06T12:04:10.732+0700][20.379s][info][gc,marking  ] GC(227) Concurrent Preclean 0.110ms
[2025-11-06T12:04:10.733+0700][20.379s][info][gc,start    ] GC(227) Pause Remark
[2025-11-06T12:04:10.733+0700][20.380s][info][gc          ] GC(227) Pause Remark 4178M->4178M(6968M) 0.904ms
[2025-11-06T12:04:10.733+0700][20.380s][info][gc,cpu      ] GC(227) User=0.00s Sys=0.00s Real=0.00s
[2025-11-06T12:04:10.734+0700][20.380s][info][gc,marking  ] GC(227) Concurrent Mark 4.131ms
[2025-11-06T12:04:10.734+0700][20.380s][info][gc,marking  ] GC(227) Concurrent Rebuild Remembered Sets
[2025-11-06T12:04:10.735+0700][20.381s][info][gc,marking  ] GC(227) Concurrent Rebuild Remembered Sets 1.296ms
[2025-11-06T12:04:10.750+0700][20.396s][info][gc,start    ] GC(227) Pause Cleanup
[2025-11-06T12:04:10.750+0700][20.396s][info][gc          ] GC(227) Pause Cleanup 4190M->4190M(6968M) 0.214ms
[2025-11-06T12:04:10.750+0700][20.396s][info][gc,cpu      ] GC(227) User=0.00s Sys=0.00s Real=0.00s
[2025-11-06T12:04:10.750+0700][20.396s][info][gc,marking  ] GC(227) Concurrent Cleanup for Next Mark
[2025-11-06T12:04:10.757+0700][20.404s][info][gc,marking  ] GC(227) Concurrent Cleanup for Next Mark 7.653ms
[2025-11-06T12:04:10.758+0700][20.404s][info][gc          ] GC(227) Concurrent Mark Cycle 28.163ms
[2025-11-06T12:04:11.260+0700][20.906s][info][gc,start    ] GC(228) Pause Young (Concurrent Start) (G1 Humongous Allocation)
[2025-11-06T12:04:11.260+0700][20.906s][info][gc,task     ] GC(228) Using 20 workers of 20 for evacuation
[2025-11-06T12:04:11.260+0700][20.907s][info][gc,phases   ] GC(228)   Pre Evacuate Collection Set: 0.1ms
[2025-11-06T12:04:11.260+0700][20.907s][info][gc,phases   ] GC(228)   Merge Heap Roots: 0.1ms
[2025-11-06T12:04:11.260+0700][20.907s][info][gc,phases   ] GC(228)   Evacuate Collection Set: 0.1ms
[2025-11-06T12:04:11.260+0700][20.907s][info][gc,phases   ] GC(228)   Post Evacuate Collection Set: 0.1ms
[2025-11-06T12:04:11.260+0700][20.907s][info][gc,phases   ] GC(228)   Other: 0.2ms
[2025-11-06T12:04:11.260+0700][20.907s][info][gc,heap     ] GC(228) Eden regions: 1->0(515)
[2025-11-06T12:04:11.260+0700][20.907s][info][gc,heap     ] GC(228) Survivor regions: 0->0(64)
[2025-11-06T12:04:11.260+0700][20.907s][info][gc,heap     ] GC(228) Old regions: 1->1
[2025-11-06T12:04:11.260+0700][20.907s][info][gc,heap     ] GC(228) Archive regions: 0->0
[2025-11-06T12:04:11.260+0700][20.907s][info][gc,heap     ] GC(228) Humongous regions: 1050->1050
[2025-11-06T12:04:11.260+0700][20.907s][info][gc,metaspace] GC(228) Metaspace: 9471K(9728K)->9471K(9728K) NonClass: 8331K(8448K)->8331K(8448K) Class: 1140K(1280K)->1140K(1280K)
[2025-11-06T12:04:11.260+0700][20.907s][info][gc          ] GC(228) Pause Young (Concurrent Start) (G1 Humongous Allocation) 4204M->4202M(6968M) 0.787ms
[2025-11-06T12:04:11.260+0700][20.907s][info][gc,cpu      ] GC(228) User=0.00s Sys=0.00s Real=0.00s
[2025-11-06T12:04:11.260+0700][20.907s][info][gc          ] GC(229) Concurrent Mark Cycle
[2025-11-06T12:04:11.261+0700][20.907s][info][gc,marking  ] GC(229) Concurrent Clear Claimed Marks
[2025-11-06T12:04:11.261+0700][20.907s][info][gc,marking  ] GC(229) Concurrent Clear Claimed Marks 0.008ms
[2025-11-06T12:04:11.261+0700][20.907s][info][gc,marking  ] GC(229) Concurrent Scan Root Regions
[2025-11-06T12:04:11.261+0700][20.907s][info][gc,marking  ] GC(229) Concurrent Scan Root Regions 0.005ms
[2025-11-06T12:04:11.261+0700][20.907s][info][gc,marking  ] GC(229) Concurrent Mark
[2025-11-06T12:04:11.261+0700][20.907s][info][gc,marking  ] GC(229) Concurrent Mark From Roots
[2025-11-06T12:04:11.261+0700][20.907s][info][gc,task     ] GC(229) Using 5 workers of 5 for marking
[2025-11-06T12:04:11.264+0700][20.910s][info][gc,marking  ] GC(229) Concurrent Mark From Roots 3.326ms
[2025-11-06T12:04:11.264+0700][20.910s][info][gc,marking  ] GC(229) Concurrent Preclean
[2025-11-06T12:04:11.264+0700][20.911s][info][gc,marking  ] GC(229) Concurrent Preclean 0.170ms
[2025-11-06T12:04:11.276+0700][20.922s][info][gc,start    ] GC(229) Pause Remark
[2025-11-06T12:04:11.276+0700][20.923s][info][gc          ] GC(229) Pause Remark 4226M->4226M(7048M) 0.909ms
[2025-11-06T12:04:11.277+0700][20.923s][info][gc,cpu      ] GC(229) User=0.00s Sys=0.00s Real=0.00s
[2025-11-06T12:04:11.277+0700][20.923s][info][gc,marking  ] GC(229) Concurrent Mark 15.999ms
[2025-11-06T12:04:11.277+0700][20.923s][info][gc,marking  ] GC(229) Concurrent Rebuild Remembered Sets
[2025-11-06T12:04:11.278+0700][20.924s][info][gc,marking  ] GC(229) Concurrent Rebuild Remembered Sets 1.177ms
[2025-11-06T12:04:11.291+0700][20.937s][info][gc,start    ] GC(229) Pause Cleanup
[2025-11-06T12:04:11.291+0700][20.937s][info][gc          ] GC(229) Pause Cleanup 4238M->4238M(7048M) 0.223ms
[2025-11-06T12:04:11.291+0700][20.937s][info][gc,cpu      ] GC(229) User=0.00s Sys=0.00s Real=0.00s
[2025-11-06T12:04:11.291+0700][20.937s][info][gc,marking  ] GC(229) Concurrent Cleanup for Next Mark
[2025-11-06T12:04:11.297+0700][20.944s][info][gc,marking  ] GC(229) Concurrent Cleanup for Next Mark 6.583ms
[2025-11-06T12:04:11.298+0700][20.944s][info][gc          ] GC(229) Concurrent Mark Cycle 37.070ms
[2025-11-06T12:04:11.298+0700][20.944s][info][gc,start    ] GC(230) Pause Young (Concurrent Start) (G1 Humongous Allocation)
[2025-11-06T12:04:11.298+0700][20.944s][info][gc,task     ] GC(230) Using 20 workers of 20 for evacuation
[2025-11-06T12:04:11.299+0700][20.945s][info][gc,phases   ] GC(230)   Pre Evacuate Collection Set: 0.1ms
[2025-11-06T12:04:11.299+0700][20.945s][info][gc,phases   ] GC(230)   Merge Heap Roots: 0.2ms
[2025-11-06T12:04:11.299+0700][20.945s][info][gc,phases   ] GC(230)   Evacuate Collection Set: 0.2ms
[2025-11-06T12:04:11.299+0700][20.945s][info][gc,phases   ] GC(230)   Post Evacuate Collection Set: 0.1ms
[2025-11-06T12:04:11.299+0700][20.945s][info][gc,phases   ] GC(230)   Other: 0.3ms
[2025-11-06T12:04:11.299+0700][20.945s][info][gc,heap     ] GC(230) Eden regions: 0->0(521)
[2025-11-06T12:04:11.299+0700][20.945s][info][gc,heap     ] GC(230) Survivor regions: 0->0(65)
[2025-11-06T12:04:11.299+0700][20.945s][info][gc,heap     ] GC(230) Old regions: 1->1
[2025-11-06T12:04:11.299+0700][20.945s][info][gc,heap     ] GC(230) Archive regions: 0->0
[2025-11-06T12:04:11.299+0700][20.945s][info][gc,heap     ] GC(230) Humongous regions: 1062->1062
[2025-11-06T12:04:11.299+0700][20.945s][info][gc,metaspace] GC(230) Metaspace: 9471K(9728K)->9471K(9728K) NonClass: 8331K(8448K)->8331K(8448K) Class: 1140K(1280K)->1140K(1280K)
[2025-11-06T12:04:11.299+0700][20.945s][info][gc          ] GC(230) Pause Young (Concurrent Start) (G1 Humongous Allocation) 4250M->4250M(7048M) 1.014ms
[2025-11-06T12:04:11.299+0700][20.945s][info][gc,cpu      ] GC(230) User=0.00s Sys=0.00s Real=0.00s
[2025-11-06T12:04:11.299+0700][20.945s][info][gc          ] GC(231) Concurrent Mark Cycle
[2025-11-06T12:04:11.299+0700][20.945s][info][gc,marking  ] GC(231) Concurrent Clear Claimed Marks
[2025-11-06T12:04:11.299+0700][20.945s][info][gc,marking  ] GC(231) Concurrent Clear Claimed Marks 0.007ms
[2025-11-06T12:04:11.299+0700][20.945s][info][gc,marking  ] GC(231) Concurrent Scan Root Regions
[2025-11-06T12:04:11.299+0700][20.946s][info][gc,marking  ] GC(231) Concurrent Scan Root Regions 0.005ms
[2025-11-06T12:04:11.299+0700][20.946s][info][gc,marking  ] GC(231) Concurrent Mark
[2025-11-06T12:04:11.299+0700][20.946s][info][gc,marking  ] GC(231) Concurrent Mark From Roots
[2025-11-06T12:04:11.299+0700][20.946s][info][gc,task     ] GC(231) Using 5 workers of 5 for marking
[2025-11-06T12:04:11.302+0700][20.948s][info][gc,marking  ] GC(231) Concurrent Mark From Roots 2.589ms
[2025-11-06T12:04:11.302+0700][20.948s][info][gc,marking  ] GC(231) Concurrent Preclean
[2025-11-06T12:04:11.302+0700][20.948s][info][gc,marking  ] GC(231) Concurrent Preclean 0.164ms
[2025-11-06T12:04:11.306+0700][20.952s][info][gc,start    ] GC(231) Pause Remark
[2025-11-06T12:04:11.306+0700][20.953s][info][gc          ] GC(231) Pause Remark 4262M->4262M(7108M) 0.763ms
[2025-11-06T12:04:11.306+0700][20.953s][info][gc,cpu      ] GC(231) User=0.00s Sys=0.00s Real=0.00s
[2025-11-06T12:04:11.306+0700][20.953s][info][gc,marking  ] GC(231) Concurrent Mark 7.359ms
[2025-11-06T12:04:11.306+0700][20.953s][info][gc,marking  ] GC(231) Concurrent Rebuild Remembered Sets
[2025-11-06T12:04:11.308+0700][20.954s][info][gc,marking  ] GC(231) Concurrent Rebuild Remembered Sets 1.160ms
[2025-11-06T12:04:11.321+0700][20.967s][info][gc,start    ] GC(231) Pause Cleanup
[2025-11-06T12:04:11.321+0700][20.968s][info][gc          ] GC(231) Pause Cleanup 4274M->4274M(7108M) 0.248ms
[2025-11-06T12:04:11.321+0700][20.968s][info][gc,cpu      ] GC(231) User=0.00s Sys=0.00s Real=0.00s
[2025-11-06T12:04:11.321+0700][20.968s][info][gc,marking  ] GC(231) Concurrent Cleanup for Next Mark
[2025-11-06T12:04:11.327+0700][20.974s][info][gc,marking  ] GC(231) Concurrent Cleanup for Next Mark 6.347ms
[2025-11-06T12:04:11.327+0700][20.974s][info][gc          ] GC(231) Concurrent Mark Cycle 28.584ms
[2025-11-06T12:04:11.328+0700][20.975s][info][gc,start    ] GC(232) Pause Young (Concurrent Start) (G1 Humongous Allocation)
[2025-11-06T12:04:11.328+0700][20.975s][info][gc,task     ] GC(232) Using 20 workers of 20 for evacuation
[2025-11-06T12:04:11.329+0700][20.976s][info][gc,phases   ] GC(232)   Pre Evacuate Collection Set: 0.1ms
[2025-11-06T12:04:11.329+0700][20.976s][info][gc,phases   ] GC(232)   Merge Heap Roots: 0.1ms
[2025-11-06T12:04:11.329+0700][20.976s][info][gc,phases   ] GC(232)   Evacuate Collection Set: 0.2ms
[2025-11-06T12:04:11.329+0700][20.976s][info][gc,phases   ] GC(232)   Post Evacuate Collection Set: 0.1ms
[2025-11-06T12:04:11.329+0700][20.976s][info][gc,phases   ] GC(232)   Other: 0.1ms
[2025-11-06T12:04:11.329+0700][20.976s][info][gc,heap     ] GC(232) Eden regions: 0->0(526)
[2025-11-06T12:04:11.329+0700][20.976s][info][gc,heap     ] GC(232) Survivor regions: 0->0(66)
[2025-11-06T12:04:11.329+0700][20.976s][info][gc,heap     ] GC(232) Old regions: 1->1
[2025-11-06T12:04:11.329+0700][20.976s][info][gc,heap     ] GC(232) Archive regions: 0->0
[2025-11-06T12:04:11.329+0700][20.976s][info][gc,heap     ] GC(232) Humongous regions: 1071->1071
[2025-11-06T12:04:11.329+0700][20.976s][info][gc,metaspace] GC(232) Metaspace: 9471K(9728K)->9471K(9728K) NonClass: 8331K(8448K)->8331K(8448K) Class: 1140K(1280K)->1140K(1280K)
[2025-11-06T12:04:11.329+0700][20.976s][info][gc          ] GC(232) Pause Young (Concurrent Start) (G1 Humongous Allocation) 4286M->4286M(7108M) 0.763ms
[2025-11-06T12:04:11.329+0700][20.976s][info][gc,cpu      ] GC(232) User=0.00s Sys=0.00s Real=0.00s
[2025-11-06T12:04:11.329+0700][20.976s][info][gc          ] GC(233) Concurrent Mark Cycle
[2025-11-06T12:04:11.329+0700][20.976s][info][gc,marking  ] GC(233) Concurrent Clear Claimed Marks
[2025-11-06T12:04:11.329+0700][20.976s][info][gc,marking  ] GC(233) Concurrent Clear Claimed Marks 0.014ms
[2025-11-06T12:04:11.329+0700][20.976s][info][gc,marking  ] GC(233) Concurrent Scan Root Regions
[2025-11-06T12:04:11.329+0700][20.976s][info][gc,marking  ] GC(233) Concurrent Scan Root Regions 0.010ms
[2025-11-06T12:04:11.329+0700][20.976s][info][gc,marking  ] GC(233) Concurrent Mark
[2025-11-06T12:04:11.329+0700][20.976s][info][gc,marking  ] GC(233) Concurrent Mark From Roots
[2025-11-06T12:04:11.329+0700][20.976s][info][gc,task     ] GC(233) Using 5 workers of 5 for marking
[2025-11-06T12:04:11.332+0700][20.979s][info][gc,marking  ] GC(233) Concurrent Mark From Roots 2.978ms
[2025-11-06T12:04:11.332+0700][20.979s][info][gc,marking  ] GC(233) Concurrent Preclean
[2025-11-06T12:04:11.332+0700][20.979s][info][gc,marking  ] GC(233) Concurrent Preclean 0.101ms
[2025-11-06T12:04:11.333+0700][20.979s][info][gc,start    ] GC(233) Pause Remark
[2025-11-06T12:04:11.333+0700][20.980s][info][gc          ] GC(233) Pause Remark 4298M->4298M(7168M) 0.760ms
[2025-11-06T12:04:11.333+0700][20.980s][info][gc,cpu      ] GC(233) User=0.00s Sys=0.00s Real=0.00s
[2025-11-06T12:04:11.333+0700][20.980s][info][gc,marking  ] GC(233) Concurrent Mark 4.295ms
[2025-11-06T12:04:11.333+0700][20.980s][info][gc,marking  ] GC(233) Concurrent Rebuild Remembered Sets
[2025-11-06T12:04:11.335+0700][20.981s][info][gc,marking  ] GC(233) Concurrent Rebuild Remembered Sets 1.345ms
[2025-11-06T12:04:11.353+0700][20.999s][info][gc,start    ] GC(233) Pause Cleanup
[2025-11-06T12:04:11.353+0700][20.999s][info][gc          ] GC(233) Pause Cleanup 4310M->4310M(7168M) 0.267ms
[2025-11-06T12:04:11.353+0700][20.999s][info][gc,cpu      ] GC(233) User=0.00s Sys=0.00s Real=0.00s
[2025-11-06T12:04:11.353+0700][20.999s][info][gc,marking  ] GC(233) Concurrent Cleanup for Next Mark
[2025-11-06T12:04:11.359+0700][21.005s][info][gc,marking  ] GC(233) Concurrent Cleanup for Next Mark 6.269ms
[2025-11-06T12:04:11.359+0700][21.005s][info][gc          ] GC(233) Concurrent Mark Cycle 29.828ms
[2025-11-06T12:04:11.860+0700][21.506s][info][gc,start    ] GC(234) Pause Young (Concurrent Start) (G1 Humongous Allocation)
[2025-11-06T12:04:11.860+0700][21.506s][info][gc,task     ] GC(234) Using 20 workers of 20 for evacuation
[2025-11-06T12:04:11.860+0700][21.507s][info][gc,phases   ] GC(234)   Pre Evacuate Collection Set: 0.1ms
[2025-11-06T12:04:11.860+0700][21.507s][info][gc,phases   ] GC(234)   Merge Heap Roots: 0.1ms
[2025-11-06T12:04:11.860+0700][21.507s][info][gc,phases   ] GC(234)   Evacuate Collection Set: 0.1ms
[2025-11-06T12:04:11.860+0700][21.507s][info][gc,phases   ] GC(234)   Post Evacuate Collection Set: 0.1ms
[2025-11-06T12:04:11.860+0700][21.507s][info][gc,phases   ] GC(234)   Other: 0.1ms
[2025-11-06T12:04:11.860+0700][21.507s][info][gc,heap     ] GC(234) Eden regions: 1->0(530)
[2025-11-06T12:04:11.860+0700][21.507s][info][gc,heap     ] GC(234) Survivor regions: 0->0(66)
[2025-11-06T12:04:11.860+0700][21.507s][info][gc,heap     ] GC(234) Old regions: 1->1
[2025-11-06T12:04:11.860+0700][21.507s][info][gc,heap     ] GC(234) Archive regions: 0->0
[2025-11-06T12:04:11.860+0700][21.507s][info][gc,heap     ] GC(234) Humongous regions: 1080->1080
[2025-11-06T12:04:11.860+0700][21.507s][info][gc,metaspace] GC(234) Metaspace: 9471K(9728K)->9471K(9728K) NonClass: 8331K(8448K)->8331K(8448K) Class: 1140K(1280K)->1140K(1280K)
[2025-11-06T12:04:11.860+0700][21.507s][info][gc          ] GC(234) Pause Young (Concurrent Start) (G1 Humongous Allocation) 4324M->4322M(7168M) 0.639ms
[2025-11-06T12:04:11.860+0700][21.507s][info][gc,cpu      ] GC(234) User=0.00s Sys=0.00s Real=0.00s
[2025-11-06T12:04:11.860+0700][21.507s][info][gc          ] GC(235) Concurrent Mark Cycle
[2025-11-06T12:04:11.860+0700][21.507s][info][gc,marking  ] GC(235) Concurrent Clear Claimed Marks
[2025-11-06T12:04:11.860+0700][21.507s][info][gc,marking  ] GC(235) Concurrent Clear Claimed Marks 0.011ms
[2025-11-06T12:04:11.860+0700][21.507s][info][gc,marking  ] GC(235) Concurrent Scan Root Regions
[2025-11-06T12:04:11.860+0700][21.507s][info][gc,marking  ] GC(235) Concurrent Scan Root Regions 0.005ms
[2025-11-06T12:04:11.860+0700][21.507s][info][gc,marking  ] GC(235) Concurrent Mark
[2025-11-06T12:04:11.860+0700][21.507s][info][gc,marking  ] GC(235) Concurrent Mark From Roots
[2025-11-06T12:04:11.860+0700][21.507s][info][gc,task     ] GC(235) Using 5 workers of 5 for marking
[2025-11-06T12:04:11.863+0700][21.510s][info][gc,marking  ] GC(235) Concurrent Mark From Roots 3.086ms
[2025-11-06T12:04:11.863+0700][21.510s][info][gc,marking  ] GC(235) Concurrent Preclean
[2025-11-06T12:04:11.864+0700][21.510s][info][gc,marking  ] GC(235) Concurrent Preclean 0.102ms
[2025-11-06T12:04:11.875+0700][21.521s][info][gc,start    ] GC(235) Pause Remark
[2025-11-06T12:04:11.875+0700][21.522s][info][gc          ] GC(235) Pause Remark 4346M->4346M(7248M) 0.907ms
[2025-11-06T12:04:11.876+0700][21.522s][info][gc,cpu      ] GC(235) User=0.00s Sys=0.00s Real=0.00s
[2025-11-06T12:04:11.876+0700][21.522s][info][gc,marking  ] GC(235) Concurrent Mark 15.172ms
[2025-11-06T12:04:11.876+0700][21.522s][info][gc,marking  ] GC(235) Concurrent Rebuild Remembered Sets
[2025-11-06T12:04:11.877+0700][21.524s][info][gc,marking  ] GC(235) Concurrent Rebuild Remembered Sets 1.233ms
[2025-11-06T12:04:11.891+0700][21.537s][info][gc,start    ] GC(235) Pause Cleanup
[2025-11-06T12:04:11.891+0700][21.538s][info][gc          ] GC(235) Pause Cleanup 4358M->4358M(7248M) 0.282ms
[2025-11-06T12:04:11.891+0700][21.538s][info][gc,cpu      ] GC(235) User=0.00s Sys=0.00s Real=0.00s
[2025-11-06T12:04:11.891+0700][21.538s][info][gc,marking  ] GC(235) Concurrent Cleanup for Next Mark
[2025-11-06T12:04:11.899+0700][21.545s][info][gc,marking  ] GC(235) Concurrent Cleanup for Next Mark 7.420ms
[2025-11-06T12:04:11.899+0700][21.545s][info][gc          ] GC(235) Concurrent Mark Cycle 38.084ms
[2025-11-06T12:04:11.901+0700][21.547s][info][gc,start    ] GC(236) Pause Young (Concurrent Start) (G1 Humongous Allocation)
[2025-11-06T12:04:11.901+0700][21.547s][info][gc,task     ] GC(236) Using 20 workers of 20 for evacuation
[2025-11-06T12:04:11.902+0700][21.549s][info][gc,phases   ] GC(236)   Pre Evacuate Collection Set: 0.3ms
[2025-11-06T12:04:11.902+0700][21.549s][info][gc,phases   ] GC(236)   Merge Heap Roots: 0.4ms
[2025-11-06T12:04:11.902+0700][21.549s][info][gc,phases   ] GC(236)   Evacuate Collection Set: 0.2ms
[2025-11-06T12:04:11.902+0700][21.549s][info][gc,phases   ] GC(236)   Post Evacuate Collection Set: 0.1ms
[2025-11-06T12:04:11.902+0700][21.549s][info][gc,phases   ] GC(236)   Other: 0.2ms
[2025-11-06T12:04:11.902+0700][21.549s][info][gc,heap     ] GC(236) Eden regions: 0->0(533)
[2025-11-06T12:04:11.902+0700][21.549s][info][gc,heap     ] GC(236) Survivor regions: 0->0(67)
[2025-11-06T12:04:11.902+0700][21.549s][info][gc,heap     ] GC(236) Old regions: 1->1
[2025-11-06T12:04:11.902+0700][21.549s][info][gc,heap     ] GC(236) Archive regions: 0->0
[2025-11-06T12:04:11.902+0700][21.549s][info][gc,heap     ] GC(236) Humongous regions: 1095->1095
[2025-11-06T12:04:11.902+0700][21.549s][info][gc,metaspace] GC(236) Metaspace: 9471K(9728K)->9471K(9728K) NonClass: 8331K(8448K)->8331K(8448K) Class: 1140K(1280K)->1140K(1280K)
[2025-11-06T12:04:11.902+0700][21.549s][info][gc          ] GC(236) Pause Young (Concurrent Start) (G1 Humongous Allocation) 4382M->4382M(7248M) 1.355ms
[2025-11-06T12:04:11.902+0700][21.549s][info][gc,cpu      ] GC(236) User=0.00s Sys=0.00s Real=0.00s
[2025-11-06T12:04:11.902+0700][21.549s][info][gc          ] GC(237) Concurrent Mark Cycle
[2025-11-06T12:04:11.902+0700][21.549s][info][gc,marking  ] GC(237) Concurrent Clear Claimed Marks
[2025-11-06T12:04:11.902+0700][21.549s][info][gc,marking  ] GC(237) Concurrent Clear Claimed Marks 0.014ms
[2025-11-06T12:04:11.903+0700][21.549s][info][gc,marking  ] GC(237) Concurrent Scan Root Regions
[2025-11-06T12:04:11.903+0700][21.549s][info][gc,marking  ] GC(237) Concurrent Scan Root Regions 0.019ms
[2025-11-06T12:04:11.903+0700][21.549s][info][gc,marking  ] GC(237) Concurrent Mark
[2025-11-06T12:04:11.903+0700][21.549s][info][gc,marking  ] GC(237) Concurrent Mark From Roots
[2025-11-06T12:04:11.903+0700][21.549s][info][gc,task     ] GC(237) Using 5 workers of 5 for marking
[2025-11-06T12:04:11.905+0700][21.551s][info][gc,marking  ] GC(237) Concurrent Mark From Roots 2.347ms
[2025-11-06T12:04:11.905+0700][21.551s][info][gc,marking  ] GC(237) Concurrent Preclean
[2025-11-06T12:04:11.905+0700][21.551s][info][gc,marking  ] GC(237) Concurrent Preclean 0.103ms
[2025-11-06T12:04:11.906+0700][21.552s][info][gc,start    ] GC(237) Pause Remark
[2025-11-06T12:04:11.907+0700][21.553s][info][gc          ] GC(237) Pause Remark 4394M->4394M(7328M) 0.766ms
[2025-11-06T12:04:11.907+0700][21.553s][info][gc,cpu      ] GC(237) User=0.00s Sys=0.00s Real=0.00s
[2025-11-06T12:04:11.907+0700][21.553s][info][gc,marking  ] GC(237) Concurrent Mark 4.269ms
[2025-11-06T12:04:11.907+0700][21.553s][info][gc,marking  ] GC(237) Concurrent Rebuild Remembered Sets
[2025-11-06T12:04:11.908+0700][21.554s][info][gc,marking  ] GC(237) Concurrent Rebuild Remembered Sets 1.118ms
[2025-11-06T12:04:11.922+0700][21.568s][info][gc,start    ] GC(237) Pause Cleanup
[2025-11-06T12:04:11.922+0700][21.568s][info][gc          ] GC(237) Pause Cleanup 4406M->4406M(7328M) 0.227ms
[2025-11-06T12:04:11.922+0700][21.568s][info][gc,cpu      ] GC(237) User=0.00s Sys=0.00s Real=0.00s
[2025-11-06T12:04:11.922+0700][21.568s][info][gc,marking  ] GC(237) Concurrent Cleanup for Next Mark
[2025-11-06T12:04:11.929+0700][21.575s][info][gc,marking  ] GC(237) Concurrent Cleanup for Next Mark 6.728ms
[2025-11-06T12:04:11.929+0700][21.575s][info][gc          ] GC(237) Concurrent Mark Cycle 26.497ms
[2025-11-06T12:04:11.929+0700][21.576s][info][gc,start    ] GC(238) Pause Young (Concurrent Start) (G1 Humongous Allocation)
[2025-11-06T12:04:11.929+0700][21.576s][info][gc,task     ] GC(238) Using 20 workers of 20 for evacuation
[2025-11-06T12:04:11.930+0700][21.577s][info][gc,phases   ] GC(238)   Pre Evacuate Collection Set: 0.2ms
[2025-11-06T12:04:11.930+0700][21.577s][info][gc,phases   ] GC(238)   Merge Heap Roots: 0.2ms
[2025-11-06T12:04:11.930+0700][21.577s][info][gc,phases   ] GC(238)   Evacuate Collection Set: 0.2ms
[2025-11-06T12:04:11.930+0700][21.577s][info][gc,phases   ] GC(238)   Post Evacuate Collection Set: 0.1ms
[2025-11-06T12:04:11.930+0700][21.577s][info][gc,phases   ] GC(238)   Other: 0.2ms
[2025-11-06T12:04:11.930+0700][21.577s][info][gc,heap     ] GC(238) Eden regions: 1->0(541)
[2025-11-06T12:04:11.930+0700][21.577s][info][gc,heap     ] GC(238) Survivor regions: 0->1(67)
[2025-11-06T12:04:11.930+0700][21.577s][info][gc,heap     ] GC(238) Old regions: 1->1
[2025-11-06T12:04:11.930+0700][21.577s][info][gc,heap     ] GC(238) Archive regions: 0->0
[2025-11-06T12:04:11.930+0700][21.577s][info][gc,heap     ] GC(238) Humongous regions: 1104->1104
[2025-11-06T12:04:11.930+0700][21.577s][info][gc,metaspace] GC(238) Metaspace: 9471K(9728K)->9471K(9728K) NonClass: 8331K(8448K)->8331K(8448K) Class: 1140K(1280K)->1140K(1280K)
[2025-11-06T12:04:11.930+0700][21.577s][info][gc          ] GC(238) Pause Young (Concurrent Start) (G1 Humongous Allocation) 4420M->4418M(7328M) 0.882ms
[2025-11-06T12:04:11.930+0700][21.577s][info][gc,cpu      ] GC(238) User=0.00s Sys=0.00s Real=0.00s
[2025-11-06T12:04:11.930+0700][21.577s][info][gc          ] GC(239) Concurrent Mark Cycle
[2025-11-06T12:04:11.930+0700][21.577s][info][gc,marking  ] GC(239) Concurrent Clear Claimed Marks
[2025-11-06T12:04:11.930+0700][21.577s][info][gc,marking  ] GC(239) Concurrent Clear Claimed Marks 0.007ms
[2025-11-06T12:04:11.930+0700][21.577s][info][gc,marking  ] GC(239) Concurrent Scan Root Regions
[2025-11-06T12:04:11.930+0700][21.577s][info][gc,marking  ] GC(239) Concurrent Scan Root Regions 0.075ms
[2025-11-06T12:04:11.930+0700][21.577s][info][gc,marking  ] GC(239) Concurrent Mark
[2025-11-06T12:04:11.930+0700][21.577s][info][gc,marking  ] GC(239) Concurrent Mark From Roots
[2025-11-06T12:04:11.930+0700][21.577s][info][gc,task     ] GC(239) Using 5 workers of 5 for marking
[2025-11-06T12:04:11.933+0700][21.579s][info][gc,marking  ] GC(239) Concurrent Mark From Roots 2.364ms
[2025-11-06T12:04:11.933+0700][21.579s][info][gc,marking  ] GC(239) Concurrent Preclean
[2025-11-06T12:04:11.933+0700][21.579s][info][gc,marking  ] GC(239) Concurrent Preclean 0.109ms
[2025-11-06T12:04:11.938+0700][21.584s][info][gc,start    ] GC(239) Pause Remark
[2025-11-06T12:04:11.938+0700][21.585s][info][gc          ] GC(239) Pause Remark 4430M->4430M(7396M) 0.753ms
[2025-11-06T12:04:11.938+0700][21.585s][info][gc,cpu      ] GC(239) User=0.00s Sys=0.00s Real=0.00s
[2025-11-06T12:04:11.938+0700][21.585s][info][gc,marking  ] GC(239) Concurrent Mark 8.149ms
[2025-11-06T12:04:11.938+0700][21.585s][info][gc,marking  ] GC(239) Concurrent Rebuild Remembered Sets
[2025-11-06T12:04:11.940+0700][21.586s][info][gc,marking  ] GC(239) Concurrent Rebuild Remembered Sets 1.232ms
[2025-11-06T12:04:11.953+0700][21.599s][info][gc,start    ] GC(239) Pause Cleanup
[2025-11-06T12:04:11.953+0700][21.600s][info][gc          ] GC(239) Pause Cleanup 4442M->4442M(7396M) 0.204ms
[2025-11-06T12:04:11.953+0700][21.600s][info][gc,cpu      ] GC(239) User=0.00s Sys=0.00s Real=0.00s
[2025-11-06T12:04:11.953+0700][21.600s][info][gc,marking  ] GC(239) Concurrent Cleanup for Next Mark
[2025-11-06T12:04:11.959+0700][21.606s][info][gc,marking  ] GC(239) Concurrent Cleanup for Next Mark 6.287ms
[2025-11-06T12:04:11.959+0700][21.606s][info][gc          ] GC(239) Concurrent Mark Cycle 29.460ms
[2025-11-06T12:04:12.466+0700][22.112s][info][gc,start    ] GC(240) Pause Young (Concurrent Start) (G1 Humongous Allocation)
[2025-11-06T12:04:12.466+0700][22.112s][info][gc,task     ] GC(240) Using 20 workers of 20 for evacuation
[2025-11-06T12:04:12.466+0700][22.113s][info][gc,phases   ] GC(240)   Pre Evacuate Collection Set: 0.1ms
[2025-11-06T12:04:12.466+0700][22.113s][info][gc,phases   ] GC(240)   Merge Heap Roots: 0.0ms
[2025-11-06T12:04:12.466+0700][22.113s][info][gc,phases   ] GC(240)   Evacuate Collection Set: 0.2ms
[2025-11-06T12:04:12.466+0700][22.113s][info][gc,phases   ] GC(240)   Post Evacuate Collection Set: 0.1ms
[2025-11-06T12:04:12.466+0700][22.113s][info][gc,phases   ] GC(240)   Other: 0.2ms
[2025-11-06T12:04:12.466+0700][22.113s][info][gc,heap     ] GC(240) Eden regions: 1->0(551)
[2025-11-06T12:04:12.466+0700][22.113s][info][gc,heap     ] GC(240) Survivor regions: 1->1(68)
[2025-11-06T12:04:12.466+0700][22.113s][info][gc,heap     ] GC(240) Old regions: 1->1
[2025-11-06T12:04:12.466+0700][22.113s][info][gc,heap     ] GC(240) Archive regions: 0->0
[2025-11-06T12:04:12.466+0700][22.113s][info][gc,heap     ] GC(240) Humongous regions: 1110->1110
[2025-11-06T12:04:12.466+0700][22.113s][info][gc,metaspace] GC(240) Metaspace: 9471K(9728K)->9471K(9728K) NonClass: 8331K(8448K)->8331K(8448K) Class: 1140K(1280K)->1140K(1280K)
[2025-11-06T12:04:12.466+0700][22.113s][info][gc          ] GC(240) Pause Young (Concurrent Start) (G1 Humongous Allocation) 4444M->4442M(7396M) 0.631ms
[2025-11-06T12:04:12.466+0700][22.113s][info][gc,cpu      ] GC(240) User=0.00s Sys=0.00s Real=0.00s
[2025-11-06T12:04:12.466+0700][22.113s][info][gc          ] GC(241) Concurrent Mark Cycle
[2025-11-06T12:04:12.466+0700][22.113s][info][gc,marking  ] GC(241) Concurrent Clear Claimed Marks
[2025-11-06T12:04:12.466+0700][22.113s][info][gc,marking  ] GC(241) Concurrent Clear Claimed Marks 0.022ms
[2025-11-06T12:04:12.466+0700][22.113s][info][gc,marking  ] GC(241) Concurrent Scan Root Regions
[2025-11-06T12:04:12.466+0700][22.113s][info][gc,marking  ] GC(241) Concurrent Scan Root Regions 0.043ms
[2025-11-06T12:04:12.466+0700][22.113s][info][gc,marking  ] GC(241) Concurrent Mark
[2025-11-06T12:04:12.466+0700][22.113s][info][gc,marking  ] GC(241) Concurrent Mark From Roots
[2025-11-06T12:04:12.467+0700][22.113s][info][gc,task     ] GC(241) Using 5 workers of 5 for marking
[2025-11-06T12:04:12.469+0700][22.115s][info][gc,marking  ] GC(241) Concurrent Mark From Roots 2.402ms
[2025-11-06T12:04:12.469+0700][22.115s][info][gc,marking  ] GC(241) Concurrent Preclean
[2025-11-06T12:04:12.469+0700][22.115s][info][gc,marking  ] GC(241) Concurrent Preclean 0.103ms
[2025-11-06T12:04:12.481+0700][22.127s][info][gc,start    ] GC(241) Pause Remark
[2025-11-06T12:04:12.482+0700][22.128s][info][gc          ] GC(241) Pause Remark 4454M->4454M(7436M) 0.711ms
[2025-11-06T12:04:12.482+0700][22.128s][info][gc,cpu      ] GC(241) User=0.00s Sys=0.00s Real=0.00s
[2025-11-06T12:04:12.482+0700][22.128s][info][gc,marking  ] GC(241) Concurrent Mark 14.859ms
[2025-11-06T12:04:12.482+0700][22.128s][info][gc,marking  ] GC(241) Concurrent Rebuild Remembered Sets
[2025-11-06T12:04:12.483+0700][22.129s][info][gc,marking  ] GC(241) Concurrent Rebuild Remembered Sets 1.202ms
[2025-11-06T12:04:12.497+0700][22.143s][info][gc,start    ] GC(241) Pause Cleanup
[2025-11-06T12:04:12.497+0700][22.143s][info][gc          ] GC(241) Pause Cleanup 4466M->4466M(7436M) 0.209ms
[2025-11-06T12:04:12.497+0700][22.143s][info][gc,cpu      ] GC(241) User=0.00s Sys=0.00s Real=0.00s
[2025-11-06T12:04:12.497+0700][22.143s][info][gc,marking  ] GC(241) Concurrent Cleanup for Next Mark
[2025-11-06T12:04:12.506+0700][22.152s][info][gc,marking  ] GC(241) Concurrent Cleanup for Next Mark 8.911ms
[2025-11-06T12:04:12.506+0700][22.152s][info][gc          ] GC(241) Concurrent Mark Cycle 39.257ms
[2025-11-06T12:04:12.508+0700][22.154s][info][gc,start    ] GC(242) Pause Young (Concurrent Start) (G1 Humongous Allocation)
[2025-11-06T12:04:12.508+0700][22.154s][info][gc,task     ] GC(242) Using 20 workers of 20 for evacuation
[2025-11-06T12:04:12.509+0700][22.155s][info][gc,phases   ] GC(242)   Pre Evacuate Collection Set: 0.1ms
[2025-11-06T12:04:12.509+0700][22.155s][info][gc,phases   ] GC(242)   Merge Heap Roots: 0.1ms
[2025-11-06T12:04:12.509+0700][22.155s][info][gc,phases   ] GC(242)   Evacuate Collection Set: 0.1ms
[2025-11-06T12:04:12.509+0700][22.155s][info][gc,phases   ] GC(242)   Post Evacuate Collection Set: 0.1ms
[2025-11-06T12:04:12.509+0700][22.155s][info][gc,phases   ] GC(242)   Other: 0.2ms
[2025-11-06T12:04:12.509+0700][22.155s][info][gc,heap     ] GC(242) Eden regions: 0->0(548)
[2025-11-06T12:04:12.509+0700][22.155s][info][gc,heap     ] GC(242) Survivor regions: 1->1(69)
[2025-11-06T12:04:12.509+0700][22.155s][info][gc,heap     ] GC(242) Old regions: 1->1
[2025-11-06T12:04:12.509+0700][22.155s][info][gc,heap     ] GC(242) Archive regions: 0->0
[2025-11-06T12:04:12.509+0700][22.155s][info][gc,heap     ] GC(242) Humongous regions: 1122->1122
[2025-11-06T12:04:12.509+0700][22.155s][info][gc,metaspace] GC(242) Metaspace: 9471K(9728K)->9471K(9728K) NonClass: 8331K(8448K)->8331K(8448K) Class: 1140K(1280K)->1140K(1280K)
[2025-11-06T12:04:12.509+0700][22.155s][info][gc          ] GC(242) Pause Young (Concurrent Start) (G1 Humongous Allocation) 4490M->4490M(7436M) 0.739ms
[2025-11-06T12:04:12.509+0700][22.155s][info][gc,cpu      ] GC(242) User=0.00s Sys=0.00s Real=0.00s
[2025-11-06T12:04:12.509+0700][22.155s][info][gc          ] GC(243) Concurrent Mark Cycle
[2025-11-06T12:04:12.509+0700][22.155s][info][gc,marking  ] GC(243) Concurrent Clear Claimed Marks
[2025-11-06T12:04:12.509+0700][22.155s][info][gc,marking  ] GC(243) Concurrent Clear Claimed Marks 0.006ms
[2025-11-06T12:04:12.509+0700][22.155s][info][gc,marking  ] GC(243) Concurrent Scan Root Regions
[2025-11-06T12:04:12.509+0700][22.155s][info][gc,marking  ] GC(243) Concurrent Scan Root Regions 0.062ms
[2025-11-06T12:04:12.509+0700][22.155s][info][gc,marking  ] GC(243) Concurrent Mark
[2025-11-06T12:04:12.509+0700][22.155s][info][gc,marking  ] GC(243) Concurrent Mark From Roots
[2025-11-06T12:04:12.509+0700][22.155s][info][gc,task     ] GC(243) Using 5 workers of 5 for marking
[2025-11-06T12:04:12.511+0700][22.158s][info][gc,marking  ] GC(243) Concurrent Mark From Roots 2.270ms
[2025-11-06T12:04:12.511+0700][22.158s][info][gc,marking  ] GC(243) Concurrent Preclean
[2025-11-06T12:04:12.512+0700][22.158s][info][gc,marking  ] GC(243) Concurrent Preclean 0.181ms
[2025-11-06T12:04:12.513+0700][22.159s][info][gc,start    ] GC(243) Pause Remark
[2025-11-06T12:04:12.513+0700][22.160s][info][gc          ] GC(243) Pause Remark 4502M->4502M(7516M) 0.878ms
[2025-11-06T12:04:12.514+0700][22.160s][info][gc,cpu      ] GC(243) User=0.00s Sys=0.00s Real=0.00s
[2025-11-06T12:04:12.514+0700][22.160s][info][gc,marking  ] GC(243) Concurrent Mark 4.478ms
[2025-11-06T12:04:12.514+0700][22.160s][info][gc,marking  ] GC(243) Concurrent Rebuild Remembered Sets
[2025-11-06T12:04:12.515+0700][22.161s][info][gc,marking  ] GC(243) Concurrent Rebuild Remembered Sets 1.120ms
[2025-11-06T12:04:12.528+0700][22.174s][info][gc,start    ] GC(243) Pause Cleanup
[2025-11-06T12:04:12.528+0700][22.174s][info][gc          ] GC(243) Pause Cleanup 4514M->4514M(7516M) 0.199ms
[2025-11-06T12:04:12.528+0700][22.174s][info][gc,cpu      ] GC(243) User=0.00s Sys=0.00s Real=0.00s
[2025-11-06T12:04:12.528+0700][22.174s][info][gc,marking  ] GC(243) Concurrent Cleanup for Next Mark
[2025-11-06T12:04:12.535+0700][22.181s][info][gc,marking  ] GC(243) Concurrent Cleanup for Next Mark 7.220ms
[2025-11-06T12:04:12.535+0700][22.182s][info][gc          ] GC(243) Concurrent Mark Cycle 26.347ms
[2025-11-06T12:04:12.536+0700][22.182s][info][gc,start    ] GC(244) Pause Young (Concurrent Start) (G1 Humongous Allocation)
[2025-11-06T12:04:12.536+0700][22.182s][info][gc,task     ] GC(244) Using 20 workers of 20 for evacuation
[2025-11-06T12:04:12.536+0700][22.183s][info][gc,phases   ] GC(244)   Pre Evacuate Collection Set: 0.2ms
[2025-11-06T12:04:12.537+0700][22.183s][info][gc,phases   ] GC(244)   Merge Heap Roots: 0.1ms
[2025-11-06T12:04:12.537+0700][22.183s][info][gc,phases   ] GC(244)   Evacuate Collection Set: 0.2ms
[2025-11-06T12:04:12.537+0700][22.183s][info][gc,phases   ] GC(244)   Post Evacuate Collection Set: 0.1ms
[2025-11-06T12:04:12.537+0700][22.183s][info][gc,phases   ] GC(244)   Other: 0.2ms
[2025-11-06T12:04:12.537+0700][22.183s][info][gc,heap     ] GC(244) Eden regions: 0->0(557)
[2025-11-06T12:04:12.537+0700][22.183s][info][gc,heap     ] GC(244) Survivor regions: 1->1(69)
[2025-11-06T12:04:12.537+0700][22.183s][info][gc,heap     ] GC(244) Old regions: 1->1
[2025-11-06T12:04:12.537+0700][22.183s][info][gc,heap     ] GC(244) Archive regions: 0->0
[2025-11-06T12:04:12.537+0700][22.183s][info][gc,heap     ] GC(244) Humongous regions: 1131->1131
[2025-11-06T12:04:12.537+0700][22.183s][info][gc,metaspace] GC(244) Metaspace: 9471K(9728K)->9471K(9728K) NonClass: 8331K(8448K)->8331K(8448K) Class: 1140K(1280K)->1140K(1280K)
[2025-11-06T12:04:12.537+0700][22.183s][info][gc          ] GC(244) Pause Young (Concurrent Start) (G1 Humongous Allocation) 4526M->4526M(7516M) 0.919ms
[2025-11-06T12:04:12.537+0700][22.183s][info][gc,cpu      ] GC(244) User=0.00s Sys=0.00s Real=0.00s
[2025-11-06T12:04:12.537+0700][22.183s][info][gc          ] GC(245) Concurrent Mark Cycle
[2025-11-06T12:04:12.537+0700][22.183s][info][gc,marking  ] GC(245) Concurrent Clear Claimed Marks
[2025-11-06T12:04:12.537+0700][22.183s][info][gc,marking  ] GC(245) Concurrent Clear Claimed Marks 0.007ms
[2025-11-06T12:04:12.537+0700][22.183s][info][gc,marking  ] GC(245) Concurrent Scan Root Regions
[2025-11-06T12:04:12.537+0700][22.183s][info][gc,marking  ] GC(245) Concurrent Scan Root Regions 0.083ms
[2025-11-06T12:04:12.537+0700][22.183s][info][gc,marking  ] GC(245) Concurrent Mark
[2025-11-06T12:04:12.537+0700][22.183s][info][gc,marking  ] GC(245) Concurrent Mark From Roots
[2025-11-06T12:04:12.537+0700][22.183s][info][gc,task     ] GC(245) Using 5 workers of 5 for marking
[2025-11-06T12:04:12.540+0700][22.186s][info][gc,marking  ] GC(245) Concurrent Mark From Roots 2.973ms
[2025-11-06T12:04:12.540+0700][22.186s][info][gc,marking  ] GC(245) Concurrent Preclean
[2025-11-06T12:04:12.540+0700][22.186s][info][gc,marking  ] GC(245) Concurrent Preclean 0.104ms
[2025-11-06T12:04:12.540+0700][22.186s][info][gc,start    ] GC(245) Pause Remark
[2025-11-06T12:04:12.540+0700][22.187s][info][gc          ] GC(245) Pause Remark 4538M->4538M(7576M) 0.589ms
[2025-11-06T12:04:12.540+0700][22.187s][info][gc,cpu      ] GC(245) User=0.00s Sys=0.00s Real=0.00s
[2025-11-06T12:04:12.541+0700][22.187s][info][gc,marking  ] GC(245) Concurrent Mark 3.784ms
[2025-11-06T12:04:12.541+0700][22.187s][info][gc,marking  ] GC(245) Concurrent Rebuild Remembered Sets
[2025-11-06T12:04:12.541+0700][22.188s][info][gc,marking  ] GC(245) Concurrent Rebuild Remembered Sets 1.006ms
[2025-11-06T12:04:12.558+0700][22.204s][info][gc,start    ] GC(245) Pause Cleanup
[2025-11-06T12:04:12.558+0700][22.204s][info][gc          ] GC(245) Pause Cleanup 4550M->4550M(7576M) 0.203ms
[2025-11-06T12:04:12.558+0700][22.204s][info][gc,cpu      ] GC(245) User=0.00s Sys=0.00s Real=0.00s
[2025-11-06T12:04:12.558+0700][22.204s][info][gc,marking  ] GC(245) Concurrent Cleanup for Next Mark
[2025-11-06T12:04:12.566+0700][22.213s][info][gc,marking  ] GC(245) Concurrent Cleanup for Next Mark 8.002ms
[2025-11-06T12:04:12.566+0700][22.213s][info][gc          ] GC(245) Concurrent Mark Cycle 29.774ms
[2025-11-06T12:04:13.070+0700][22.716s][info][gc,start    ] GC(246) Pause Young (Concurrent Start) (G1 Humongous Allocation)
[2025-11-06T12:04:13.070+0700][22.716s][info][gc,task     ] GC(246) Using 20 workers of 20 for evacuation
[2025-11-06T12:04:13.070+0700][22.717s][info][gc,phases   ] GC(246)   Pre Evacuate Collection Set: 0.1ms
[2025-11-06T12:04:13.070+0700][22.717s][info][gc,phases   ] GC(246)   Merge Heap Roots: 0.1ms
[2025-11-06T12:04:13.070+0700][22.717s][info][gc,phases   ] GC(246)   Evacuate Collection Set: 0.2ms
[2025-11-06T12:04:13.070+0700][22.717s][info][gc,phases   ] GC(246)   Post Evacuate Collection Set: 0.1ms
[2025-11-06T12:04:13.070+0700][22.717s][info][gc,phases   ] GC(246)   Other: 0.2ms
[2025-11-06T12:04:13.070+0700][22.717s][info][gc,heap     ] GC(246) Eden regions: 1->0(561)
[2025-11-06T12:04:13.070+0700][22.717s][info][gc,heap     ] GC(246) Survivor regions: 1->1(70)
[2025-11-06T12:04:13.070+0700][22.717s][info][gc,heap     ] GC(246) Old regions: 1->1
[2025-11-06T12:04:13.070+0700][22.717s][info][gc,heap     ] GC(246) Archive regions: 0->0
[2025-11-06T12:04:13.070+0700][22.717s][info][gc,heap     ] GC(246) Humongous regions: 1140->1140
[2025-11-06T12:04:13.070+0700][22.717s][info][gc,metaspace] GC(246) Metaspace: 9471K(9728K)->9471K(9728K) NonClass: 8331K(8448K)->8331K(8448K) Class: 1140K(1280K)->1140K(1280K)
[2025-11-06T12:04:13.070+0700][22.717s][info][gc          ] GC(246) Pause Young (Concurrent Start) (G1 Humongous Allocation) 4564M->4562M(7576M) 0.699ms
[2025-11-06T12:04:13.070+0700][22.717s][info][gc,cpu      ] GC(246) User=0.00s Sys=0.00s Real=0.00s
[2025-11-06T12:04:13.070+0700][22.717s][info][gc          ] GC(247) Concurrent Mark Cycle
[2025-11-06T12:04:13.070+0700][22.717s][info][gc,marking  ] GC(247) Concurrent Clear Claimed Marks
[2025-11-06T12:04:13.070+0700][22.717s][info][gc,marking  ] GC(247) Concurrent Clear Claimed Marks 0.016ms
[2025-11-06T12:04:13.070+0700][22.717s][info][gc,marking  ] GC(247) Concurrent Scan Root Regions
[2025-11-06T12:04:13.070+0700][22.717s][info][gc,marking  ] GC(247) Concurrent Scan Root Regions 0.050ms
[2025-11-06T12:04:13.071+0700][22.717s][info][gc,marking  ] GC(247) Concurrent Mark
[2025-11-06T12:04:13.071+0700][22.717s][info][gc,marking  ] GC(247) Concurrent Mark From Roots
[2025-11-06T12:04:13.071+0700][22.717s][info][gc,task     ] GC(247) Using 5 workers of 5 for marking
[2025-11-06T12:04:13.073+0700][22.719s][info][gc,marking  ] GC(247) Concurrent Mark From Roots 2.291ms
[2025-11-06T12:04:13.073+0700][22.720s][info][gc,marking  ] GC(247) Concurrent Preclean
[2025-11-06T12:04:13.073+0700][22.720s][info][gc,marking  ] GC(247) Concurrent Preclean 0.104ms
[2025-11-06T12:04:13.086+0700][22.732s][info][gc,start    ] GC(247) Pause Remark
[2025-11-06T12:04:13.086+0700][22.733s][info][gc          ] GC(247) Pause Remark 4574M->4574M(7636M) 0.888ms
[2025-11-06T12:04:13.087+0700][22.733s][info][gc,cpu      ] GC(247) User=0.00s Sys=0.00s Real=0.00s
[2025-11-06T12:04:13.087+0700][22.733s][info][gc,marking  ] GC(247) Concurrent Mark 16.019ms
[2025-11-06T12:04:13.087+0700][22.733s][info][gc,marking  ] GC(247) Concurrent Rebuild Remembered Sets
[2025-11-06T12:04:13.088+0700][22.734s][info][gc,marking  ] GC(247) Concurrent Rebuild Remembered Sets 1.185ms
[2025-11-06T12:04:13.101+0700][22.747s][info][gc,start    ] GC(247) Pause Cleanup
[2025-11-06T12:04:13.101+0700][22.747s][info][gc          ] GC(247) Pause Cleanup 4586M->4586M(7636M) 0.233ms
[2025-11-06T12:04:13.101+0700][22.747s][info][gc,cpu      ] GC(247) User=0.00s Sys=0.00s Real=0.00s
[2025-11-06T12:04:13.101+0700][22.748s][info][gc,marking  ] GC(247) Concurrent Cleanup for Next Mark
[2025-11-06T12:04:13.108+0700][22.755s][info][gc,marking  ] GC(247) Concurrent Cleanup for Next Mark 6.994ms
[2025-11-06T12:04:13.108+0700][22.755s][info][gc          ] GC(247) Concurrent Mark Cycle 37.575ms
[2025-11-06T12:04:13.109+0700][22.756s][info][gc,start    ] GC(248) Pause Young (Concurrent Start) (G1 Humongous Allocation)
[2025-11-06T12:04:13.109+0700][22.756s][info][gc,task     ] GC(248) Using 20 workers of 20 for evacuation
[2025-11-06T12:04:13.110+0700][22.756s][info][gc,phases   ] GC(248)   Pre Evacuate Collection Set: 0.1ms
[2025-11-06T12:04:13.110+0700][22.756s][info][gc,phases   ] GC(248)   Merge Heap Roots: 0.1ms
[2025-11-06T12:04:13.110+0700][22.756s][info][gc,phases   ] GC(248)   Evacuate Collection Set: 0.2ms
[2025-11-06T12:04:13.110+0700][22.756s][info][gc,phases   ] GC(248)   Post Evacuate Collection Set: 0.1ms
[2025-11-06T12:04:13.110+0700][22.756s][info][gc,phases   ] GC(248)   Other: 0.1ms
[2025-11-06T12:04:13.110+0700][22.756s][info][gc,heap     ] GC(248) Eden regions: 0->0(566)
[2025-11-06T12:04:13.110+0700][22.756s][info][gc,heap     ] GC(248) Survivor regions: 1->1(71)
[2025-11-06T12:04:13.110+0700][22.756s][info][gc,heap     ] GC(248) Old regions: 1->1
[2025-11-06T12:04:13.110+0700][22.756s][info][gc,heap     ] GC(248) Archive regions: 0->0
[2025-11-06T12:04:13.110+0700][22.756s][info][gc,heap     ] GC(248) Humongous regions: 1149->1149
[2025-11-06T12:04:13.110+0700][22.756s][info][gc,metaspace] GC(248) Metaspace: 9471K(9728K)->9471K(9728K) NonClass: 8331K(8448K)->8331K(8448K) Class: 1140K(1280K)->1140K(1280K)
[2025-11-06T12:04:13.110+0700][22.756s][info][gc          ] GC(248) Pause Young (Concurrent Start) (G1 Humongous Allocation) 4598M->4598M(7636M) 0.685ms
[2025-11-06T12:04:13.110+0700][22.756s][info][gc,cpu      ] GC(248) User=0.00s Sys=0.00s Real=0.00s
[2025-11-06T12:04:13.110+0700][22.756s][info][gc          ] GC(249) Concurrent Mark Cycle
[2025-11-06T12:04:13.110+0700][22.756s][info][gc,marking  ] GC(249) Concurrent Clear Claimed Marks
[2025-11-06T12:04:13.110+0700][22.756s][info][gc,marking  ] GC(249) Concurrent Clear Claimed Marks 0.007ms
[2025-11-06T12:04:13.110+0700][22.756s][info][gc,marking  ] GC(249) Concurrent Scan Root Regions
[2025-11-06T12:04:13.110+0700][22.756s][info][gc,marking  ] GC(249) Concurrent Scan Root Regions 0.049ms
[2025-11-06T12:04:13.110+0700][22.756s][info][gc,marking  ] GC(249) Concurrent Mark
[2025-11-06T12:04:13.110+0700][22.756s][info][gc,marking  ] GC(249) Concurrent Mark From Roots
[2025-11-06T12:04:13.110+0700][22.756s][info][gc,task     ] GC(249) Using 5 workers of 5 for marking
[2025-11-06T12:04:13.112+0700][22.759s][info][gc,marking  ] GC(249) Concurrent Mark From Roots 2.458ms
[2025-11-06T12:04:13.112+0700][22.759s][info][gc,marking  ] GC(249) Concurrent Preclean
[2025-11-06T12:04:13.112+0700][22.759s][info][gc,marking  ] GC(249) Concurrent Preclean 0.107ms
[2025-11-06T12:04:13.117+0700][22.763s][info][gc,start    ] GC(249) Pause Remark
[2025-11-06T12:04:13.117+0700][22.764s][info][gc          ] GC(249) Pause Remark 4610M->4610M(7696M) 0.790ms
[2025-11-06T12:04:13.117+0700][22.764s][info][gc,cpu      ] GC(249) User=0.00s Sys=0.00s Real=0.00s
[2025-11-06T12:04:13.117+0700][22.764s][info][gc,marking  ] GC(249) Concurrent Mark 7.685ms
[2025-11-06T12:04:13.117+0700][22.764s][info][gc,marking  ] GC(249) Concurrent Rebuild Remembered Sets
[2025-11-06T12:04:13.119+0700][22.765s][info][gc,marking  ] GC(249) Concurrent Rebuild Remembered Sets 1.173ms
[2025-11-06T12:04:13.133+0700][22.779s][info][gc,start    ] GC(249) Pause Cleanup
[2025-11-06T12:04:13.133+0700][22.779s][info][gc          ] GC(249) Pause Cleanup 4622M->4622M(7696M) 0.249ms
[2025-11-06T12:04:13.133+0700][22.780s][info][gc,cpu      ] GC(249) User=0.00s Sys=0.00s Real=0.00s
[2025-11-06T12:04:13.133+0700][22.780s][info][gc,marking  ] GC(249) Concurrent Cleanup for Next Mark
[2025-11-06T12:04:13.141+0700][22.787s][info][gc,marking  ] GC(249) Concurrent Cleanup for Next Mark 7.926ms
[2025-11-06T12:04:13.141+0700][22.788s][info][gc          ] GC(249) Concurrent Mark Cycle 31.229ms
[2025-11-06T12:04:13.144+0700][22.791s][info][gc,start    ] GC(250) Pause Young (Concurrent Start) (G1 Humongous Allocation)
[2025-11-06T12:04:13.144+0700][22.791s][info][gc,task     ] GC(250) Using 20 workers of 20 for evacuation
[2025-11-06T12:04:13.145+0700][22.791s][info][gc,phases   ] GC(250)   Pre Evacuate Collection Set: 0.2ms
[2025-11-06T12:04:13.145+0700][22.791s][info][gc,phases   ] GC(250)   Merge Heap Roots: 0.1ms
[2025-11-06T12:04:13.145+0700][22.791s][info][gc,phases   ] GC(250)   Evacuate Collection Set: 0.2ms
[2025-11-06T12:04:13.145+0700][22.791s][info][gc,phases   ] GC(250)   Post Evacuate Collection Set: 0.1ms
[2025-11-06T12:04:13.145+0700][22.791s][info][gc,phases   ] GC(250)   Other: 0.2ms
[2025-11-06T12:04:13.145+0700][22.791s][info][gc,heap     ] GC(250) Eden regions: 0->0(567)
[2025-11-06T12:04:13.145+0700][22.791s][info][gc,heap     ] GC(250) Survivor regions: 1->1(71)
[2025-11-06T12:04:13.145+0700][22.791s][info][gc,heap     ] GC(250) Old regions: 1->1
[2025-11-06T12:04:13.145+0700][22.791s][info][gc,heap     ] GC(250) Archive regions: 0->0
[2025-11-06T12:04:13.145+0700][22.791s][info][gc,heap     ] GC(250) Humongous regions: 1161->1161
[2025-11-06T12:04:13.145+0700][22.791s][info][gc,metaspace] GC(250) Metaspace: 9471K(9728K)->9471K(9728K) NonClass: 8331K(8448K)->8331K(8448K) Class: 1140K(1280K)->1140K(1280K)
[2025-11-06T12:04:13.145+0700][22.791s][info][gc          ] GC(250) Pause Young (Concurrent Start) (G1 Humongous Allocation) 4646M->4646M(7696M) 0.714ms
[2025-11-06T12:04:13.145+0700][22.791s][info][gc,cpu      ] GC(250) User=0.00s Sys=0.00s Real=0.00s
[2025-11-06T12:04:13.145+0700][22.791s][info][gc          ] GC(251) Concurrent Mark Cycle
[2025-11-06T12:04:13.145+0700][22.791s][info][gc,marking  ] GC(251) Concurrent Clear Claimed Marks
[2025-11-06T12:04:13.145+0700][22.791s][info][gc,marking  ] GC(251) Concurrent Clear Claimed Marks 0.014ms
[2025-11-06T12:04:13.145+0700][22.791s][info][gc,marking  ] GC(251) Concurrent Scan Root Regions
[2025-11-06T12:04:13.145+0700][22.792s][info][gc,marking  ] GC(251) Concurrent Scan Root Regions 0.061ms
[2025-11-06T12:04:13.145+0700][22.792s][info][gc,marking  ] GC(251) Concurrent Mark
[2025-11-06T12:04:13.145+0700][22.792s][info][gc,marking  ] GC(251) Concurrent Mark From Roots
[2025-11-06T12:04:13.145+0700][22.792s][info][gc,task     ] GC(251) Using 5 workers of 5 for marking
[2025-11-06T12:04:13.147+0700][22.794s][info][gc,marking  ] GC(251) Concurrent Mark From Roots 2.257ms
[2025-11-06T12:04:13.147+0700][22.794s][info][gc,marking  ] GC(251) Concurrent Preclean
[2025-11-06T12:04:13.147+0700][22.794s][info][gc,marking  ] GC(251) Concurrent Preclean 0.103ms
[2025-11-06T12:04:13.148+0700][22.795s][info][gc,start    ] GC(251) Pause Remark
[2025-11-06T12:04:13.149+0700][22.796s][info][gc          ] GC(251) Pause Remark 4658M->4658M(7776M) 1.082ms
[2025-11-06T12:04:13.149+0700][22.796s][info][gc,cpu      ] GC(251) User=0.00s Sys=0.00s Real=0.00s
[2025-11-06T12:04:13.149+0700][22.796s][info][gc,marking  ] GC(251) Concurrent Mark 4.466ms
[2025-11-06T12:04:13.149+0700][22.796s][info][gc,marking  ] GC(251) Concurrent Rebuild Remembered Sets
[2025-11-06T12:04:13.151+0700][22.798s][info][gc,marking  ] GC(251) Concurrent Rebuild Remembered Sets 1.468ms
[2025-11-06T12:04:13.164+0700][22.810s][info][gc,start    ] GC(251) Pause Cleanup
[2025-11-06T12:04:13.164+0700][22.811s][info][gc          ] GC(251) Pause Cleanup 4670M->4670M(7776M) 0.237ms
[2025-11-06T12:04:13.164+0700][22.811s][info][gc,cpu      ] GC(251) User=0.00s Sys=0.00s Real=0.00s
[2025-11-06T12:04:13.164+0700][22.811s][info][gc,marking  ] GC(251) Concurrent Cleanup for Next Mark
[2025-11-06T12:04:13.172+0700][22.819s][info][gc,marking  ] GC(251) Concurrent Cleanup for Next Mark 7.826ms
[2025-11-06T12:04:13.172+0700][22.819s][info][gc          ] GC(251) Concurrent Mark Cycle 27.248ms
[2025-11-06T12:04:13.676+0700][23.322s][info][gc,start    ] GC(252) Pause Young (Concurrent Start) (G1 Humongous Allocation)
[2025-11-06T12:04:13.676+0700][23.322s][info][gc,task     ] GC(252) Using 20 workers of 20 for evacuation
[2025-11-06T12:04:13.676+0700][23.323s][info][gc,phases   ] GC(252)   Pre Evacuate Collection Set: 0.1ms
[2025-11-06T12:04:13.676+0700][23.323s][info][gc,phases   ] GC(252)   Merge Heap Roots: 0.1ms
[2025-11-06T12:04:13.676+0700][23.323s][info][gc,phases   ] GC(252)   Evacuate Collection Set: 0.1ms
[2025-11-06T12:04:13.676+0700][23.323s][info][gc,phases   ] GC(252)   Post Evacuate Collection Set: 0.1ms
[2025-11-06T12:04:13.676+0700][23.323s][info][gc,phases   ] GC(252)   Other: 0.1ms
[2025-11-06T12:04:13.676+0700][23.323s][info][gc,heap     ] GC(252) Eden regions: 1->0(576)
[2025-11-06T12:04:13.676+0700][23.323s][info][gc,heap     ] GC(252) Survivor regions: 1->1(71)
[2025-11-06T12:04:13.676+0700][23.323s][info][gc,heap     ] GC(252) Old regions: 1->1
[2025-11-06T12:04:13.676+0700][23.323s][info][gc,heap     ] GC(252) Archive regions: 0->0
[2025-11-06T12:04:13.676+0700][23.323s][info][gc,heap     ] GC(252) Humongous regions: 1170->1170
[2025-11-06T12:04:13.676+0700][23.323s][info][gc,metaspace] GC(252) Metaspace: 9471K(9728K)->9471K(9728K) NonClass: 8331K(8448K)->8331K(8448K) Class: 1140K(1280K)->1140K(1280K)
[2025-11-06T12:04:13.676+0700][23.323s][info][gc          ] GC(252) Pause Young (Concurrent Start) (G1 Humongous Allocation) 4684M->4682M(7776M) 0.610ms
[2025-11-06T12:04:13.676+0700][23.323s][info][gc,cpu      ] GC(252) User=0.00s Sys=0.00s Real=0.00s
[2025-11-06T12:04:13.676+0700][23.323s][info][gc          ] GC(253) Concurrent Mark Cycle
[2025-11-06T12:04:13.676+0700][23.323s][info][gc,marking  ] GC(253) Concurrent Clear Claimed Marks
[2025-11-06T12:04:13.676+0700][23.323s][info][gc,marking  ] GC(253) Concurrent Clear Claimed Marks 0.007ms
[2025-11-06T12:04:13.676+0700][23.323s][info][gc,marking  ] GC(253) Concurrent Scan Root Regions
[2025-11-06T12:04:13.676+0700][23.323s][info][gc,marking  ] GC(253) Concurrent Scan Root Regions 0.046ms
[2025-11-06T12:04:13.676+0700][23.323s][info][gc,marking  ] GC(253) Concurrent Mark
[2025-11-06T12:04:13.676+0700][23.323s][info][gc,marking  ] GC(253) Concurrent Mark From Roots
[2025-11-06T12:04:13.676+0700][23.323s][info][gc,task     ] GC(253) Using 5 workers of 5 for marking
[2025-11-06T12:04:13.679+0700][23.325s][info][gc,marking  ] GC(253) Concurrent Mark From Roots 2.431ms
[2025-11-06T12:04:13.679+0700][23.325s][info][gc,marking  ] GC(253) Concurrent Preclean
[2025-11-06T12:04:13.679+0700][23.326s][info][gc,marking  ] GC(253) Concurrent Preclean 0.171ms
[2025-11-06T12:04:13.680+0700][23.326s][info][gc,start    ] GC(253) Pause Remark
[2025-11-06T12:04:13.680+0700][23.327s][info][gc          ] GC(253) Pause Remark 4694M->4694M(7836M) 0.683ms
[2025-11-06T12:04:13.680+0700][23.327s][info][gc,cpu      ] GC(253) User=0.00s Sys=0.00s Real=0.00s
[2025-11-06T12:04:13.680+0700][23.327s][info][gc,marking  ] GC(253) Concurrent Mark 4.030ms
[2025-11-06T12:04:13.680+0700][23.327s][info][gc,marking  ] GC(253) Concurrent Rebuild Remembered Sets
[2025-11-06T12:04:13.682+0700][23.328s][info][gc,marking  ] GC(253) Concurrent Rebuild Remembered Sets 1.104ms
[2025-11-06T12:04:13.692+0700][23.338s][info][gc,start    ] GC(253) Pause Cleanup
[2025-11-06T12:04:13.692+0700][23.338s][info][gc          ] GC(253) Pause Cleanup 4706M->4706M(7836M) 0.248ms
[2025-11-06T12:04:13.692+0700][23.338s][info][gc,cpu      ] GC(253) User=0.00s Sys=0.00s Real=0.00s
[2025-11-06T12:04:13.692+0700][23.338s][info][gc,marking  ] GC(253) Concurrent Cleanup for Next Mark
[2025-11-06T12:04:13.699+0700][23.346s][info][gc,marking  ] GC(253) Concurrent Cleanup for Next Mark 7.565ms
[2025-11-06T12:04:13.700+0700][23.346s][info][gc          ] GC(253) Concurrent Mark Cycle 23.292ms
[2025-11-06T12:04:13.702+0700][23.348s][info][gc,start    ] GC(254) Pause Young (Concurrent Start) (G1 Humongous Allocation)
[2025-11-06T12:04:13.702+0700][23.348s][info][gc,task     ] GC(254) Using 20 workers of 20 for evacuation
[2025-11-06T12:04:13.703+0700][23.349s][info][gc,phases   ] GC(254)   Pre Evacuate Collection Set: 0.2ms
[2025-11-06T12:04:13.703+0700][23.349s][info][gc,phases   ] GC(254)   Merge Heap Roots: 0.1ms
[2025-11-06T12:04:13.703+0700][23.349s][info][gc,phases   ] GC(254)   Evacuate Collection Set: 0.3ms
[2025-11-06T12:04:13.703+0700][23.349s][info][gc,phases   ] GC(254)   Post Evacuate Collection Set: 0.2ms
[2025-11-06T12:04:13.703+0700][23.349s][info][gc,phases   ] GC(254)   Other: 0.3ms
[2025-11-06T12:04:13.703+0700][23.349s][info][gc,heap     ] GC(254) Eden regions: 0->0(578)
[2025-11-06T12:04:13.703+0700][23.349s][info][gc,heap     ] GC(254) Survivor regions: 1->1(73)
[2025-11-06T12:04:13.703+0700][23.349s][info][gc,heap     ] GC(254) Old regions: 1->1
[2025-11-06T12:04:13.703+0700][23.349s][info][gc,heap     ] GC(254) Archive regions: 0->0
[2025-11-06T12:04:13.703+0700][23.349s][info][gc,heap     ] GC(254) Humongous regions: 1182->1182
[2025-11-06T12:04:13.703+0700][23.349s][info][gc,metaspace] GC(254) Metaspace: 9471K(9728K)->9471K(9728K) NonClass: 8331K(8448K)->8331K(8448K) Class: 1140K(1280K)->1140K(1280K)
[2025-11-06T12:04:13.703+0700][23.349s][info][gc          ] GC(254) Pause Young (Concurrent Start) (G1 Humongous Allocation) 4730M->4730M(7836M) 1.131ms
[2025-11-06T12:04:13.703+0700][23.349s][info][gc,cpu      ] GC(254) User=0.00s Sys=0.00s Real=0.00s
[2025-11-06T12:04:13.703+0700][23.349s][info][gc          ] GC(255) Concurrent Mark Cycle
[2025-11-06T12:04:13.703+0700][23.349s][info][gc,marking  ] GC(255) Concurrent Clear Claimed Marks
[2025-11-06T12:04:13.703+0700][23.349s][info][gc,marking  ] GC(255) Concurrent Clear Claimed Marks 0.007ms
[2025-11-06T12:04:13.703+0700][23.349s][info][gc,marking  ] GC(255) Concurrent Scan Root Regions
[2025-11-06T12:04:13.703+0700][23.350s][info][gc,marking  ] GC(255) Concurrent Scan Root Regions 0.090ms
[2025-11-06T12:04:13.703+0700][23.350s][info][gc,marking  ] GC(255) Concurrent Mark
[2025-11-06T12:04:13.703+0700][23.350s][info][gc,marking  ] GC(255) Concurrent Mark From Roots
[2025-11-06T12:04:13.703+0700][23.350s][info][gc,task     ] GC(255) Using 5 workers of 5 for marking
[2025-11-06T12:04:13.706+0700][23.353s][info][gc,marking  ] GC(255) Concurrent Mark From Roots 2.927ms
[2025-11-06T12:04:13.706+0700][23.353s][info][gc,marking  ] GC(255) Concurrent Preclean
[2025-11-06T12:04:13.706+0700][23.353s][info][gc,marking  ] GC(255) Concurrent Preclean 0.104ms
[2025-11-06T12:04:13.707+0700][23.353s][info][gc,start    ] GC(255) Pause Remark
[2025-11-06T12:04:13.708+0700][23.354s][info][gc          ] GC(255) Pause Remark 4742M->4742M(7916M) 0.711ms
[2025-11-06T12:04:13.708+0700][23.354s][info][gc,cpu      ] GC(255) User=0.00s Sys=0.00s Real=0.00s
[2025-11-06T12:04:13.708+0700][23.354s][info][gc,marking  ] GC(255) Concurrent Mark 4.491ms
[2025-11-06T12:04:13.708+0700][23.354s][info][gc,marking  ] GC(255) Concurrent Rebuild Remembered Sets
[2025-11-06T12:04:13.709+0700][23.355s][info][gc,marking  ] GC(255) Concurrent Rebuild Remembered Sets 1.190ms
[2025-11-06T12:04:13.722+0700][23.368s][info][gc,start    ] GC(255) Pause Cleanup
[2025-11-06T12:04:13.722+0700][23.368s][info][gc          ] GC(255) Pause Cleanup 4754M->4754M(7916M) 0.248ms
[2025-11-06T12:04:13.722+0700][23.368s][info][gc,cpu      ] GC(255) User=0.00s Sys=0.00s Real=0.00s
[2025-11-06T12:04:13.722+0700][23.368s][info][gc,marking  ] GC(255) Concurrent Cleanup for Next Mark
[2025-11-06T12:04:13.729+0700][23.375s][info][gc,marking  ] GC(255) Concurrent Cleanup for Next Mark 7.080ms
[2025-11-06T12:04:13.729+0700][23.376s][info][gc          ] GC(255) Concurrent Mark Cycle 26.118ms
[2025-11-06T12:04:13.729+0700][23.376s][info][gc,start    ] GC(256) Pause Young (Concurrent Start) (G1 Humongous Allocation)
[2025-11-06T12:04:13.729+0700][23.376s][info][gc,task     ] GC(256) Using 20 workers of 20 for evacuation
[2025-11-06T12:04:13.730+0700][23.377s][info][gc,phases   ] GC(256)   Pre Evacuate Collection Set: 0.1ms
[2025-11-06T12:04:13.730+0700][23.377s][info][gc,phases   ] GC(256)   Merge Heap Roots: 0.1ms
[2025-11-06T12:04:13.730+0700][23.377s][info][gc,phases   ] GC(256)   Evacuate Collection Set: 0.3ms
[2025-11-06T12:04:13.730+0700][23.377s][info][gc,phases   ] GC(256)   Post Evacuate Collection Set: 0.1ms
[2025-11-06T12:04:13.730+0700][23.377s][info][gc,phases   ] GC(256)   Other: 0.1ms
[2025-11-06T12:04:13.730+0700][23.377s][info][gc,heap     ] GC(256) Eden regions: 0->0(587)
[2025-11-06T12:04:13.730+0700][23.377s][info][gc,heap     ] GC(256) Survivor regions: 1->1(73)
[2025-11-06T12:04:13.730+0700][23.377s][info][gc,heap     ] GC(256) Old regions: 1->1
[2025-11-06T12:04:13.730+0700][23.377s][info][gc,heap     ] GC(256) Archive regions: 0->0
[2025-11-06T12:04:13.730+0700][23.377s][info][gc,heap     ] GC(256) Humongous regions: 1191->1191
[2025-11-06T12:04:13.730+0700][23.377s][info][gc,metaspace] GC(256) Metaspace: 9471K(9728K)->9471K(9728K) NonClass: 8331K(8448K)->8331K(8448K) Class: 1140K(1280K)->1140K(1280K)
[2025-11-06T12:04:13.730+0700][23.377s][info][gc          ] GC(256) Pause Young (Concurrent Start) (G1 Humongous Allocation) 4766M->4766M(7916M) 0.830ms
[2025-11-06T12:04:13.730+0700][23.377s][info][gc,cpu      ] GC(256) User=0.00s Sys=0.00s Real=0.00s
[2025-11-06T12:04:13.730+0700][23.377s][info][gc          ] GC(257) Concurrent Mark Cycle
[2025-11-06T12:04:13.730+0700][23.377s][info][gc,marking  ] GC(257) Concurrent Clear Claimed Marks
[2025-11-06T12:04:13.730+0700][23.377s][info][gc,marking  ] GC(257) Concurrent Clear Claimed Marks 0.020ms
[2025-11-06T12:04:13.730+0700][23.377s][info][gc,marking  ] GC(257) Concurrent Scan Root Regions
[2025-11-06T12:04:13.730+0700][23.377s][info][gc,marking  ] GC(257) Concurrent Scan Root Regions 0.042ms
[2025-11-06T12:04:13.730+0700][23.377s][info][gc,marking  ] GC(257) Concurrent Mark
[2025-11-06T12:04:13.730+0700][23.377s][info][gc,marking  ] GC(257) Concurrent Mark From Roots
[2025-11-06T12:04:13.730+0700][23.377s][info][gc,task     ] GC(257) Using 5 workers of 5 for marking
[2025-11-06T12:04:13.733+0700][23.379s][info][gc,marking  ] GC(257) Concurrent Mark From Roots 2.678ms
[2025-11-06T12:04:13.733+0700][23.379s][info][gc,marking  ] GC(257) Concurrent Preclean
[2025-11-06T12:04:13.733+0700][23.380s][info][gc,marking  ] GC(257) Concurrent Preclean 0.104ms
[2025-11-06T12:04:13.734+0700][23.380s][info][gc,start    ] GC(257) Pause Remark
[2025-11-06T12:04:13.734+0700][23.381s][info][gc          ] GC(257) Pause Remark 4778M->4778M(7976M) 0.678ms
[2025-11-06T12:04:13.734+0700][23.381s][info][gc,cpu      ] GC(257) User=0.00s Sys=0.00s Real=0.00s
[2025-11-06T12:04:13.735+0700][23.381s][info][gc,marking  ] GC(257) Concurrent Mark 4.309ms
[2025-11-06T12:04:13.735+0700][23.381s][info][gc,marking  ] GC(257) Concurrent Rebuild Remembered Sets
[2025-11-06T12:04:13.736+0700][23.383s][info][gc,marking  ] GC(257) Concurrent Rebuild Remembered Sets 1.497ms
[2025-11-06T12:04:13.753+0700][23.399s][info][gc,start    ] GC(257) Pause Cleanup
[2025-11-06T12:04:13.753+0700][23.399s][info][gc          ] GC(257) Pause Cleanup 4790M->4790M(7976M) 0.336ms
[2025-11-06T12:04:13.753+0700][23.399s][info][gc,cpu      ] GC(257) User=0.00s Sys=0.00s Real=0.00s
[2025-11-06T12:04:13.753+0700][23.400s][info][gc,marking  ] GC(257) Concurrent Cleanup for Next Mark
[2025-11-06T12:04:13.760+0700][23.407s][info][gc,marking  ] GC(257) Concurrent Cleanup for Next Mark 7.319ms
[2025-11-06T12:04:13.760+0700][23.407s][info][gc          ] GC(257) Concurrent Mark Cycle 30.278ms
[2025-11-06T12:04:14.264+0700][23.910s][info][gc,start    ] GC(258) Pause Young (Concurrent Start) (G1 Humongous Allocation)
[2025-11-06T12:04:14.264+0700][23.910s][info][gc,task     ] GC(258) Using 20 workers of 20 for evacuation
[2025-11-06T12:04:14.264+0700][23.911s][info][gc,phases   ] GC(258)   Pre Evacuate Collection Set: 0.1ms
[2025-11-06T12:04:14.264+0700][23.911s][info][gc,phases   ] GC(258)   Merge Heap Roots: 0.0ms
[2025-11-06T12:04:14.264+0700][23.911s][info][gc,phases   ] GC(258)   Evacuate Collection Set: 0.1ms
[2025-11-06T12:04:14.264+0700][23.911s][info][gc,phases   ] GC(258)   Post Evacuate Collection Set: 0.1ms
[2025-11-06T12:04:14.264+0700][23.911s][info][gc,phases   ] GC(258)   Other: 0.2ms
[2025-11-06T12:04:14.264+0700][23.911s][info][gc,heap     ] GC(258) Eden regions: 1->0(591)
[2025-11-06T12:04:14.264+0700][23.911s][info][gc,heap     ] GC(258) Survivor regions: 1->1(74)
[2025-11-06T12:04:14.264+0700][23.911s][info][gc,heap     ] GC(258) Old regions: 1->1
[2025-11-06T12:04:14.264+0700][23.911s][info][gc,heap     ] GC(258) Archive regions: 0->0
[2025-11-06T12:04:14.264+0700][23.911s][info][gc,heap     ] GC(258) Humongous regions: 1200->1200
[2025-11-06T12:04:14.264+0700][23.911s][info][gc,metaspace] GC(258) Metaspace: 9471K(9728K)->9471K(9728K) NonClass: 8331K(8448K)->8331K(8448K) Class: 1140K(1280K)->1140K(1280K)
[2025-11-06T12:04:14.264+0700][23.911s][info][gc          ] GC(258) Pause Young (Concurrent Start) (G1 Humongous Allocation) 4804M->4802M(7976M) 0.619ms
[2025-11-06T12:04:14.264+0700][23.911s][info][gc,cpu      ] GC(258) User=0.00s Sys=0.00s Real=0.00s
[2025-11-06T12:04:14.264+0700][23.911s][info][gc          ] GC(259) Concurrent Mark Cycle
[2025-11-06T12:04:14.264+0700][23.911s][info][gc,marking  ] GC(259) Concurrent Clear Claimed Marks
[2025-11-06T12:04:14.264+0700][23.911s][info][gc,marking  ] GC(259) Concurrent Clear Claimed Marks 0.018ms
[2025-11-06T12:04:14.264+0700][23.911s][info][gc,marking  ] GC(259) Concurrent Scan Root Regions
[2025-11-06T12:04:14.265+0700][23.911s][info][gc,marking  ] GC(259) Concurrent Scan Root Regions 0.228ms
[2025-11-06T12:04:14.265+0700][23.911s][info][gc,marking  ] GC(259) Concurrent Mark
[2025-11-06T12:04:14.265+0700][23.911s][info][gc,marking  ] GC(259) Concurrent Mark From Roots
[2025-11-06T12:04:14.265+0700][23.911s][info][gc,task     ] GC(259) Using 5 workers of 5 for marking
[2025-11-06T12:04:14.267+0700][23.914s][info][gc,marking  ] GC(259) Concurrent Mark From Roots 2.725ms
[2025-11-06T12:04:14.267+0700][23.914s][info][gc,marking  ] GC(259) Concurrent Preclean
[2025-11-06T12:04:14.268+0700][23.914s][info][gc,marking  ] GC(259) Concurrent Preclean 0.105ms
[2025-11-06T12:04:14.268+0700][23.915s][info][gc,start    ] GC(259) Pause Remark
[2025-11-06T12:04:14.269+0700][23.916s][info][gc          ] GC(259) Pause Remark 4814M->4814M(8036M) 1.043ms
[2025-11-06T12:04:14.269+0700][23.916s][info][gc,cpu      ] GC(259) User=0.20s Sys=0.00s Real=0.00s
[2025-11-06T12:04:14.269+0700][23.916s][info][gc,marking  ] GC(259) Concurrent Mark 4.610ms
[2025-11-06T12:04:14.269+0700][23.916s][info][gc,marking  ] GC(259) Concurrent Rebuild Remembered Sets
[2025-11-06T12:04:14.271+0700][23.917s][info][gc,marking  ] GC(259) Concurrent Rebuild Remembered Sets 1.331ms
[2025-11-06T12:04:14.280+0700][23.926s][info][gc,start    ] GC(259) Pause Cleanup
[2025-11-06T12:04:14.280+0700][23.926s][info][gc          ] GC(259) Pause Cleanup 4826M->4826M(8036M) 0.527ms
[2025-11-06T12:04:14.280+0700][23.926s][info][gc,cpu      ] GC(259) User=0.00s Sys=0.00s Real=0.00s
[2025-11-06T12:04:14.280+0700][23.927s][info][gc,marking  ] GC(259) Concurrent Cleanup for Next Mark
[2025-11-06T12:04:14.289+0700][23.936s][info][gc,marking  ] GC(259) Concurrent Cleanup for Next Mark 9.245ms
[2025-11-06T12:04:14.289+0700][23.936s][info][gc          ] GC(259) Concurrent Mark Cycle 25.191ms
[2025-11-06T12:04:14.291+0700][23.938s][info][gc,start    ] GC(260) Pause Young (Concurrent Start) (G1 Humongous Allocation)
[2025-11-06T12:04:14.291+0700][23.938s][info][gc,task     ] GC(260) Using 20 workers of 20 for evacuation
[2025-11-06T12:04:14.292+0700][23.938s][info][gc,phases   ] GC(260)   Pre Evacuate Collection Set: 0.1ms
[2025-11-06T12:04:14.292+0700][23.938s][info][gc,phases   ] GC(260)   Merge Heap Roots: 0.1ms
[2025-11-06T12:04:14.292+0700][23.938s][info][gc,phases   ] GC(260)   Evacuate Collection Set: 0.3ms
[2025-11-06T12:04:14.292+0700][23.938s][info][gc,phases   ] GC(260)   Post Evacuate Collection Set: 0.1ms
[2025-11-06T12:04:14.292+0700][23.938s][info][gc,phases   ] GC(260)   Other: 0.2ms
[2025-11-06T12:04:14.292+0700][23.938s][info][gc,heap     ] GC(260) Eden regions: 0->0(593)
[2025-11-06T12:04:14.292+0700][23.938s][info][gc,heap     ] GC(260) Survivor regions: 1->1(74)
[2025-11-06T12:04:14.292+0700][23.938s][info][gc,heap     ] GC(260) Old regions: 1->1
[2025-11-06T12:04:14.292+0700][23.938s][info][gc,heap     ] GC(260) Archive regions: 0->0
[2025-11-06T12:04:14.292+0700][23.938s][info][gc,heap     ] GC(260) Humongous regions: 1212->1212
[2025-11-06T12:04:14.292+0700][23.938s][info][gc,metaspace] GC(260) Metaspace: 9471K(9728K)->9471K(9728K) NonClass: 8331K(8448K)->8331K(8448K) Class: 1140K(1280K)->1140K(1280K)
[2025-11-06T12:04:14.292+0700][23.938s][info][gc          ] GC(260) Pause Young (Concurrent Start) (G1 Humongous Allocation) 4850M->4850M(8036M) 0.827ms
[2025-11-06T12:04:14.292+0700][23.938s][info][gc,cpu      ] GC(260) User=0.00s Sys=0.00s Real=0.00s
[2025-11-06T12:04:14.292+0700][23.938s][info][gc          ] GC(261) Concurrent Mark Cycle
[2025-11-06T12:04:14.292+0700][23.938s][info][gc,marking  ] GC(261) Concurrent Clear Claimed Marks
[2025-11-06T12:04:14.292+0700][23.938s][info][gc,marking  ] GC(261) Concurrent Clear Claimed Marks 0.015ms
[2025-11-06T12:04:14.292+0700][23.938s][info][gc,marking  ] GC(261) Concurrent Scan Root Regions
[2025-11-06T12:04:14.292+0700][23.939s][info][gc,marking  ] GC(261) Concurrent Scan Root Regions 0.073ms
[2025-11-06T12:04:14.292+0700][23.939s][info][gc,marking  ] GC(261) Concurrent Mark
[2025-11-06T12:04:14.292+0700][23.939s][info][gc,marking  ] GC(261) Concurrent Mark From Roots
[2025-11-06T12:04:14.292+0700][23.939s][info][gc,task     ] GC(261) Using 5 workers of 5 for marking
[2025-11-06T12:04:14.295+0700][23.941s][info][gc,marking  ] GC(261) Concurrent Mark From Roots 2.635ms
[2025-11-06T12:04:14.295+0700][23.941s][info][gc,marking  ] GC(261) Concurrent Preclean
[2025-11-06T12:04:14.295+0700][23.941s][info][gc,marking  ] GC(261) Concurrent Preclean 0.106ms
[2025-11-06T12:04:14.295+0700][23.942s][info][gc,start    ] GC(261) Pause Remark
[2025-11-06T12:04:14.296+0700][23.943s][info][gc          ] GC(261) Pause Remark 4862M->4862M(8116M) 0.904ms
[2025-11-06T12:04:14.296+0700][23.943s][info][gc,cpu      ] GC(261) User=0.00s Sys=0.00s Real=0.00s
[2025-11-06T12:04:14.296+0700][23.943s][info][gc,marking  ] GC(261) Concurrent Mark 4.206ms
[2025-11-06T12:04:14.296+0700][23.943s][info][gc,marking  ] GC(261) Concurrent Rebuild Remembered Sets
[2025-11-06T12:04:14.298+0700][23.944s][info][gc,marking  ] GC(261) Concurrent Rebuild Remembered Sets 1.273ms
[2025-11-06T12:04:14.312+0700][23.958s][info][gc,start    ] GC(261) Pause Cleanup
[2025-11-06T12:04:14.312+0700][23.958s][info][gc          ] GC(261) Pause Cleanup 4874M->4874M(8116M) 0.256ms
[2025-11-06T12:04:14.312+0700][23.958s][info][gc,cpu      ] GC(261) User=0.00s Sys=0.00s Real=0.00s
[2025-11-06T12:04:14.312+0700][23.958s][info][gc,marking  ] GC(261) Concurrent Cleanup for Next Mark
[2025-11-06T12:04:14.321+0700][23.967s][info][gc,marking  ] GC(261) Concurrent Cleanup for Next Mark 8.953ms
[2025-11-06T12:04:14.321+0700][23.967s][info][gc          ] GC(261) Concurrent Mark Cycle 28.981ms
[2025-11-06T12:04:14.322+0700][23.968s][info][gc,start    ] GC(262) Pause Young (Concurrent Start) (G1 Humongous Allocation)
[2025-11-06T12:04:14.322+0700][23.968s][info][gc,task     ] GC(262) Using 20 workers of 20 for evacuation
[2025-11-06T12:04:14.322+0700][23.969s][info][gc,phases   ] GC(262)   Pre Evacuate Collection Set: 0.1ms
[2025-11-06T12:04:14.322+0700][23.969s][info][gc,phases   ] GC(262)   Merge Heap Roots: 0.1ms
[2025-11-06T12:04:14.322+0700][23.969s][info][gc,phases   ] GC(262)   Evacuate Collection Set: 0.1ms
[2025-11-06T12:04:14.322+0700][23.969s][info][gc,phases   ] GC(262)   Post Evacuate Collection Set: 0.1ms
[2025-11-06T12:04:14.322+0700][23.969s][info][gc,phases   ] GC(262)   Other: 0.2ms
[2025-11-06T12:04:14.322+0700][23.969s][info][gc,heap     ] GC(262) Eden regions: 0->0(602)
[2025-11-06T12:04:14.322+0700][23.969s][info][gc,heap     ] GC(262) Survivor regions: 1->1(75)
[2025-11-06T12:04:14.322+0700][23.969s][info][gc,heap     ] GC(262) Old regions: 1->1
[2025-11-06T12:04:14.323+0700][23.969s][info][gc,heap     ] GC(262) Archive regions: 0->0
[2025-11-06T12:04:14.323+0700][23.969s][info][gc,heap     ] GC(262) Humongous regions: 1221->1221
[2025-11-06T12:04:14.323+0700][23.969s][info][gc,metaspace] GC(262) Metaspace: 9471K(9728K)->9471K(9728K) NonClass: 8331K(8448K)->8331K(8448K) Class: 1140K(1280K)->1140K(1280K)
[2025-11-06T12:04:14.323+0700][23.969s][info][gc          ] GC(262) Pause Young (Concurrent Start) (G1 Humongous Allocation) 4886M->4886M(8116M) 0.733ms
[2025-11-06T12:04:14.323+0700][23.969s][info][gc,cpu      ] GC(262) User=0.00s Sys=0.00s Real=0.00s
[2025-11-06T12:04:14.323+0700][23.969s][info][gc          ] GC(263) Concurrent Mark Cycle
[2025-11-06T12:04:14.323+0700][23.969s][info][gc,marking  ] GC(263) Concurrent Clear Claimed Marks
[2025-11-06T12:04:14.323+0700][23.969s][info][gc,marking  ] GC(263) Concurrent Clear Claimed Marks 0.009ms
[2025-11-06T12:04:14.323+0700][23.969s][info][gc,marking  ] GC(263) Concurrent Scan Root Regions
[2025-11-06T12:04:14.323+0700][23.969s][info][gc,marking  ] GC(263) Concurrent Scan Root Regions 0.061ms
[2025-11-06T12:04:14.323+0700][23.969s][info][gc,marking  ] GC(263) Concurrent Mark
[2025-11-06T12:04:14.323+0700][23.969s][info][gc,marking  ] GC(263) Concurrent Mark From Roots
[2025-11-06T12:04:14.323+0700][23.969s][info][gc,task     ] GC(263) Using 5 workers of 5 for marking
[2025-11-06T12:04:14.325+0700][23.972s][info][gc,marking  ] GC(263) Concurrent Mark From Roots 2.713ms
[2025-11-06T12:04:14.325+0700][23.972s][info][gc,marking  ] GC(263) Concurrent Preclean
[2025-11-06T12:04:14.326+0700][23.972s][info][gc,marking  ] GC(263) Concurrent Preclean 0.127ms
[2025-11-06T12:04:14.326+0700][23.973s][info][gc,start    ] GC(263) Pause Remark
[2025-11-06T12:04:14.327+0700][23.973s][info][gc          ] GC(263) Pause Remark 4898M->4898M(8132M) 0.569ms
[2025-11-06T12:04:14.327+0700][23.973s][info][gc,cpu      ] GC(263) User=0.00s Sys=0.00s Real=0.00s
[2025-11-06T12:04:14.327+0700][23.973s][info][gc,marking  ] GC(263) Concurrent Mark 4.316ms
[2025-11-06T12:04:14.327+0700][23.973s][info][gc,marking  ] GC(263) Concurrent Rebuild Remembered Sets
[2025-11-06T12:04:14.328+0700][23.974s][info][gc,marking  ] GC(263) Concurrent Rebuild Remembered Sets 1.097ms
[2025-11-06T12:04:14.344+0700][23.990s][info][gc,start    ] GC(263) Pause Cleanup
[2025-11-06T12:04:14.344+0700][23.990s][info][gc          ] GC(263) Pause Cleanup 4910M->4910M(8132M) 0.269ms
[2025-11-06T12:04:14.344+0700][23.990s][info][gc,cpu      ] GC(263) User=0.00s Sys=0.00s Real=0.00s
[2025-11-06T12:04:14.344+0700][23.990s][info][gc,marking  ] GC(263) Concurrent Cleanup for Next Mark
[2025-11-06T12:04:14.352+0700][23.998s][info][gc,marking  ] GC(263) Concurrent Cleanup for Next Mark 8.172ms
[2025-11-06T12:04:14.352+0700][23.999s][info][gc          ] GC(263) Concurrent Mark Cycle 29.830ms
[2025-11-06T12:04:14.851+0700][24.497s][info][gc,start    ] GC(264) Pause Young (Concurrent Start) (G1 Humongous Allocation)
[2025-11-06T12:04:14.851+0700][24.498s][info][gc,task     ] GC(264) Using 20 workers of 20 for evacuation
[2025-11-06T12:04:14.852+0700][24.498s][info][gc,phases   ] GC(264)   Pre Evacuate Collection Set: 0.2ms
[2025-11-06T12:04:14.852+0700][24.498s][info][gc,phases   ] GC(264)   Merge Heap Roots: 0.1ms
[2025-11-06T12:04:14.852+0700][24.498s][info][gc,phases   ] GC(264)   Evacuate Collection Set: 0.2ms
[2025-11-06T12:04:14.852+0700][24.498s][info][gc,phases   ] GC(264)   Post Evacuate Collection Set: 0.1ms
[2025-11-06T12:04:14.852+0700][24.498s][info][gc,phases   ] GC(264)   Other: 0.3ms
[2025-11-06T12:04:14.852+0700][24.498s][info][gc,heap     ] GC(264) Eden regions: 1->0(596)
[2025-11-06T12:04:14.852+0700][24.498s][info][gc,heap     ] GC(264) Survivor regions: 1->1(76)
[2025-11-06T12:04:14.852+0700][24.498s][info][gc,heap     ] GC(264) Old regions: 1->1
[2025-11-06T12:04:14.852+0700][24.498s][info][gc,heap     ] GC(264) Archive regions: 0->0
[2025-11-06T12:04:14.852+0700][24.498s][info][gc,heap     ] GC(264) Humongous regions: 1230->1230
[2025-11-06T12:04:14.852+0700][24.498s][info][gc,metaspace] GC(264) Metaspace: 9471K(9728K)->9471K(9728K) NonClass: 8331K(8448K)->8331K(8448K) Class: 1140K(1280K)->1140K(1280K)
[2025-11-06T12:04:14.852+0700][24.498s][info][gc          ] GC(264) Pause Young (Concurrent Start) (G1 Humongous Allocation) 4924M->4922M(8132M) 0.972ms
[2025-11-06T12:04:14.852+0700][24.498s][info][gc,cpu      ] GC(264) User=0.00s Sys=0.00s Real=0.00s
[2025-11-06T12:04:14.852+0700][24.498s][info][gc          ] GC(265) Concurrent Mark Cycle
[2025-11-06T12:04:14.852+0700][24.499s][info][gc,marking  ] GC(265) Concurrent Clear Claimed Marks
[2025-11-06T12:04:14.852+0700][24.499s][info][gc,marking  ] GC(265) Concurrent Clear Claimed Marks 0.036ms
[2025-11-06T12:04:14.852+0700][24.499s][info][gc,marking  ] GC(265) Concurrent Scan Root Regions
[2025-11-06T12:04:14.852+0700][24.499s][info][gc,marking  ] GC(265) Concurrent Scan Root Regions 0.107ms
[2025-11-06T12:04:14.852+0700][24.499s][info][gc,marking  ] GC(265) Concurrent Mark
[2025-11-06T12:04:14.852+0700][24.499s][info][gc,marking  ] GC(265) Concurrent Mark From Roots
[2025-11-06T12:04:14.852+0700][24.499s][info][gc,task     ] GC(265) Using 5 workers of 5 for marking
[2025-11-06T12:04:14.855+0700][24.501s][info][gc,marking  ] GC(265) Concurrent Mark From Roots 2.251ms
[2025-11-06T12:04:14.855+0700][24.501s][info][gc,marking  ] GC(265) Concurrent Preclean
[2025-11-06T12:04:14.855+0700][24.501s][info][gc,marking  ] GC(265) Concurrent Preclean 0.105ms
[2025-11-06T12:04:14.856+0700][24.502s][info][gc,start    ] GC(265) Pause Remark
[2025-11-06T12:04:14.856+0700][24.502s][info][gc          ] GC(265) Pause Remark 4934M->4934M(8132M) 0.600ms
[2025-11-06T12:04:14.856+0700][24.502s][info][gc,cpu      ] GC(265) User=0.00s Sys=0.00s Real=0.00s
[2025-11-06T12:04:14.856+0700][24.503s][info][gc,marking  ] GC(265) Concurrent Mark 3.800ms
[2025-11-06T12:04:14.856+0700][24.503s][info][gc,marking  ] GC(265) Concurrent Rebuild Remembered Sets
[2025-11-06T12:04:14.857+0700][24.504s][info][gc,marking  ] GC(265) Concurrent Rebuild Remembered Sets 1.205ms
[2025-11-06T12:04:14.867+0700][24.513s][info][gc,start    ] GC(265) Pause Cleanup
[2025-11-06T12:04:14.867+0700][24.513s][info][gc          ] GC(265) Pause Cleanup 4946M->4946M(8132M) 0.231ms
[2025-11-06T12:04:14.867+0700][24.513s][info][gc,cpu      ] GC(265) User=0.00s Sys=0.00s Real=0.00s
[2025-11-06T12:04:14.867+0700][24.513s][info][gc,marking  ] GC(265) Concurrent Cleanup for Next Mark
[2025-11-06T12:04:14.874+0700][24.521s][info][gc,marking  ] GC(265) Concurrent Cleanup for Next Mark 8.084ms
[2025-11-06T12:04:14.875+0700][24.521s][info][gc          ] GC(265) Concurrent Mark Cycle 22.870ms
[2025-11-06T12:04:14.875+0700][24.522s][info][gc,start    ] GC(266) Pause Young (Concurrent Start) (G1 Humongous Allocation)
[2025-11-06T12:04:14.875+0700][24.522s][info][gc,task     ] GC(266) Using 20 workers of 20 for evacuation
[2025-11-06T12:04:14.876+0700][24.523s][info][gc,phases   ] GC(266)   Pre Evacuate Collection Set: 0.2ms
[2025-11-06T12:04:14.876+0700][24.523s][info][gc,phases   ] GC(266)   Merge Heap Roots: 0.1ms
[2025-11-06T12:04:14.876+0700][24.523s][info][gc,phases   ] GC(266)   Evacuate Collection Set: 0.2ms
[2025-11-06T12:04:14.876+0700][24.523s][info][gc,phases   ] GC(266)   Post Evacuate Collection Set: 0.1ms
[2025-11-06T12:04:14.876+0700][24.523s][info][gc,phases   ] GC(266)   Other: 0.2ms
[2025-11-06T12:04:14.876+0700][24.523s][info][gc,heap     ] GC(266) Eden regions: 0->0(587)
[2025-11-06T12:04:14.876+0700][24.523s][info][gc,heap     ] GC(266) Survivor regions: 1->1(75)
[2025-11-06T12:04:14.876+0700][24.523s][info][gc,heap     ] GC(266) Old regions: 1->1
[2025-11-06T12:04:14.876+0700][24.523s][info][gc,heap     ] GC(266) Archive regions: 0->0
[2025-11-06T12:04:14.876+0700][24.523s][info][gc,heap     ] GC(266) Humongous regions: 1239->1239
[2025-11-06T12:04:14.876+0700][24.523s][info][gc,metaspace] GC(266) Metaspace: 9471K(9728K)->9471K(9728K) NonClass: 8331K(8448K)->8331K(8448K) Class: 1140K(1280K)->1140K(1280K)
[2025-11-06T12:04:14.876+0700][24.523s][info][gc          ] GC(266) Pause Young (Concurrent Start) (G1 Humongous Allocation) 4958M->4958M(8132M) 0.785ms
[2025-11-06T12:04:14.876+0700][24.523s][info][gc,cpu      ] GC(266) User=0.00s Sys=0.00s Real=0.00s
[2025-11-06T12:04:14.876+0700][24.523s][info][gc          ] GC(267) Concurrent Mark Cycle
[2025-11-06T12:04:14.876+0700][24.523s][info][gc,marking  ] GC(267) Concurrent Clear Claimed Marks
[2025-11-06T12:04:14.876+0700][24.523s][info][gc,marking  ] GC(267) Concurrent Clear Claimed Marks 0.007ms
[2025-11-06T12:04:14.876+0700][24.523s][info][gc,marking  ] GC(267) Concurrent Scan Root Regions
[2025-11-06T12:04:14.876+0700][24.523s][info][gc,marking  ] GC(267) Concurrent Scan Root Regions 0.081ms
[2025-11-06T12:04:14.876+0700][24.523s][info][gc,marking  ] GC(267) Concurrent Mark
[2025-11-06T12:04:14.876+0700][24.523s][info][gc,marking  ] GC(267) Concurrent Mark From Roots
[2025-11-06T12:04:14.876+0700][24.523s][info][gc,task     ] GC(267) Using 5 workers of 5 for marking
[2025-11-06T12:04:14.879+0700][24.525s][info][gc,marking  ] GC(267) Concurrent Mark From Roots 2.434ms
[2025-11-06T12:04:14.879+0700][24.525s][info][gc,marking  ] GC(267) Concurrent Preclean
[2025-11-06T12:04:14.879+0700][24.526s][info][gc,marking  ] GC(267) Concurrent Preclean 0.103ms
[2025-11-06T12:04:14.879+0700][24.526s][info][gc,start    ] GC(267) Pause Remark
[2025-11-06T12:04:14.880+0700][24.526s][info][gc          ] GC(267) Pause Remark 4970M->4970M(8132M) 0.577ms
[2025-11-06T12:04:14.880+0700][24.526s][info][gc,cpu      ] GC(267) User=0.00s Sys=0.00s Real=0.00s
[2025-11-06T12:04:14.880+0700][24.527s][info][gc,marking  ] GC(267) Concurrent Mark 3.527ms
[2025-11-06T12:04:14.880+0700][24.527s][info][gc,marking  ] GC(267) Concurrent Rebuild Remembered Sets
[2025-11-06T12:04:14.881+0700][24.528s][info][gc,marking  ] GC(267) Concurrent Rebuild Remembered Sets 1.156ms
[2025-11-06T12:04:14.898+0700][24.544s][info][gc,start    ] GC(267) Pause Cleanup
[2025-11-06T12:04:14.898+0700][24.545s][info][gc          ] GC(267) Pause Cleanup 4982M->4982M(8132M) 0.258ms
[2025-11-06T12:04:14.898+0700][24.545s][info][gc,cpu      ] GC(267) User=0.00s Sys=0.00s Real=0.00s
[2025-11-06T12:04:14.898+0700][24.545s][info][gc,marking  ] GC(267) Concurrent Cleanup for Next Mark
[2025-11-06T12:04:14.907+0700][24.554s][info][gc,marking  ] GC(267) Concurrent Cleanup for Next Mark 8.955ms
[2025-11-06T12:04:14.907+0700][24.554s][info][gc          ] GC(267) Concurrent Mark Cycle 30.928ms
[2025-11-06T12:04:14.908+0700][24.555s][info][gc,start    ] GC(268) Pause Young (Concurrent Start) (G1 Humongous Allocation)
[2025-11-06T12:04:14.908+0700][24.555s][info][gc,task     ] GC(268) Using 20 workers of 20 for evacuation
[2025-11-06T12:04:14.909+0700][24.556s][info][gc,phases   ] GC(268)   Pre Evacuate Collection Set: 0.1ms
[2025-11-06T12:04:14.909+0700][24.556s][info][gc,phases   ] GC(268)   Merge Heap Roots: 0.1ms
[2025-11-06T12:04:14.909+0700][24.556s][info][gc,phases   ] GC(268)   Evacuate Collection Set: 0.1ms
[2025-11-06T12:04:14.909+0700][24.556s][info][gc,phases   ] GC(268)   Post Evacuate Collection Set: 0.1ms
[2025-11-06T12:04:14.909+0700][24.556s][info][gc,phases   ] GC(268)   Other: 0.1ms
[2025-11-06T12:04:14.909+0700][24.556s][info][gc,heap     ] GC(268) Eden regions: 0->0(576)
[2025-11-06T12:04:14.909+0700][24.556s][info][gc,heap     ] GC(268) Survivor regions: 1->0(74)
[2025-11-06T12:04:14.909+0700][24.556s][info][gc,heap     ] GC(268) Old regions: 1->1
[2025-11-06T12:04:14.909+0700][24.556s][info][gc,heap     ] GC(268) Archive regions: 0->0
[2025-11-06T12:04:14.909+0700][24.556s][info][gc,heap     ] GC(268) Humongous regions: 1251->1251
[2025-11-06T12:04:14.909+0700][24.556s][info][gc,metaspace] GC(268) Metaspace: 9471K(9728K)->9471K(9728K) NonClass: 8331K(8448K)->8331K(8448K) Class: 1140K(1280K)->1140K(1280K)
[2025-11-06T12:04:14.909+0700][24.556s][info][gc          ] GC(268) Pause Young (Concurrent Start) (G1 Humongous Allocation) 5006M->5006M(8132M) 0.630ms
[2025-11-06T12:04:14.909+0700][24.556s][info][gc,cpu      ] GC(268) User=0.02s Sys=0.00s Real=0.00s
[2025-11-06T12:04:14.909+0700][24.556s][info][gc          ] GC(269) Concurrent Mark Cycle
[2025-11-06T12:04:14.909+0700][24.556s][info][gc,marking  ] GC(269) Concurrent Clear Claimed Marks
[2025-11-06T12:04:14.909+0700][24.556s][info][gc,marking  ] GC(269) Concurrent Clear Claimed Marks 0.006ms
[2025-11-06T12:04:14.909+0700][24.556s][info][gc,marking  ] GC(269) Concurrent Scan Root Regions
[2025-11-06T12:04:14.909+0700][24.556s][info][gc,marking  ] GC(269) Concurrent Scan Root Regions 0.043ms
[2025-11-06T12:04:14.909+0700][24.556s][info][gc,marking  ] GC(269) Concurrent Mark
[2025-11-06T12:04:14.909+0700][24.556s][info][gc,marking  ] GC(269) Concurrent Mark From Roots
[2025-11-06T12:04:14.909+0700][24.556s][info][gc,task     ] GC(269) Using 5 workers of 5 for marking
[2025-11-06T12:04:14.911+0700][24.558s][info][gc,marking  ] GC(269) Concurrent Mark From Roots 2.230ms
[2025-11-06T12:04:14.911+0700][24.558s][info][gc,marking  ] GC(269) Concurrent Preclean
[2025-11-06T12:04:14.911+0700][24.558s][info][gc,marking  ] GC(269) Concurrent Preclean 0.158ms
[2025-11-06T12:04:14.912+0700][24.559s][info][gc,start    ] GC(269) Pause Remark
[2025-11-06T12:04:14.913+0700][24.560s][info][gc          ] GC(269) Pause Remark 5018M->5018M(8132M) 0.643ms
[2025-11-06T12:04:14.913+0700][24.560s][info][gc,cpu      ] GC(269) User=0.00s Sys=0.00s Real=0.00s
[2025-11-06T12:04:14.913+0700][24.560s][info][gc,marking  ] GC(269) Concurrent Mark 4.132ms
[2025-11-06T12:04:14.913+0700][24.560s][info][gc,marking  ] GC(269) Concurrent Rebuild Remembered Sets
[2025-11-06T12:04:14.914+0700][24.561s][info][gc,marking  ] GC(269) Concurrent Rebuild Remembered Sets 1.152ms
[2025-11-06T12:04:14.929+0700][24.575s][info][gc,start    ] GC(269) Pause Cleanup
[2025-11-06T12:04:14.929+0700][24.576s][info][gc          ] GC(269) Pause Cleanup 5030M->5030M(8132M) 0.197ms
[2025-11-06T12:04:14.929+0700][24.576s][info][gc,cpu      ] GC(269) User=0.00s Sys=0.00s Real=0.00s
[2025-11-06T12:04:14.929+0700][24.576s][info][gc,marking  ] GC(269) Concurrent Cleanup for Next Mark
[2025-11-06T12:04:14.937+0700][24.584s][info][gc,marking  ] GC(269) Concurrent Cleanup for Next Mark 7.941ms
[2025-11-06T12:04:14.937+0700][24.584s][info][gc          ] GC(269) Concurrent Mark Cycle 27.945ms
[2025-11-06T12:04:15.440+0700][25.086s][info][gc,start    ] GC(270) Pause Young (Concurrent Start) (G1 Humongous Allocation)
[2025-11-06T12:04:15.440+0700][25.086s][info][gc,task     ] GC(270) Using 20 workers of 20 for evacuation
[2025-11-06T12:04:15.440+0700][25.086s][info][gc,phases   ] GC(270)   Pre Evacuate Collection Set: 0.1ms
[2025-11-06T12:04:15.440+0700][25.086s][info][gc,phases   ] GC(270)   Merge Heap Roots: 0.1ms
[2025-11-06T12:04:15.440+0700][25.086s][info][gc,phases   ] GC(270)   Evacuate Collection Set: 0.1ms
[2025-11-06T12:04:15.440+0700][25.086s][info][gc,phases   ] GC(270)   Post Evacuate Collection Set: 0.1ms
[2025-11-06T12:04:15.440+0700][25.086s][info][gc,phases   ] GC(270)   Other: 0.1ms
[2025-11-06T12:04:15.440+0700][25.086s][info][gc,heap     ] GC(270) Eden regions: 1->0(567)
[2025-11-06T12:04:15.440+0700][25.086s][info][gc,heap     ] GC(270) Survivor regions: 0->0(72)
[2025-11-06T12:04:15.440+0700][25.086s][info][gc,heap     ] GC(270) Old regions: 1->1
[2025-11-06T12:04:15.440+0700][25.086s][info][gc,heap     ] GC(270) Archive regions: 0->0
[2025-11-06T12:04:15.440+0700][25.086s][info][gc,heap     ] GC(270) Humongous regions: 1260->1260
[2025-11-06T12:04:15.440+0700][25.086s][info][gc,metaspace] GC(270) Metaspace: 9471K(9728K)->9471K(9728K) NonClass: 8331K(8448K)->8331K(8448K) Class: 1140K(1280K)->1140K(1280K)
[2025-11-06T12:04:15.440+0700][25.086s][info][gc          ] GC(270) Pause Young (Concurrent Start) (G1 Humongous Allocation) 5044M->5042M(8132M) 0.685ms
[2025-11-06T12:04:15.440+0700][25.086s][info][gc,cpu      ] GC(270) User=0.00s Sys=0.00s Real=0.00s
[2025-11-06T12:04:15.440+0700][25.086s][info][gc          ] GC(271) Concurrent Mark Cycle
[2025-11-06T12:04:15.440+0700][25.086s][info][gc,marking  ] GC(271) Concurrent Clear Claimed Marks
[2025-11-06T12:04:15.440+0700][25.086s][info][gc,marking  ] GC(271) Concurrent Clear Claimed Marks 0.007ms
[2025-11-06T12:04:15.440+0700][25.086s][info][gc,marking  ] GC(271) Concurrent Scan Root Regions
[2025-11-06T12:04:15.440+0700][25.086s][info][gc,marking  ] GC(271) Concurrent Scan Root Regions 0.005ms
[2025-11-06T12:04:15.440+0700][25.086s][info][gc,marking  ] GC(271) Concurrent Mark
[2025-11-06T12:04:15.440+0700][25.086s][info][gc,marking  ] GC(271) Concurrent Mark From Roots
[2025-11-06T12:04:15.440+0700][25.086s][info][gc,task     ] GC(271) Using 5 workers of 5 for marking
[2025-11-06T12:04:15.443+0700][25.089s][info][gc,marking  ] GC(271) Concurrent Mark From Roots 2.471ms
[2025-11-06T12:04:15.443+0700][25.089s][info][gc,marking  ] GC(271) Concurrent Preclean
[2025-11-06T12:04:15.443+0700][25.089s][info][gc,marking  ] GC(271) Concurrent Preclean 0.106ms
[2025-11-06T12:04:15.443+0700][25.089s][info][gc,start    ] GC(271) Pause Remark
[2025-11-06T12:04:15.444+0700][25.090s][info][gc          ] GC(271) Pause Remark 5054M->5054M(8132M) 0.586ms
[2025-11-06T12:04:15.444+0700][25.090s][info][gc,cpu      ] GC(271) User=0.00s Sys=0.00s Real=0.00s
[2025-11-06T12:04:15.444+0700][25.090s][info][gc,marking  ] GC(271) Concurrent Mark 3.466ms
[2025-11-06T12:04:15.444+0700][25.090s][info][gc,marking  ] GC(271) Concurrent Rebuild Remembered Sets
[2025-11-06T12:04:15.445+0700][25.091s][info][gc,marking  ] GC(271) Concurrent Rebuild Remembered Sets 1.107ms
[2025-11-06T12:04:15.455+0700][25.101s][info][gc,start    ] GC(271) Pause Cleanup
[2025-11-06T12:04:15.455+0700][25.101s][info][gc          ] GC(271) Pause Cleanup 5066M->5066M(8132M) 0.241ms
[2025-11-06T12:04:15.455+0700][25.101s][info][gc,cpu      ] GC(271) User=0.00s Sys=0.00s Real=0.00s
[2025-11-06T12:04:15.455+0700][25.101s][info][gc,marking  ] GC(271) Concurrent Cleanup for Next Mark
[2025-11-06T12:04:15.462+0700][25.108s][info][gc,marking  ] GC(271) Concurrent Cleanup for Next Mark 7.371ms
[2025-11-06T12:04:15.462+0700][25.108s][info][gc          ] GC(271) Concurrent Mark Cycle 22.088ms
[2025-11-06T12:04:15.463+0700][25.109s][info][gc,start    ] GC(272) Pause Young (Concurrent Start) (G1 Humongous Allocation)
[2025-11-06T12:04:15.463+0700][25.109s][info][gc,task     ] GC(272) Using 20 workers of 20 for evacuation
[2025-11-06T12:04:15.464+0700][25.110s][info][gc,phases   ] GC(272)   Pre Evacuate Collection Set: 0.2ms
[2025-11-06T12:04:15.464+0700][25.110s][info][gc,phases   ] GC(272)   Merge Heap Roots: 0.2ms
[2025-11-06T12:04:15.464+0700][25.110s][info][gc,phases   ] GC(272)   Evacuate Collection Set: 0.1ms
[2025-11-06T12:04:15.464+0700][25.110s][info][gc,phases   ] GC(272)   Post Evacuate Collection Set: 0.2ms
[2025-11-06T12:04:15.464+0700][25.110s][info][gc,phases   ] GC(272)   Other: 0.2ms
[2025-11-06T12:04:15.464+0700][25.110s][info][gc,heap     ] GC(272) Eden regions: 0->0(558)
[2025-11-06T12:04:15.464+0700][25.110s][info][gc,heap     ] GC(272) Survivor regions: 0->0(71)
[2025-11-06T12:04:15.464+0700][25.110s][info][gc,heap     ] GC(272) Old regions: 1->1
[2025-11-06T12:04:15.464+0700][25.110s][info][gc,heap     ] GC(272) Archive regions: 0->0
[2025-11-06T12:04:15.464+0700][25.110s][info][gc,heap     ] GC(272) Humongous regions: 1269->1269
[2025-11-06T12:04:15.464+0700][25.110s][info][gc,metaspace] GC(272) Metaspace: 9471K(9728K)->9471K(9728K) NonClass: 8331K(8448K)->8331K(8448K) Class: 1140K(1280K)->1140K(1280K)
[2025-11-06T12:04:15.464+0700][25.110s][info][gc          ] GC(272) Pause Young (Concurrent Start) (G1 Humongous Allocation) 5078M->5078M(8132M) 0.860ms
[2025-11-06T12:04:15.464+0700][25.110s][info][gc,cpu      ] GC(272) User=0.00s Sys=0.00s Real=0.00s
[2025-11-06T12:04:15.464+0700][25.110s][info][gc          ] GC(273) Concurrent Mark Cycle
[2025-11-06T12:04:15.464+0700][25.110s][info][gc,marking  ] GC(273) Concurrent Clear Claimed Marks
[2025-11-06T12:04:15.464+0700][25.110s][info][gc,marking  ] GC(273) Concurrent Clear Claimed Marks 0.007ms
[2025-11-06T12:04:15.464+0700][25.110s][info][gc,marking  ] GC(273) Concurrent Scan Root Regions
[2025-11-06T12:04:15.464+0700][25.110s][info][gc,marking  ] GC(273) Concurrent Scan Root Regions 0.005ms
[2025-11-06T12:04:15.464+0700][25.110s][info][gc,marking  ] GC(273) Concurrent Mark
[2025-11-06T12:04:15.464+0700][25.110s][info][gc,marking  ] GC(273) Concurrent Mark From Roots
[2025-11-06T12:04:15.464+0700][25.110s][info][gc,task     ] GC(273) Using 5 workers of 5 for marking
[2025-11-06T12:04:15.467+0700][25.113s][info][gc,marking  ] GC(273) Concurrent Mark From Roots 3.544ms
[2025-11-06T12:04:15.467+0700][25.113s][info][gc,marking  ] GC(273) Concurrent Preclean
[2025-11-06T12:04:15.467+0700][25.114s][info][gc,marking  ] GC(273) Concurrent Preclean 0.104ms
[2025-11-06T12:04:15.471+0700][25.117s][info][gc,start    ] GC(273) Pause Remark
[2025-11-06T12:04:15.471+0700][25.117s][info][gc          ] GC(273) Pause Remark 5102M->5102M(8132M) 0.661ms
[2025-11-06T12:04:15.471+0700][25.117s][info][gc,cpu      ] GC(273) User=0.00s Sys=0.00s Real=0.00s
[2025-11-06T12:04:15.471+0700][25.117s][info][gc,marking  ] GC(273) Concurrent Mark 7.550ms
[2025-11-06T12:04:15.471+0700][25.117s][info][gc,marking  ] GC(273) Concurrent Rebuild Remembered Sets
[2025-11-06T12:04:15.472+0700][25.119s][info][gc,marking  ] GC(273) Concurrent Rebuild Remembered Sets 1.183ms
[2025-11-06T12:04:15.486+0700][25.132s][info][gc,start    ] GC(273) Pause Cleanup
[2025-11-06T12:04:15.486+0700][25.133s][info][gc          ] GC(273) Pause Cleanup 5114M->5114M(8132M) 0.234ms
[2025-11-06T12:04:15.486+0700][25.133s][info][gc,cpu      ] GC(273) User=0.00s Sys=0.00s Real=0.00s
[2025-11-06T12:04:15.486+0700][25.133s][info][gc,marking  ] GC(273) Concurrent Cleanup for Next Mark
[2025-11-06T12:04:15.494+0700][25.141s][info][gc,marking  ] GC(273) Concurrent Cleanup for Next Mark 7.836ms
[2025-11-06T12:04:15.494+0700][25.141s][info][gc          ] GC(273) Concurrent Mark Cycle 30.867ms
[2025-11-06T12:04:15.496+0700][25.143s][info][gc,start    ] GC(274) Pause Young (Concurrent Start) (G1 Humongous Allocation)
[2025-11-06T12:04:15.496+0700][25.143s][info][gc,task     ] GC(274) Using 20 workers of 20 for evacuation
[2025-11-06T12:04:15.497+0700][25.143s][info][gc,phases   ] GC(274)   Pre Evacuate Collection Set: 0.1ms
[2025-11-06T12:04:15.497+0700][25.143s][info][gc,phases   ] GC(274)   Merge Heap Roots: 0.2ms
[2025-11-06T12:04:15.497+0700][25.143s][info][gc,phases   ] GC(274)   Evacuate Collection Set: 0.2ms
[2025-11-06T12:04:15.497+0700][25.143s][info][gc,phases   ] GC(274)   Post Evacuate Collection Set: 0.1ms
[2025-11-06T12:04:15.497+0700][25.143s][info][gc,phases   ] GC(274)   Other: 0.2ms
[2025-11-06T12:04:15.497+0700][25.143s][info][gc,heap     ] GC(274) Eden regions: 0->0(543)
[2025-11-06T12:04:15.497+0700][25.143s][info][gc,heap     ] GC(274) Survivor regions: 0->0(70)
[2025-11-06T12:04:15.497+0700][25.144s][info][gc,heap     ] GC(274) Old regions: 1->1
[2025-11-06T12:04:15.497+0700][25.144s][info][gc,heap     ] GC(274) Archive regions: 0->0
[2025-11-06T12:04:15.497+0700][25.144s][info][gc,heap     ] GC(274) Humongous regions: 1284->1284
[2025-11-06T12:04:15.497+0700][25.144s][info][gc,metaspace] GC(274) Metaspace: 9471K(9728K)->9471K(9728K) NonClass: 8331K(8448K)->8331K(8448K) Class: 1140K(1280K)->1140K(1280K)
[2025-11-06T12:04:15.497+0700][25.144s][info][gc          ] GC(274) Pause Young (Concurrent Start) (G1 Humongous Allocation) 5138M->5138M(8132M) 0.824ms
[2025-11-06T12:04:15.497+0700][25.144s][info][gc,cpu      ] GC(274) User=0.00s Sys=0.00s Real=0.00s
[2025-11-06T12:04:15.497+0700][25.144s][info][gc          ] GC(275) Concurrent Mark Cycle
[2025-11-06T12:04:15.497+0700][25.144s][info][gc,marking  ] GC(275) Concurrent Clear Claimed Marks
[2025-11-06T12:04:15.497+0700][25.144s][info][gc,marking  ] GC(275) Concurrent Clear Claimed Marks 0.007ms
[2025-11-06T12:04:15.497+0700][25.144s][info][gc,marking  ] GC(275) Concurrent Scan Root Regions
[2025-11-06T12:04:15.497+0700][25.144s][info][gc,marking  ] GC(275) Concurrent Scan Root Regions 0.005ms
[2025-11-06T12:04:15.497+0700][25.144s][info][gc,marking  ] GC(275) Concurrent Mark
[2025-11-06T12:04:15.497+0700][25.144s][info][gc,marking  ] GC(275) Concurrent Mark From Roots
[2025-11-06T12:04:15.497+0700][25.144s][info][gc,task     ] GC(275) Using 5 workers of 5 for marking
[2025-11-06T12:04:15.499+0700][25.146s][info][gc,marking  ] GC(275) Concurrent Mark From Roots 2.175ms
[2025-11-06T12:04:15.499+0700][25.146s][info][gc,marking  ] GC(275) Concurrent Preclean
[2025-11-06T12:04:15.499+0700][25.146s][info][gc,marking  ] GC(275) Concurrent Preclean 0.103ms
[2025-11-06T12:04:15.500+0700][25.147s][info][gc,start    ] GC(275) Pause Remark
[2025-11-06T12:04:15.501+0700][25.147s][info][gc          ] GC(275) Pause Remark 5150M->5150M(8132M) 0.576ms
[2025-11-06T12:04:15.501+0700][25.147s][info][gc,cpu      ] GC(275) User=0.00s Sys=0.00s Real=0.00s
[2025-11-06T12:04:15.501+0700][25.148s][info][gc,marking  ] GC(275) Concurrent Mark 3.887ms
[2025-11-06T12:04:15.501+0700][25.148s][info][gc,marking  ] GC(275) Concurrent Rebuild Remembered Sets
[2025-11-06T12:04:15.502+0700][25.149s][info][gc,marking  ] GC(275) Concurrent Rebuild Remembered Sets 1.548ms
[2025-11-06T12:04:15.516+0700][25.162s][info][gc,start    ] GC(275) Pause Cleanup
[2025-11-06T12:04:15.516+0700][25.163s][info][gc          ] GC(275) Pause Cleanup 5162M->5162M(8132M) 0.278ms
[2025-11-06T12:04:15.516+0700][25.163s][info][gc,cpu      ] GC(275) User=0.00s Sys=0.00s Real=0.00s
[2025-11-06T12:04:15.516+0700][25.163s][info][gc,marking  ] GC(275) Concurrent Cleanup for Next Mark
[2025-11-06T12:04:15.524+0700][25.171s][info][gc,marking  ] GC(275) Concurrent Cleanup for Next Mark 8.084ms
[2025-11-06T12:04:15.524+0700][25.171s][info][gc          ] GC(275) Concurrent Mark Cycle 27.394ms
[2025-11-06T12:04:16.022+0700][25.668s][info][gc,start    ] GC(276) Pause Young (Concurrent Start) (G1 Humongous Allocation)
[2025-11-06T12:04:16.022+0700][25.668s][info][gc,task     ] GC(276) Using 20 workers of 20 for evacuation
[2025-11-06T12:04:16.022+0700][25.669s][info][gc,phases   ] GC(276)   Pre Evacuate Collection Set: 0.2ms
[2025-11-06T12:04:16.023+0700][25.669s][info][gc,phases   ] GC(276)   Merge Heap Roots: 0.2ms
[2025-11-06T12:04:16.023+0700][25.669s][info][gc,phases   ] GC(276)   Evacuate Collection Set: 0.2ms
[2025-11-06T12:04:16.023+0700][25.669s][info][gc,phases   ] GC(276)   Post Evacuate Collection Set: 0.1ms
[2025-11-06T12:04:16.023+0700][25.669s][info][gc,phases   ] GC(276)   Other: 0.2ms
[2025-11-06T12:04:16.023+0700][25.669s][info][gc,heap     ] GC(276) Eden regions: 1->0(537)
[2025-11-06T12:04:16.023+0700][25.669s][info][gc,heap     ] GC(276) Survivor regions: 0->0(68)
[2025-11-06T12:04:16.023+0700][25.669s][info][gc,heap     ] GC(276) Old regions: 1->1
[2025-11-06T12:04:16.023+0700][25.669s][info][gc,heap     ] GC(276) Archive regions: 0->0
[2025-11-06T12:04:16.023+0700][25.669s][info][gc,heap     ] GC(276) Humongous regions: 1290->1290
[2025-11-06T12:04:16.023+0700][25.669s][info][gc,metaspace] GC(276) Metaspace: 9471K(9728K)->9471K(9728K) NonClass: 8331K(8448K)->8331K(8448K) Class: 1140K(1280K)->1140K(1280K)
[2025-11-06T12:04:16.023+0700][25.669s][info][gc          ] GC(276) Pause Young (Concurrent Start) (G1 Humongous Allocation) 5164M->5162M(8132M) 0.859ms
[2025-11-06T12:04:16.023+0700][25.669s][info][gc,cpu      ] GC(276) User=0.00s Sys=0.00s Real=0.00s
[2025-11-06T12:04:16.023+0700][25.669s][info][gc          ] GC(277) Concurrent Mark Cycle
[2025-11-06T12:04:16.023+0700][25.669s][info][gc,marking  ] GC(277) Concurrent Clear Claimed Marks
[2025-11-06T12:04:16.023+0700][25.669s][info][gc,marking  ] GC(277) Concurrent Clear Claimed Marks 0.008ms
[2025-11-06T12:04:16.023+0700][25.669s][info][gc,marking  ] GC(277) Concurrent Scan Root Regions
[2025-11-06T12:04:16.023+0700][25.669s][info][gc,marking  ] GC(277) Concurrent Scan Root Regions 0.005ms
[2025-11-06T12:04:16.023+0700][25.669s][info][gc,marking  ] GC(277) Concurrent Mark
[2025-11-06T12:04:16.023+0700][25.669s][info][gc,marking  ] GC(277) Concurrent Mark From Roots
[2025-11-06T12:04:16.023+0700][25.669s][info][gc,task     ] GC(277) Using 5 workers of 5 for marking
[2025-11-06T12:04:16.025+0700][25.671s][info][gc,marking  ] GC(277) Concurrent Mark From Roots 2.373ms
[2025-11-06T12:04:16.025+0700][25.672s][info][gc,marking  ] GC(277) Concurrent Preclean
[2025-11-06T12:04:16.025+0700][25.672s][info][gc,marking  ] GC(277) Concurrent Preclean 0.173ms
[2025-11-06T12:04:16.025+0700][25.672s][info][gc,start    ] GC(277) Pause Remark
[2025-11-06T12:04:16.026+0700][25.672s][info][gc          ] GC(277) Pause Remark 5174M->5174M(8132M) 0.639ms
[2025-11-06T12:04:16.026+0700][25.672s][info][gc,cpu      ] GC(277) User=0.00s Sys=0.00s Real=0.00s
[2025-11-06T12:04:16.026+0700][25.672s][info][gc,marking  ] GC(277) Concurrent Mark 3.342ms
[2025-11-06T12:04:16.026+0700][25.672s][info][gc,marking  ] GC(277) Concurrent Rebuild Remembered Sets
[2025-11-06T12:04:16.027+0700][25.674s][info][gc,marking  ] GC(277) Concurrent Rebuild Remembered Sets 1.227ms
[2025-11-06T12:04:16.038+0700][25.684s][info][gc,start    ] GC(277) Pause Cleanup
[2025-11-06T12:04:16.038+0700][25.684s][info][gc          ] GC(277) Pause Cleanup 5186M->5186M(8132M) 0.278ms
[2025-11-06T12:04:16.038+0700][25.684s][info][gc,cpu      ] GC(277) User=0.00s Sys=0.00s Real=0.00s
[2025-11-06T12:04:16.038+0700][25.684s][info][gc,marking  ] GC(277) Concurrent Cleanup for Next Mark
[2025-11-06T12:04:16.046+0700][25.692s][info][gc,marking  ] GC(277) Concurrent Cleanup for Next Mark 7.896ms
[2025-11-06T12:04:16.046+0700][25.692s][info][gc          ] GC(277) Concurrent Mark Cycle 23.317ms
[2025-11-06T12:04:16.050+0700][25.697s][info][gc,start    ] GC(278) Pause Young (Concurrent Start) (G1 Humongous Allocation)
[2025-11-06T12:04:16.050+0700][25.697s][info][gc,task     ] GC(278) Using 20 workers of 20 for evacuation
[2025-11-06T12:04:16.052+0700][25.698s][info][gc,phases   ] GC(278)   Pre Evacuate Collection Set: 0.2ms
[2025-11-06T12:04:16.052+0700][25.698s][info][gc,phases   ] GC(278)   Merge Heap Roots: 0.3ms
[2025-11-06T12:04:16.052+0700][25.698s][info][gc,phases   ] GC(278)   Evacuate Collection Set: 0.5ms
[2025-11-06T12:04:16.052+0700][25.698s][info][gc,phases   ] GC(278)   Post Evacuate Collection Set: 0.1ms
[2025-11-06T12:04:16.052+0700][25.698s][info][gc,phases   ] GC(278)   Other: 0.2ms
[2025-11-06T12:04:16.052+0700][25.698s][info][gc,heap     ] GC(278) Eden regions: 0->0(525)
[2025-11-06T12:04:16.052+0700][25.698s][info][gc,heap     ] GC(278) Survivor regions: 0->0(68)
[2025-11-06T12:04:16.052+0700][25.698s][info][gc,heap     ] GC(278) Old regions: 1->1
[2025-11-06T12:04:16.052+0700][25.698s][info][gc,heap     ] GC(278) Archive regions: 0->0
[2025-11-06T12:04:16.052+0700][25.698s][info][gc,heap     ] GC(278) Humongous regions: 1302->1302
[2025-11-06T12:04:16.052+0700][25.698s][info][gc,metaspace] GC(278) Metaspace: 9471K(9728K)->9471K(9728K) NonClass: 8331K(8448K)->8331K(8448K) Class: 1140K(1280K)->1140K(1280K)
[2025-11-06T12:04:16.052+0700][25.698s][info][gc          ] GC(278) Pause Young (Concurrent Start) (G1 Humongous Allocation) 5210M->5210M(8132M) 1.478ms
[2025-11-06T12:04:16.052+0700][25.698s][info][gc,cpu      ] GC(278) User=0.00s Sys=0.00s Real=0.00s
[2025-11-06T12:04:16.052+0700][25.698s][info][gc          ] GC(279) Concurrent Mark Cycle
[2025-11-06T12:04:16.052+0700][25.698s][info][gc,marking  ] GC(279) Concurrent Clear Claimed Marks
[2025-11-06T12:04:16.052+0700][25.698s][info][gc,marking  ] GC(279) Concurrent Clear Claimed Marks 0.016ms
[2025-11-06T12:04:16.052+0700][25.698s][info][gc,marking  ] GC(279) Concurrent Scan Root Regions
[2025-11-06T12:04:16.052+0700][25.698s][info][gc,marking  ] GC(279) Concurrent Scan Root Regions 0.012ms
[2025-11-06T12:04:16.052+0700][25.698s][info][gc,marking  ] GC(279) Concurrent Mark
[2025-11-06T12:04:16.052+0700][25.698s][info][gc,marking  ] GC(279) Concurrent Mark From Roots
[2025-11-06T12:04:16.052+0700][25.698s][info][gc,task     ] GC(279) Using 5 workers of 5 for marking
[2025-11-06T12:04:16.055+0700][25.701s][info][gc,marking  ] GC(279) Concurrent Mark From Roots 3.089ms
[2025-11-06T12:04:16.055+0700][25.701s][info][gc,marking  ] GC(279) Concurrent Preclean
[2025-11-06T12:04:16.055+0700][25.702s][info][gc,marking  ] GC(279) Concurrent Preclean 0.105ms
[2025-11-06T12:04:16.056+0700][25.702s][info][gc,start    ] GC(279) Pause Remark
[2025-11-06T12:04:16.056+0700][25.703s][info][gc          ] GC(279) Pause Remark 5222M->5222M(8132M) 0.632ms
[2025-11-06T12:04:16.056+0700][25.703s][info][gc,cpu      ] GC(279) User=0.00s Sys=0.00s Real=0.00s
[2025-11-06T12:04:16.056+0700][25.703s][info][gc,marking  ] GC(279) Concurrent Mark 4.515ms
[2025-11-06T12:04:16.056+0700][25.703s][info][gc,marking  ] GC(279) Concurrent Rebuild Remembered Sets
[2025-11-06T12:04:16.058+0700][25.704s][info][gc,marking  ] GC(279) Concurrent Rebuild Remembered Sets 1.161ms
[2025-11-06T12:04:16.069+0700][25.715s][info][gc,start    ] GC(279) Pause Cleanup
[2025-11-06T12:04:16.069+0700][25.715s][info][gc          ] GC(279) Pause Cleanup 5234M->5234M(8132M) 0.270ms
[2025-11-06T12:04:16.069+0700][25.715s][info][gc,cpu      ] GC(279) User=0.00s Sys=0.00s Real=0.00s
[2025-11-06T12:04:16.069+0700][25.715s][info][gc,marking  ] GC(279) Concurrent Cleanup for Next Mark
[2025-11-06T12:04:16.077+0700][25.724s][info][gc,marking  ] GC(279) Concurrent Cleanup for Next Mark 8.318ms
[2025-11-06T12:04:16.077+0700][25.724s][info][gc          ] GC(279) Concurrent Mark Cycle 25.573ms
[2025-11-06T12:04:16.078+0700][25.725s][info][gc,start    ] GC(280) Pause Young (Concurrent Start) (G1 Humongous Allocation)
[2025-11-06T12:04:16.078+0700][25.725s][info][gc,task     ] GC(280) Using 20 workers of 20 for evacuation
[2025-11-06T12:04:16.079+0700][25.726s][info][gc,phases   ] GC(280)   Pre Evacuate Collection Set: 0.1ms
[2025-11-06T12:04:16.079+0700][25.726s][info][gc,phases   ] GC(280)   Merge Heap Roots: 0.2ms
[2025-11-06T12:04:16.079+0700][25.726s][info][gc,phases   ] GC(280)   Evacuate Collection Set: 0.1ms
[2025-11-06T12:04:16.079+0700][25.726s][info][gc,phases   ] GC(280)   Post Evacuate Collection Set: 0.1ms
[2025-11-06T12:04:16.079+0700][25.726s][info][gc,phases   ] GC(280)   Other: 0.2ms
[2025-11-06T12:04:16.079+0700][25.726s][info][gc,heap     ] GC(280) Eden regions: 0->0(516)
[2025-11-06T12:04:16.079+0700][25.726s][info][gc,heap     ] GC(280) Survivor regions: 0->0(66)
[2025-11-06T12:04:16.079+0700][25.726s][info][gc,heap     ] GC(280) Old regions: 1->1
[2025-11-06T12:04:16.079+0700][25.726s][info][gc,heap     ] GC(280) Archive regions: 0->0
[2025-11-06T12:04:16.079+0700][25.726s][info][gc,heap     ] GC(280) Humongous regions: 1311->1311
[2025-11-06T12:04:16.079+0700][25.726s][info][gc,metaspace] GC(280) Metaspace: 9471K(9728K)->9471K(9728K) NonClass: 8331K(8448K)->8331K(8448K) Class: 1140K(1280K)->1140K(1280K)
[2025-11-06T12:04:16.079+0700][25.726s][info][gc          ] GC(280) Pause Young (Concurrent Start) (G1 Humongous Allocation) 5246M->5246M(8132M) 0.823ms
[2025-11-06T12:04:16.079+0700][25.726s][info][gc,cpu      ] GC(280) User=0.00s Sys=0.00s Real=0.00s
[2025-11-06T12:04:16.079+0700][25.726s][info][gc          ] GC(281) Concurrent Mark Cycle
[2025-11-06T12:04:16.079+0700][25.726s][info][gc,marking  ] GC(281) Concurrent Clear Claimed Marks
[2025-11-06T12:04:16.079+0700][25.726s][info][gc,marking  ] GC(281) Concurrent Clear Claimed Marks 0.019ms
[2025-11-06T12:04:16.079+0700][25.726s][info][gc,marking  ] GC(281) Concurrent Scan Root Regions
[2025-11-06T12:04:16.079+0700][25.726s][info][gc,marking  ] GC(281) Concurrent Scan Root Regions 0.006ms
[2025-11-06T12:04:16.079+0700][25.726s][info][gc,marking  ] GC(281) Concurrent Mark
[2025-11-06T12:04:16.079+0700][25.726s][info][gc,marking  ] GC(281) Concurrent Mark From Roots
[2025-11-06T12:04:16.079+0700][25.726s][info][gc,task     ] GC(281) Using 5 workers of 5 for marking
[2025-11-06T12:04:16.082+0700][25.729s][info][gc,marking  ] GC(281) Concurrent Mark From Roots 2.976ms
[2025-11-06T12:04:16.082+0700][25.729s][info][gc,marking  ] GC(281) Concurrent Preclean
[2025-11-06T12:04:16.082+0700][25.729s][info][gc,marking  ] GC(281) Concurrent Preclean 0.104ms
[2025-11-06T12:04:16.099+0700][25.745s][info][gc,start    ] GC(281) Pause Remark
[2025-11-06T12:04:16.099+0700][25.746s][info][gc          ] GC(281) Pause Remark 5270M->5270M(8132M) 0.665ms
[2025-11-06T12:04:16.099+0700][25.746s][info][gc,cpu      ] GC(281) User=0.00s Sys=0.00s Real=0.00s
[2025-11-06T12:04:16.099+0700][25.746s][info][gc,marking  ] GC(281) Concurrent Mark 20.182ms
[2025-11-06T12:04:16.099+0700][25.746s][info][gc,marking  ] GC(281) Concurrent Rebuild Remembered Sets
[2025-11-06T12:04:16.101+0700][25.747s][info][gc,marking  ] GC(281) Concurrent Rebuild Remembered Sets 1.286ms
[2025-11-06T12:04:16.115+0700][25.761s][info][gc,start    ] GC(281) Pause Cleanup
[2025-11-06T12:04:16.115+0700][25.762s][info][gc          ] GC(281) Pause Cleanup 5282M->5282M(8132M) 0.257ms
[2025-11-06T12:04:16.115+0700][25.762s][info][gc,cpu      ] GC(281) User=0.00s Sys=0.00s Real=0.00s
[2025-11-06T12:04:16.115+0700][25.762s][info][gc,marking  ] GC(281) Concurrent Cleanup for Next Mark
[2025-11-06T12:04:16.123+0700][25.769s][info][gc,marking  ] GC(281) Concurrent Cleanup for Next Mark 7.829ms
[2025-11-06T12:04:16.123+0700][25.770s][info][gc          ] GC(281) Concurrent Mark Cycle 43.836ms
[2025-11-06T12:04:16.628+0700][26.274s][info][gc,start    ] GC(282) Pause Young (Concurrent Start) (G1 Humongous Allocation)
[2025-11-06T12:04:16.628+0700][26.274s][info][gc,task     ] GC(282) Using 20 workers of 20 for evacuation
[2025-11-06T12:04:16.628+0700][26.275s][info][gc,phases   ] GC(282)   Pre Evacuate Collection Set: 0.2ms
[2025-11-06T12:04:16.628+0700][26.275s][info][gc,phases   ] GC(282)   Merge Heap Roots: 0.1ms
[2025-11-06T12:04:16.628+0700][26.275s][info][gc,phases   ] GC(282)   Evacuate Collection Set: 0.1ms
[2025-11-06T12:04:16.628+0700][26.275s][info][gc,phases   ] GC(282)   Post Evacuate Collection Set: 0.1ms
[2025-11-06T12:04:16.628+0700][26.275s][info][gc,phases   ] GC(282)   Other: 0.2ms
[2025-11-06T12:04:16.628+0700][26.275s][info][gc,heap     ] GC(282) Eden regions: 1->0(507)
[2025-11-06T12:04:16.628+0700][26.275s][info][gc,heap     ] GC(282) Survivor regions: 0->0(65)
[2025-11-06T12:04:16.628+0700][26.275s][info][gc,heap     ] GC(282) Old regions: 1->1
[2025-11-06T12:04:16.628+0700][26.275s][info][gc,heap     ] GC(282) Archive regions: 0->0
[2025-11-06T12:04:16.628+0700][26.275s][info][gc,heap     ] GC(282) Humongous regions: 1320->1320
[2025-11-06T12:04:16.628+0700][26.275s][info][gc,metaspace] GC(282) Metaspace: 9471K(9728K)->9471K(9728K) NonClass: 8331K(8448K)->8331K(8448K) Class: 1140K(1280K)->1140K(1280K)
[2025-11-06T12:04:16.628+0700][26.275s][info][gc          ] GC(282) Pause Young (Concurrent Start) (G1 Humongous Allocation) 5284M->5282M(8132M) 0.722ms
[2025-11-06T12:04:16.628+0700][26.275s][info][gc,cpu      ] GC(282) User=0.00s Sys=0.00s Real=0.00s
[2025-11-06T12:04:16.628+0700][26.275s][info][gc          ] GC(283) Concurrent Mark Cycle
[2025-11-06T12:04:16.628+0700][26.275s][info][gc,marking  ] GC(283) Concurrent Clear Claimed Marks
[2025-11-06T12:04:16.628+0700][26.275s][info][gc,marking  ] GC(283) Concurrent Clear Claimed Marks 0.007ms
[2025-11-06T12:04:16.628+0700][26.275s][info][gc,marking  ] GC(283) Concurrent Scan Root Regions
[2025-11-06T12:04:16.628+0700][26.275s][info][gc,marking  ] GC(283) Concurrent Scan Root Regions 0.005ms
[2025-11-06T12:04:16.628+0700][26.275s][info][gc,marking  ] GC(283) Concurrent Mark
[2025-11-06T12:04:16.628+0700][26.275s][info][gc,marking  ] GC(283) Concurrent Mark From Roots
[2025-11-06T12:04:16.628+0700][26.275s][info][gc,task     ] GC(283) Using 5 workers of 5 for marking
[2025-11-06T12:04:16.631+0700][26.278s][info][gc,marking  ] GC(283) Concurrent Mark From Roots 2.328ms
[2025-11-06T12:04:16.631+0700][26.278s][info][gc,marking  ] GC(283) Concurrent Preclean
[2025-11-06T12:04:16.631+0700][26.278s][info][gc,marking  ] GC(283) Concurrent Preclean 0.104ms
[2025-11-06T12:04:16.632+0700][26.278s][info][gc,start    ] GC(283) Pause Remark
[2025-11-06T12:04:16.632+0700][26.279s][info][gc          ] GC(283) Pause Remark 5294M->5294M(8132M) 0.522ms
[2025-11-06T12:04:16.632+0700][26.279s][info][gc,cpu      ] GC(283) User=0.00s Sys=0.00s Real=0.00s
[2025-11-06T12:04:16.632+0700][26.279s][info][gc,marking  ] GC(283) Concurrent Mark 3.755ms
[2025-11-06T12:04:16.632+0700][26.279s][info][gc,marking  ] GC(283) Concurrent Rebuild Remembered Sets
[2025-11-06T12:04:16.633+0700][26.280s][info][gc,marking  ] GC(283) Concurrent Rebuild Remembered Sets 1.214ms
[2025-11-06T12:04:16.643+0700][26.289s][info][gc,start    ] GC(283) Pause Cleanup
[2025-11-06T12:04:16.643+0700][26.290s][info][gc          ] GC(283) Pause Cleanup 5306M->5306M(8132M) 0.226ms
[2025-11-06T12:04:16.643+0700][26.290s][info][gc,cpu      ] GC(283) User=0.00s Sys=0.00s Real=0.00s
[2025-11-06T12:04:16.643+0700][26.290s][info][gc,marking  ] GC(283) Concurrent Cleanup for Next Mark
[2025-11-06T12:04:16.651+0700][26.298s][info][gc,marking  ] GC(283) Concurrent Cleanup for Next Mark 8.037ms
[2025-11-06T12:04:16.651+0700][26.298s][info][gc          ] GC(283) Concurrent Mark Cycle 22.606ms
[2025-11-06T12:04:16.652+0700][26.299s][info][gc,start    ] GC(284) Pause Young (Concurrent Start) (G1 Humongous Allocation)
[2025-11-06T12:04:16.652+0700][26.299s][info][gc,task     ] GC(284) Using 20 workers of 20 for evacuation
[2025-11-06T12:04:16.654+0700][26.301s][info][gc,phases   ] GC(284)   Pre Evacuate Collection Set: 0.3ms
[2025-11-06T12:04:16.654+0700][26.301s][info][gc,phases   ] GC(284)   Merge Heap Roots: 0.4ms
[2025-11-06T12:04:16.654+0700][26.301s][info][gc,phases   ] GC(284)   Evacuate Collection Set: 0.2ms
[2025-11-06T12:04:16.654+0700][26.301s][info][gc,phases   ] GC(284)   Post Evacuate Collection Set: 0.1ms
[2025-11-06T12:04:16.654+0700][26.301s][info][gc,phases   ] GC(284)   Other: 0.4ms
[2025-11-06T12:04:16.654+0700][26.301s][info][gc,heap     ] GC(284) Eden regions: 0->0(498)
[2025-11-06T12:04:16.654+0700][26.301s][info][gc,heap     ] GC(284) Survivor regions: 0->0(64)
[2025-11-06T12:04:16.654+0700][26.301s][info][gc,heap     ] GC(284) Old regions: 1->1
[2025-11-06T12:04:16.654+0700][26.301s][info][gc,heap     ] GC(284) Archive regions: 0->0
[2025-11-06T12:04:16.654+0700][26.301s][info][gc,heap     ] GC(284) Humongous regions: 1329->1329
[2025-11-06T12:04:16.654+0700][26.301s][info][gc,metaspace] GC(284) Metaspace: 9471K(9728K)->9471K(9728K) NonClass: 8331K(8448K)->8331K(8448K) Class: 1140K(1280K)->1140K(1280K)
[2025-11-06T12:04:16.654+0700][26.301s][info][gc          ] GC(284) Pause Young (Concurrent Start) (G1 Humongous Allocation) 5318M->5318M(8132M) 1.532ms
[2025-11-06T12:04:16.654+0700][26.301s][info][gc,cpu      ] GC(284) User=0.00s Sys=0.00s Real=0.00s
[2025-11-06T12:04:16.654+0700][26.301s][info][gc          ] GC(285) Concurrent Mark Cycle
[2025-11-06T12:04:16.654+0700][26.301s][info][gc,marking  ] GC(285) Concurrent Clear Claimed Marks
[2025-11-06T12:04:16.654+0700][26.301s][info][gc,marking  ] GC(285) Concurrent Clear Claimed Marks 0.008ms
[2025-11-06T12:04:16.654+0700][26.301s][info][gc,marking  ] GC(285) Concurrent Scan Root Regions
[2025-11-06T12:04:16.654+0700][26.301s][info][gc,marking  ] GC(285) Concurrent Scan Root Regions 0.005ms
[2025-11-06T12:04:16.654+0700][26.301s][info][gc,marking  ] GC(285) Concurrent Mark
[2025-11-06T12:04:16.654+0700][26.301s][info][gc,marking  ] GC(285) Concurrent Mark From Roots
[2025-11-06T12:04:16.654+0700][26.301s][info][gc,task     ] GC(285) Using 5 workers of 5 for marking
[2025-11-06T12:04:16.656+0700][26.303s][info][gc,marking  ] GC(285) Concurrent Mark From Roots 2.411ms
[2025-11-06T12:04:16.656+0700][26.303s][info][gc,marking  ] GC(285) Concurrent Preclean
[2025-11-06T12:04:16.656+0700][26.303s][info][gc,marking  ] GC(285) Concurrent Preclean 0.102ms
[2025-11-06T12:04:16.675+0700][26.321s][info][gc,start    ] GC(285) Pause Remark
[2025-11-06T12:04:16.675+0700][26.321s][info][gc          ] GC(285) Pause Remark 5330M->5330M(8132M) 0.563ms
[2025-11-06T12:04:16.675+0700][26.321s][info][gc,cpu      ] GC(285) User=0.00s Sys=0.00s Real=0.00s
[2025-11-06T12:04:16.675+0700][26.321s][info][gc,marking  ] GC(285) Concurrent Mark 20.775ms
[2025-11-06T12:04:16.675+0700][26.322s][info][gc,marking  ] GC(285) Concurrent Rebuild Remembered Sets
[2025-11-06T12:04:16.676+0700][26.323s][info][gc,marking  ] GC(285) Concurrent Rebuild Remembered Sets 1.234ms
[2025-11-06T12:04:16.691+0700][26.337s][info][gc,start    ] GC(285) Pause Cleanup
[2025-11-06T12:04:16.691+0700][26.337s][info][gc          ] GC(285) Pause Cleanup 5342M->5342M(8132M) 0.228ms
[2025-11-06T12:04:16.691+0700][26.337s][info][gc,cpu      ] GC(285) User=0.00s Sys=0.00s Real=0.00s
[2025-11-06T12:04:16.691+0700][26.337s][info][gc,marking  ] GC(285) Concurrent Cleanup for Next Mark
[2025-11-06T12:04:16.699+0700][26.345s][info][gc,marking  ] GC(285) Concurrent Cleanup for Next Mark 7.937ms
[2025-11-06T12:04:16.699+0700][26.345s][info][gc          ] GC(285) Concurrent Mark Cycle 44.588ms
[2025-11-06T12:04:16.699+0700][26.346s][info][gc,start    ] GC(286) Pause Young (Concurrent Start) (G1 Humongous Allocation)
[2025-11-06T12:04:16.699+0700][26.346s][info][gc,task     ] GC(286) Using 20 workers of 20 for evacuation
[2025-11-06T12:04:16.700+0700][26.347s][info][gc,phases   ] GC(286)   Pre Evacuate Collection Set: 0.2ms
[2025-11-06T12:04:16.700+0700][26.347s][info][gc,phases   ] GC(286)   Merge Heap Roots: 0.2ms
[2025-11-06T12:04:16.700+0700][26.347s][info][gc,phases   ] GC(286)   Evacuate Collection Set: 0.2ms
[2025-11-06T12:04:16.700+0700][26.347s][info][gc,phases   ] GC(286)   Post Evacuate Collection Set: 0.1ms
[2025-11-06T12:04:16.700+0700][26.347s][info][gc,phases   ] GC(286)   Other: 0.1ms
[2025-11-06T12:04:16.700+0700][26.347s][info][gc,heap     ] GC(286) Eden regions: 0->0(486)
[2025-11-06T12:04:16.700+0700][26.347s][info][gc,heap     ] GC(286) Survivor regions: 0->0(63)
[2025-11-06T12:04:16.700+0700][26.347s][info][gc,heap     ] GC(286) Old regions: 1->1
[2025-11-06T12:04:16.700+0700][26.347s][info][gc,heap     ] GC(286) Archive regions: 0->0
[2025-11-06T12:04:16.700+0700][26.347s][info][gc,heap     ] GC(286) Humongous regions: 1341->1341
[2025-11-06T12:04:16.700+0700][26.347s][info][gc,metaspace] GC(286) Metaspace: 9471K(9728K)->9471K(9728K) NonClass: 8331K(8448K)->8331K(8448K) Class: 1140K(1280K)->1140K(1280K)
[2025-11-06T12:04:16.700+0700][26.347s][info][gc          ] GC(286) Pause Young (Concurrent Start) (G1 Humongous Allocation) 5366M->5366M(8132M) 0.918ms
[2025-11-06T12:04:16.700+0700][26.347s][info][gc,cpu      ] GC(286) User=0.00s Sys=0.00s Real=0.00s
[2025-11-06T12:04:16.700+0700][26.347s][info][gc          ] GC(287) Concurrent Mark Cycle
[2025-11-06T12:04:16.700+0700][26.347s][info][gc,marking  ] GC(287) Concurrent Clear Claimed Marks
[2025-11-06T12:04:16.700+0700][26.347s][info][gc,marking  ] GC(287) Concurrent Clear Claimed Marks 0.007ms
[2025-11-06T12:04:16.700+0700][26.347s][info][gc,marking  ] GC(287) Concurrent Scan Root Regions
[2025-11-06T12:04:16.700+0700][26.347s][info][gc,marking  ] GC(287) Concurrent Scan Root Regions 0.005ms
[2025-11-06T12:04:16.700+0700][26.347s][info][gc,marking  ] GC(287) Concurrent Mark
[2025-11-06T12:04:16.700+0700][26.347s][info][gc,marking  ] GC(287) Concurrent Mark From Roots
[2025-11-06T12:04:16.700+0700][26.347s][info][gc,task     ] GC(287) Using 5 workers of 5 for marking
[2025-11-06T12:04:16.704+0700][26.350s][info][gc,marking  ] GC(287) Concurrent Mark From Roots 3.468ms
[2025-11-06T12:04:16.704+0700][26.350s][info][gc,marking  ] GC(287) Concurrent Preclean
[2025-11-06T12:04:16.704+0700][26.350s][info][gc,marking  ] GC(287) Concurrent Preclean 0.107ms
[2025-11-06T12:04:16.722+0700][26.368s][info][gc,start    ] GC(287) Pause Remark
[2025-11-06T12:04:16.722+0700][26.369s][info][gc          ] GC(287) Pause Remark 5390M->5390M(8132M) 0.647ms
[2025-11-06T12:04:16.722+0700][26.369s][info][gc,cpu      ] GC(287) User=0.00s Sys=0.00s Real=0.00s
[2025-11-06T12:04:16.722+0700][26.369s][info][gc,marking  ] GC(287) Concurrent Mark 21.906ms
[2025-11-06T12:04:16.722+0700][26.369s][info][gc,marking  ] GC(287) Concurrent Rebuild Remembered Sets
[2025-11-06T12:04:16.724+0700][26.370s][info][gc,marking  ] GC(287) Concurrent Rebuild Remembered Sets 1.388ms
[2025-11-06T12:04:16.737+0700][26.383s][info][gc,start    ] GC(287) Pause Cleanup
[2025-11-06T12:04:16.737+0700][26.383s][info][gc          ] GC(287) Pause Cleanup 5402M->5402M(8132M) 0.230ms
[2025-11-06T12:04:16.737+0700][26.383s][info][gc,cpu      ] GC(287) User=0.00s Sys=0.00s Real=0.00s
[2025-11-06T12:04:16.737+0700][26.383s][info][gc,marking  ] GC(287) Concurrent Cleanup for Next Mark
[2025-11-06T12:04:16.744+0700][26.390s][info][gc,marking  ] GC(287) Concurrent Cleanup for Next Mark 6.915ms
[2025-11-06T12:04:16.744+0700][26.390s][info][gc          ] GC(287) Concurrent Mark Cycle 43.466ms
[2025-11-06T12:04:17.246+0700][26.892s][info][gc,start    ] GC(288) Pause Young (Concurrent Start) (G1 Humongous Allocation)
[2025-11-06T12:04:17.246+0700][26.892s][info][gc,task     ] GC(288) Using 20 workers of 20 for evacuation
[2025-11-06T12:04:17.246+0700][26.893s][info][gc,phases   ] GC(288)   Pre Evacuate Collection Set: 0.1ms
[2025-11-06T12:04:17.246+0700][26.893s][info][gc,phases   ] GC(288)   Merge Heap Roots: 0.1ms
[2025-11-06T12:04:17.246+0700][26.893s][info][gc,phases   ] GC(288)   Evacuate Collection Set: 0.2ms
[2025-11-06T12:04:17.246+0700][26.893s][info][gc,phases   ] GC(288)   Post Evacuate Collection Set: 0.1ms
[2025-11-06T12:04:17.246+0700][26.893s][info][gc,phases   ] GC(288)   Other: 0.2ms
[2025-11-06T12:04:17.246+0700][26.893s][info][gc,heap     ] GC(288) Eden regions: 1->0(477)
[2025-11-06T12:04:17.246+0700][26.893s][info][gc,heap     ] GC(288) Survivor regions: 0->0(61)
[2025-11-06T12:04:17.247+0700][26.893s][info][gc,heap     ] GC(288) Old regions: 1->1
[2025-11-06T12:04:17.247+0700][26.893s][info][gc,heap     ] GC(288) Archive regions: 0->0
[2025-11-06T12:04:17.247+0700][26.893s][info][gc,heap     ] GC(288) Humongous regions: 1350->1350
[2025-11-06T12:04:17.247+0700][26.893s][info][gc,metaspace] GC(288) Metaspace: 9471K(9728K)->9471K(9728K) NonClass: 8331K(8448K)->8331K(8448K) Class: 1140K(1280K)->1140K(1280K)
[2025-11-06T12:04:17.247+0700][26.893s][info][gc          ] GC(288) Pause Young (Concurrent Start) (G1 Humongous Allocation) 5404M->5402M(8132M) 0.896ms
[2025-11-06T12:04:17.247+0700][26.893s][info][gc,cpu      ] GC(288) User=0.00s Sys=0.00s Real=0.00s
[2025-11-06T12:04:17.247+0700][26.893s][info][gc          ] GC(289) Concurrent Mark Cycle
[2025-11-06T12:04:17.247+0700][26.893s][info][gc,marking  ] GC(289) Concurrent Clear Claimed Marks
[2025-11-06T12:04:17.247+0700][26.893s][info][gc,marking  ] GC(289) Concurrent Clear Claimed Marks 0.015ms
[2025-11-06T12:04:17.247+0700][26.893s][info][gc,marking  ] GC(289) Concurrent Scan Root Regions
[2025-11-06T12:04:17.247+0700][26.893s][info][gc,marking  ] GC(289) Concurrent Scan Root Regions 0.010ms
[2025-11-06T12:04:17.247+0700][26.893s][info][gc,marking  ] GC(289) Concurrent Mark
[2025-11-06T12:04:17.247+0700][26.893s][info][gc,marking  ] GC(289) Concurrent Mark From Roots
[2025-11-06T12:04:17.247+0700][26.893s][info][gc,task     ] GC(289) Using 5 workers of 5 for marking
[2025-11-06T12:04:17.249+0700][26.896s][info][gc,marking  ] GC(289) Concurrent Mark From Roots 2.490ms
[2025-11-06T12:04:17.249+0700][26.896s][info][gc,marking  ] GC(289) Concurrent Preclean
[2025-11-06T12:04:17.249+0700][26.896s][info][gc,marking  ] GC(289) Concurrent Preclean 0.101ms
[2025-11-06T12:04:17.250+0700][26.896s][info][gc,start    ] GC(289) Pause Remark
[2025-11-06T12:04:17.250+0700][26.897s][info][gc          ] GC(289) Pause Remark 5414M->5414M(8132M) 0.529ms
[2025-11-06T12:04:17.250+0700][26.897s][info][gc,cpu      ] GC(289) User=0.00s Sys=0.00s Real=0.00s
[2025-11-06T12:04:17.251+0700][26.897s][info][gc,marking  ] GC(289) Concurrent Mark 3.823ms
[2025-11-06T12:04:17.251+0700][26.897s][info][gc,marking  ] GC(289) Concurrent Rebuild Remembered Sets
[2025-11-06T12:04:17.252+0700][26.898s][info][gc,marking  ] GC(289) Concurrent Rebuild Remembered Sets 1.328ms
[2025-11-06T12:04:17.262+0700][26.908s][info][gc,start    ] GC(289) Pause Cleanup
[2025-11-06T12:04:17.262+0700][26.908s][info][gc          ] GC(289) Pause Cleanup 5426M->5426M(8132M) 0.244ms
[2025-11-06T12:04:17.262+0700][26.908s][info][gc,cpu      ] GC(289) User=0.00s Sys=0.00s Real=0.00s
[2025-11-06T12:04:17.262+0700][26.908s][info][gc,marking  ] GC(289) Concurrent Cleanup for Next Mark
[2025-11-06T12:04:17.272+0700][26.918s][info][gc,marking  ] GC(289) Concurrent Cleanup for Next Mark 9.763ms
[2025-11-06T12:04:17.272+0700][26.918s][info][gc          ] GC(289) Concurrent Mark Cycle 25.162ms
[2025-11-06T12:04:17.273+0700][26.920s][info][gc,start    ] GC(290) Pause Young (Concurrent Start) (G1 Humongous Allocation)
[2025-11-06T12:04:17.273+0700][26.920s][info][gc,task     ] GC(290) Using 20 workers of 20 for evacuation
[2025-11-06T12:04:17.274+0700][26.920s][info][gc,phases   ] GC(290)   Pre Evacuate Collection Set: 0.2ms
[2025-11-06T12:04:17.274+0700][26.920s][info][gc,phases   ] GC(290)   Merge Heap Roots: 0.2ms
[2025-11-06T12:04:17.274+0700][26.920s][info][gc,phases   ] GC(290)   Evacuate Collection Set: 0.1ms
[2025-11-06T12:04:17.274+0700][26.920s][info][gc,phases   ] GC(290)   Post Evacuate Collection Set: 0.1ms
[2025-11-06T12:04:17.274+0700][26.920s][info][gc,phases   ] GC(290)   Other: 0.2ms
[2025-11-06T12:04:17.274+0700][26.920s][info][gc,heap     ] GC(290) Eden regions: 0->0(462)
[2025-11-06T12:04:17.274+0700][26.920s][info][gc,heap     ] GC(290) Survivor regions: 0->0(60)
[2025-11-06T12:04:17.274+0700][26.920s][info][gc,heap     ] GC(290) Old regions: 1->1
[2025-11-06T12:04:17.274+0700][26.920s][info][gc,heap     ] GC(290) Archive regions: 0->0
[2025-11-06T12:04:17.274+0700][26.920s][info][gc,heap     ] GC(290) Humongous regions: 1365->1365
[2025-11-06T12:04:17.274+0700][26.920s][info][gc,metaspace] GC(290) Metaspace: 9471K(9728K)->9471K(9728K) NonClass: 8331K(8448K)->8331K(8448K) Class: 1140K(1280K)->1140K(1280K)
[2025-11-06T12:04:17.274+0700][26.920s][info][gc          ] GC(290) Pause Young (Concurrent Start) (G1 Humongous Allocation) 5462M->5462M(8132M) 0.773ms
[2025-11-06T12:04:17.274+0700][26.920s][info][gc,cpu      ] GC(290) User=0.00s Sys=0.00s Real=0.00s
[2025-11-06T12:04:17.274+0700][26.920s][info][gc          ] GC(291) Concurrent Mark Cycle
[2025-11-06T12:04:17.274+0700][26.921s][info][gc,marking  ] GC(291) Concurrent Clear Claimed Marks
[2025-11-06T12:04:17.274+0700][26.921s][info][gc,marking  ] GC(291) Concurrent Clear Claimed Marks 0.008ms
[2025-11-06T12:04:17.274+0700][26.921s][info][gc,marking  ] GC(291) Concurrent Scan Root Regions
[2025-11-06T12:04:17.274+0700][26.921s][info][gc,marking  ] GC(291) Concurrent Scan Root Regions 0.006ms
[2025-11-06T12:04:17.274+0700][26.921s][info][gc,marking  ] GC(291) Concurrent Mark
[2025-11-06T12:04:17.274+0700][26.921s][info][gc,marking  ] GC(291) Concurrent Mark From Roots
[2025-11-06T12:04:17.274+0700][26.921s][info][gc,task     ] GC(291) Using 5 workers of 5 for marking
[2025-11-06T12:04:17.276+0700][26.923s][info][gc,marking  ] GC(291) Concurrent Mark From Roots 2.321ms
[2025-11-06T12:04:17.276+0700][26.923s][info][gc,marking  ] GC(291) Concurrent Preclean
[2025-11-06T12:04:17.277+0700][26.923s][info][gc,marking  ] GC(291) Concurrent Preclean 0.105ms
[2025-11-06T12:04:17.277+0700][26.923s][info][gc,start    ] GC(291) Pause Remark
[2025-11-06T12:04:17.277+0700][26.924s][info][gc          ] GC(291) Pause Remark 5474M->5474M(8132M) 0.554ms
[2025-11-06T12:04:17.277+0700][26.924s][info][gc,cpu      ] GC(291) User=0.00s Sys=0.00s Real=0.00s
[2025-11-06T12:04:17.277+0700][26.924s][info][gc,marking  ] GC(291) Concurrent Mark 3.278ms
[2025-11-06T12:04:17.277+0700][26.924s][info][gc,marking  ] GC(291) Concurrent Rebuild Remembered Sets
[2025-11-06T12:04:17.278+0700][26.925s][info][gc,marking  ] GC(291) Concurrent Rebuild Remembered Sets 1.125ms
[2025-11-06T12:04:17.293+0700][26.939s][info][gc,start    ] GC(291) Pause Cleanup
[2025-11-06T12:04:17.293+0700][26.939s][info][gc          ] GC(291) Pause Cleanup 5486M->5486M(8132M) 0.229ms
[2025-11-06T12:04:17.293+0700][26.939s][info][gc,cpu      ] GC(291) User=0.00s Sys=0.00s Real=0.00s
[2025-11-06T12:04:17.293+0700][26.939s][info][gc,marking  ] GC(291) Concurrent Cleanup for Next Mark
[2025-11-06T12:04:17.300+0700][26.947s][info][gc,marking  ] GC(291) Concurrent Cleanup for Next Mark 7.356ms
[2025-11-06T12:04:17.300+0700][26.947s][info][gc          ] GC(291) Concurrent Mark Cycle 26.359ms
[2025-11-06T12:04:17.300+0700][26.947s][info][gc,start    ] GC(292) Pause Young (Concurrent Start) (G1 Humongous Allocation)
[2025-11-06T12:04:17.300+0700][26.947s][info][gc,task     ] GC(292) Using 20 workers of 20 for evacuation
[2025-11-06T12:04:17.302+0700][26.948s][info][gc,phases   ] GC(292)   Pre Evacuate Collection Set: 0.2ms
[2025-11-06T12:04:17.302+0700][26.948s][info][gc,phases   ] GC(292)   Merge Heap Roots: 0.3ms
[2025-11-06T12:04:17.302+0700][26.948s][info][gc,phases   ] GC(292)   Evacuate Collection Set: 0.3ms
[2025-11-06T12:04:17.302+0700][26.948s][info][gc,phases   ] GC(292)   Post Evacuate Collection Set: 0.2ms
[2025-11-06T12:04:17.302+0700][26.948s][info][gc,phases   ] GC(292)   Other: 0.2ms
[2025-11-06T12:04:17.302+0700][26.948s][info][gc,heap     ] GC(292) Eden regions: 0->0(453)
[2025-11-06T12:04:17.302+0700][26.948s][info][gc,heap     ] GC(292) Survivor regions: 0->0(58)
[2025-11-06T12:04:17.302+0700][26.948s][info][gc,heap     ] GC(292) Old regions: 1->1
[2025-11-06T12:04:17.302+0700][26.948s][info][gc,heap     ] GC(292) Archive regions: 0->0
[2025-11-06T12:04:17.302+0700][26.948s][info][gc,heap     ] GC(292) Humongous regions: 1374->1374
[2025-11-06T12:04:17.302+0700][26.948s][info][gc,metaspace] GC(292) Metaspace: 9471K(9728K)->9471K(9728K) NonClass: 8331K(8448K)->8331K(8448K) Class: 1140K(1280K)->1140K(1280K)
[2025-11-06T12:04:17.302+0700][26.948s][info][gc          ] GC(292) Pause Young (Concurrent Start) (G1 Humongous Allocation) 5498M->5498M(8132M) 1.326ms
[2025-11-06T12:04:17.302+0700][26.948s][info][gc,cpu      ] GC(292) User=0.00s Sys=0.00s Real=0.00s
[2025-11-06T12:04:17.302+0700][26.948s][info][gc          ] GC(293) Concurrent Mark Cycle
[2025-11-06T12:04:17.302+0700][26.949s][info][gc,marking  ] GC(293) Concurrent Clear Claimed Marks
[2025-11-06T12:04:17.302+0700][26.949s][info][gc,marking  ] GC(293) Concurrent Clear Claimed Marks 0.015ms
[2025-11-06T12:04:17.302+0700][26.949s][info][gc,marking  ] GC(293) Concurrent Scan Root Regions
[2025-11-06T12:04:17.302+0700][26.949s][info][gc,marking  ] GC(293) Concurrent Scan Root Regions 0.011ms
[2025-11-06T12:04:17.302+0700][26.949s][info][gc,marking  ] GC(293) Concurrent Mark
[2025-11-06T12:04:17.302+0700][26.949s][info][gc,marking  ] GC(293) Concurrent Mark From Roots
[2025-11-06T12:04:17.302+0700][26.949s][info][gc,task     ] GC(293) Using 5 workers of 5 for marking
[2025-11-06T12:04:17.305+0700][26.951s][info][gc,marking  ] GC(293) Concurrent Mark From Roots 2.837ms
[2025-11-06T12:04:17.305+0700][26.951s][info][gc,marking  ] GC(293) Concurrent Preclean
[2025-11-06T12:04:17.305+0700][26.952s][info][gc,marking  ] GC(293) Concurrent Preclean 0.105ms
[2025-11-06T12:04:17.306+0700][26.952s][info][gc,start    ] GC(293) Pause Remark
[2025-11-06T12:04:17.306+0700][26.953s][info][gc          ] GC(293) Pause Remark 5510M->5510M(8132M) 0.612ms
[2025-11-06T12:04:17.306+0700][26.953s][info][gc,cpu      ] GC(293) User=0.00s Sys=0.00s Real=0.00s
[2025-11-06T12:04:17.306+0700][26.953s][info][gc,marking  ] GC(293) Concurrent Mark 4.292ms
[2025-11-06T12:04:17.306+0700][26.953s][info][gc,marking  ] GC(293) Concurrent Rebuild Remembered Sets
[2025-11-06T12:04:17.307+0700][26.954s][info][gc,marking  ] GC(293) Concurrent Rebuild Remembered Sets 1.133ms
[2025-11-06T12:04:17.324+0700][26.970s][info][gc,start    ] GC(293) Pause Cleanup
[2025-11-06T12:04:17.324+0700][26.970s][info][gc          ] GC(293) Pause Cleanup 5522M->5522M(8132M) 0.197ms
[2025-11-06T12:04:17.324+0700][26.970s][info][gc,cpu      ] GC(293) User=0.00s Sys=0.00s Real=0.00s
[2025-11-06T12:04:17.324+0700][26.970s][info][gc,marking  ] GC(293) Concurrent Cleanup for Next Mark
[2025-11-06T12:04:17.331+0700][26.977s][info][gc,marking  ] GC(293) Concurrent Cleanup for Next Mark 7.129ms
[2025-11-06T12:04:17.331+0700][26.977s][info][gc          ] GC(293) Concurrent Mark Cycle 28.558ms
[2025-11-06T12:04:17.832+0700][27.478s][info][gc,start    ] GC(294) Pause Young (Concurrent Start) (G1 Humongous Allocation)
[2025-11-06T12:04:17.832+0700][27.478s][info][gc,task     ] GC(294) Using 20 workers of 20 for evacuation
[2025-11-06T12:04:17.832+0700][27.479s][info][gc,phases   ] GC(294)   Pre Evacuate Collection Set: 0.1ms
[2025-11-06T12:04:17.832+0700][27.479s][info][gc,phases   ] GC(294)   Merge Heap Roots: 0.1ms
[2025-11-06T12:04:17.832+0700][27.479s][info][gc,phases   ] GC(294)   Evacuate Collection Set: 0.1ms
[2025-11-06T12:04:17.832+0700][27.479s][info][gc,phases   ] GC(294)   Post Evacuate Collection Set: 0.1ms
[2025-11-06T12:04:17.832+0700][27.479s][info][gc,phases   ] GC(294)   Other: 0.2ms
[2025-11-06T12:04:17.832+0700][27.479s][info][gc,heap     ] GC(294) Eden regions: 1->0(447)
[2025-11-06T12:04:17.832+0700][27.479s][info][gc,heap     ] GC(294) Survivor regions: 0->0(57)
[2025-11-06T12:04:17.832+0700][27.479s][info][gc,heap     ] GC(294) Old regions: 1->1
[2025-11-06T12:04:17.832+0700][27.479s][info][gc,heap     ] GC(294) Archive regions: 0->0
[2025-11-06T12:04:17.832+0700][27.479s][info][gc,heap     ] GC(294) Humongous regions: 1380->1380
[2025-11-06T12:04:17.832+0700][27.479s][info][gc,metaspace] GC(294) Metaspace: 9471K(9728K)->9471K(9728K) NonClass: 8331K(8448K)->8331K(8448K) Class: 1140K(1280K)->1140K(1280K)
[2025-11-06T12:04:17.832+0700][27.479s][info][gc          ] GC(294) Pause Young (Concurrent Start) (G1 Humongous Allocation) 5524M->5522M(8132M) 0.690ms
[2025-11-06T12:04:17.832+0700][27.479s][info][gc,cpu      ] GC(294) User=0.00s Sys=0.00s Real=0.00s
[2025-11-06T12:04:17.832+0700][27.479s][info][gc          ] GC(295) Concurrent Mark Cycle
[2025-11-06T12:04:17.832+0700][27.479s][info][gc,marking  ] GC(295) Concurrent Clear Claimed Marks
[2025-11-06T12:04:17.832+0700][27.479s][info][gc,marking  ] GC(295) Concurrent Clear Claimed Marks 0.007ms
[2025-11-06T12:04:17.832+0700][27.479s][info][gc,marking  ] GC(295) Concurrent Scan Root Regions
[2025-11-06T12:04:17.832+0700][27.479s][info][gc,marking  ] GC(295) Concurrent Scan Root Regions 0.005ms
[2025-11-06T12:04:17.832+0700][27.479s][info][gc,marking  ] GC(295) Concurrent Mark
[2025-11-06T12:04:17.832+0700][27.479s][info][gc,marking  ] GC(295) Concurrent Mark From Roots
[2025-11-06T12:04:17.832+0700][27.479s][info][gc,task     ] GC(295) Using 5 workers of 5 for marking
[2025-11-06T12:04:17.835+0700][27.481s][info][gc,marking  ] GC(295) Concurrent Mark From Roots 2.061ms
[2025-11-06T12:04:17.835+0700][27.481s][info][gc,marking  ] GC(295) Concurrent Preclean
[2025-11-06T12:04:17.835+0700][27.481s][info][gc,marking  ] GC(295) Concurrent Preclean 0.173ms
[2025-11-06T12:04:17.835+0700][27.481s][info][gc,start    ] GC(295) Pause Remark
[2025-11-06T12:04:17.836+0700][27.482s][info][gc          ] GC(295) Pause Remark 5534M->5534M(8132M) 0.820ms
[2025-11-06T12:04:17.836+0700][27.482s][info][gc,cpu      ] GC(295) User=0.00s Sys=0.00s Real=0.00s
[2025-11-06T12:04:17.836+0700][27.482s][info][gc,marking  ] GC(295) Concurrent Mark 3.487ms
[2025-11-06T12:04:17.836+0700][27.482s][info][gc,marking  ] GC(295) Concurrent Rebuild Remembered Sets
[2025-11-06T12:04:17.837+0700][27.484s][info][gc,marking  ] GC(295) Concurrent Rebuild Remembered Sets 1.360ms
[2025-11-06T12:04:17.848+0700][27.494s][info][gc,start    ] GC(295) Pause Cleanup
[2025-11-06T12:04:17.848+0700][27.494s][info][gc          ] GC(295) Pause Cleanup 5546M->5546M(8132M) 0.305ms
[2025-11-06T12:04:17.848+0700][27.494s][info][gc,cpu      ] GC(295) User=0.00s Sys=0.00s Real=0.00s
[2025-11-06T12:04:17.848+0700][27.494s][info][gc,marking  ] GC(295) Concurrent Cleanup for Next Mark
[2025-11-06T12:04:17.856+0700][27.503s][info][gc,marking  ] GC(295) Concurrent Cleanup for Next Mark 8.287ms
[2025-11-06T12:04:17.856+0700][27.503s][info][gc          ] GC(295) Concurrent Mark Cycle 23.943ms
[2025-11-06T12:04:17.859+0700][27.505s][info][gc,start    ] GC(296) Pause Young (Concurrent Start) (G1 Humongous Allocation)
[2025-11-06T12:04:17.859+0700][27.505s][info][gc,task     ] GC(296) Using 20 workers of 20 for evacuation
[2025-11-06T12:04:17.860+0700][27.506s][info][gc,phases   ] GC(296)   Pre Evacuate Collection Set: 0.2ms
[2025-11-06T12:04:17.860+0700][27.506s][info][gc,phases   ] GC(296)   Merge Heap Roots: 0.3ms
[2025-11-06T12:04:17.860+0700][27.506s][info][gc,phases   ] GC(296)   Evacuate Collection Set: 0.2ms
[2025-11-06T12:04:17.860+0700][27.506s][info][gc,phases   ] GC(296)   Post Evacuate Collection Set: 0.1ms
[2025-11-06T12:04:17.860+0700][27.506s][info][gc,phases   ] GC(296)   Other: 0.2ms
[2025-11-06T12:04:17.860+0700][27.506s][info][gc,heap     ] GC(296) Eden regions: 0->0(435)
[2025-11-06T12:04:17.860+0700][27.506s][info][gc,heap     ] GC(296) Survivor regions: 0->0(56)
[2025-11-06T12:04:17.860+0700][27.506s][info][gc,heap     ] GC(296) Old regions: 1->1
[2025-11-06T12:04:17.860+0700][27.506s][info][gc,heap     ] GC(296) Archive regions: 0->0
[2025-11-06T12:04:17.860+0700][27.506s][info][gc,heap     ] GC(296) Humongous regions: 1392->1392
[2025-11-06T12:04:17.860+0700][27.506s][info][gc,metaspace] GC(296) Metaspace: 9471K(9728K)->9471K(9728K) NonClass: 8331K(8448K)->8331K(8448K) Class: 1140K(1280K)->1140K(1280K)
[2025-11-06T12:04:17.860+0700][27.506s][info][gc          ] GC(296) Pause Young (Concurrent Start) (G1 Humongous Allocation) 5570M->5570M(8132M) 1.177ms
[2025-11-06T12:04:17.860+0700][27.506s][info][gc,cpu      ] GC(296) User=0.00s Sys=0.00s Real=0.00s
[2025-11-06T12:04:17.860+0700][27.506s][info][gc          ] GC(297) Concurrent Mark Cycle
[2025-11-06T12:04:17.860+0700][27.506s][info][gc,marking  ] GC(297) Concurrent Clear Claimed Marks
[2025-11-06T12:04:17.860+0700][27.506s][info][gc,marking  ] GC(297) Concurrent Clear Claimed Marks 0.015ms
[2025-11-06T12:04:17.860+0700][27.507s][info][gc,marking  ] GC(297) Concurrent Scan Root Regions
[2025-11-06T12:04:17.860+0700][27.507s][info][gc,marking  ] GC(297) Concurrent Scan Root Regions 0.010ms
[2025-11-06T12:04:17.860+0700][27.507s][info][gc,marking  ] GC(297) Concurrent Mark
[2025-11-06T12:04:17.860+0700][27.507s][info][gc,marking  ] GC(297) Concurrent Mark From Roots
[2025-11-06T12:04:17.860+0700][27.507s][info][gc,task     ] GC(297) Using 5 workers of 5 for marking
[2025-11-06T12:04:17.863+0700][27.509s][info][gc,marking  ] GC(297) Concurrent Mark From Roots 2.826ms
[2025-11-06T12:04:17.863+0700][27.509s][info][gc,marking  ] GC(297) Concurrent Preclean
[2025-11-06T12:04:17.863+0700][27.510s][info][gc,marking  ] GC(297) Concurrent Preclean 0.103ms
[2025-11-06T12:04:17.864+0700][27.510s][info][gc,start    ] GC(297) Pause Remark
[2025-11-06T12:04:17.864+0700][27.511s][info][gc          ] GC(297) Pause Remark 5582M->5582M(8132M) 0.623ms
[2025-11-06T12:04:17.864+0700][27.511s][info][gc,cpu      ] GC(297) User=0.00s Sys=0.00s Real=0.00s
[2025-11-06T12:04:17.864+0700][27.511s][info][gc,marking  ] GC(297) Concurrent Mark 4.281ms
[2025-11-06T12:04:17.864+0700][27.511s][info][gc,marking  ] GC(297) Concurrent Rebuild Remembered Sets
[2025-11-06T12:04:17.866+0700][27.512s][info][gc,marking  ] GC(297) Concurrent Rebuild Remembered Sets 1.192ms
[2025-11-06T12:04:17.878+0700][27.524s][info][gc,start    ] GC(297) Pause Cleanup
[2025-11-06T12:04:17.878+0700][27.524s][info][gc          ] GC(297) Pause Cleanup 5594M->5594M(8132M) 0.224ms
[2025-11-06T12:04:17.878+0700][27.524s][info][gc,cpu      ] GC(297) User=0.00s Sys=0.00s Real=0.00s
[2025-11-06T12:04:17.878+0700][27.524s][info][gc,marking  ] GC(297) Concurrent Cleanup for Next Mark
[2025-11-06T12:04:17.886+0700][27.533s][info][gc,marking  ] GC(297) Concurrent Cleanup for Next Mark 8.409ms
[2025-11-06T12:04:17.886+0700][27.533s][info][gc          ] GC(297) Concurrent Mark Cycle 26.314ms
[2025-11-06T12:04:17.888+0700][27.535s][info][gc,start    ] GC(298) Pause Young (Concurrent Start) (G1 Humongous Allocation)
[2025-11-06T12:04:17.888+0700][27.535s][info][gc,task     ] GC(298) Using 20 workers of 20 for evacuation
[2025-11-06T12:04:17.889+0700][27.535s][info][gc,phases   ] GC(298)   Pre Evacuate Collection Set: 0.1ms
[2025-11-06T12:04:17.889+0700][27.535s][info][gc,phases   ] GC(298)   Merge Heap Roots: 0.2ms
[2025-11-06T12:04:17.889+0700][27.535s][info][gc,phases   ] GC(298)   Evacuate Collection Set: 0.1ms
[2025-11-06T12:04:17.889+0700][27.535s][info][gc,phases   ] GC(298)   Post Evacuate Collection Set: 0.1ms
[2025-11-06T12:04:17.889+0700][27.535s][info][gc,phases   ] GC(298)   Other: 0.2ms
[2025-11-06T12:04:17.889+0700][27.535s][info][gc,heap     ] GC(298) Eden regions: 0->0(423)
[2025-11-06T12:04:17.889+0700][27.535s][info][gc,heap     ] GC(298) Survivor regions: 0->0(55)
[2025-11-06T12:04:17.889+0700][27.535s][info][gc,heap     ] GC(298) Old regions: 1->1
[2025-11-06T12:04:17.889+0700][27.535s][info][gc,heap     ] GC(298) Archive regions: 0->0
[2025-11-06T12:04:17.889+0700][27.535s][info][gc,heap     ] GC(298) Humongous regions: 1404->1404
[2025-11-06T12:04:17.889+0700][27.535s][info][gc,metaspace] GC(298) Metaspace: 9471K(9728K)->9471K(9728K) NonClass: 8331K(8448K)->8331K(8448K) Class: 1140K(1280K)->1140K(1280K)
[2025-11-06T12:04:17.889+0700][27.535s][info][gc          ] GC(298) Pause Young (Concurrent Start) (G1 Humongous Allocation) 5618M->5618M(8132M) 0.844ms
[2025-11-06T12:04:17.889+0700][27.535s][info][gc,cpu      ] GC(298) User=0.00s Sys=0.00s Real=0.00s
[2025-11-06T12:04:17.889+0700][27.535s][info][gc          ] GC(299) Concurrent Mark Cycle
[2025-11-06T12:04:17.889+0700][27.535s][info][gc,marking  ] GC(299) Concurrent Clear Claimed Marks
[2025-11-06T12:04:17.889+0700][27.535s][info][gc,marking  ] GC(299) Concurrent Clear Claimed Marks 0.008ms
[2025-11-06T12:04:17.889+0700][27.535s][info][gc,marking  ] GC(299) Concurrent Scan Root Regions
[2025-11-06T12:04:17.889+0700][27.535s][info][gc,marking  ] GC(299) Concurrent Scan Root Regions 0.005ms
[2025-11-06T12:04:17.889+0700][27.535s][info][gc,marking  ] GC(299) Concurrent Mark
[2025-11-06T12:04:17.889+0700][27.535s][info][gc,marking  ] GC(299) Concurrent Mark From Roots
[2025-11-06T12:04:17.889+0700][27.535s][info][gc,task     ] GC(299) Using 5 workers of 5 for marking
[2025-11-06T12:04:17.891+0700][27.538s][info][gc,marking  ] GC(299) Concurrent Mark From Roots 2.147ms
[2025-11-06T12:04:17.891+0700][27.538s][info][gc,marking  ] GC(299) Concurrent Preclean
[2025-11-06T12:04:17.891+0700][27.538s][info][gc,marking  ] GC(299) Concurrent Preclean 0.104ms
[2025-11-06T12:04:17.892+0700][27.538s][info][gc,start    ] GC(299) Pause Remark
[2025-11-06T12:04:17.892+0700][27.539s][info][gc          ] GC(299) Pause Remark 5630M->5630M(8132M) 0.613ms
[2025-11-06T12:04:17.892+0700][27.539s][info][gc,cpu      ] GC(299) User=0.00s Sys=0.00s Real=0.00s
[2025-11-06T12:04:17.892+0700][27.539s][info][gc,marking  ] GC(299) Concurrent Mark 3.183ms
[2025-11-06T12:04:17.892+0700][27.539s][info][gc,marking  ] GC(299) Concurrent Rebuild Remembered Sets
[2025-11-06T12:04:17.894+0700][27.540s][info][gc,marking  ] GC(299) Concurrent Rebuild Remembered Sets 1.324ms
[2025-11-06T12:04:17.909+0700][27.555s][info][gc,start    ] GC(299) Pause Cleanup
[2025-11-06T12:04:17.909+0700][27.555s][info][gc          ] GC(299) Pause Cleanup 5642M->5642M(8132M) 0.329ms
[2025-11-06T12:04:17.909+0700][27.555s][info][gc,cpu      ] GC(299) User=0.00s Sys=0.00s Real=0.00s
[2025-11-06T12:04:17.909+0700][27.555s][info][gc,marking  ] GC(299) Concurrent Cleanup for Next Mark
[2025-11-06T12:04:17.917+0700][27.563s][info][gc,marking  ] GC(299) Concurrent Cleanup for Next Mark 7.642ms
[2025-11-06T12:04:17.917+0700][27.563s][info][gc          ] GC(299) Concurrent Mark Cycle 27.657ms
[2025-11-06T12:04:18.419+0700][28.066s][info][gc,start    ] GC(300) Pause Young (Concurrent Start) (G1 Humongous Allocation)
[2025-11-06T12:04:18.419+0700][28.066s][info][gc,task     ] GC(300) Using 20 workers of 20 for evacuation
[2025-11-06T12:04:18.420+0700][28.067s][info][gc,phases   ] GC(300)   Pre Evacuate Collection Set: 0.2ms
[2025-11-06T12:04:18.420+0700][28.067s][info][gc,phases   ] GC(300)   Merge Heap Roots: 0.4ms
[2025-11-06T12:04:18.420+0700][28.067s][info][gc,phases   ] GC(300)   Evacuate Collection Set: 0.2ms
[2025-11-06T12:04:18.420+0700][28.067s][info][gc,phases   ] GC(300)   Post Evacuate Collection Set: 0.1ms
[2025-11-06T12:04:18.420+0700][28.067s][info][gc,phases   ] GC(300)   Other: 0.3ms
[2025-11-06T12:04:18.420+0700][28.067s][info][gc,heap     ] GC(300) Eden regions: 1->0(417)
[2025-11-06T12:04:18.420+0700][28.067s][info][gc,heap     ] GC(300) Survivor regions: 0->0(53)
[2025-11-06T12:04:18.420+0700][28.067s][info][gc,heap     ] GC(300) Old regions: 1->1
[2025-11-06T12:04:18.420+0700][28.067s][info][gc,heap     ] GC(300) Archive regions: 0->0
[2025-11-06T12:04:18.420+0700][28.067s][info][gc,heap     ] GC(300) Humongous regions: 1410->1410
[2025-11-06T12:04:18.420+0700][28.067s][info][gc,metaspace] GC(300) Metaspace: 9471K(9728K)->9471K(9728K) NonClass: 8331K(8448K)->8331K(8448K) Class: 1140K(1280K)->1140K(1280K)
[2025-11-06T12:04:18.420+0700][28.067s][info][gc          ] GC(300) Pause Young (Concurrent Start) (G1 Humongous Allocation) 5644M->5642M(8132M) 1.186ms
[2025-11-06T12:04:18.420+0700][28.067s][info][gc,cpu      ] GC(300) User=0.00s Sys=0.00s Real=0.00s
[2025-11-06T12:04:18.420+0700][28.067s][info][gc          ] GC(301) Concurrent Mark Cycle
[2025-11-06T12:04:18.420+0700][28.067s][info][gc,marking  ] GC(301) Concurrent Clear Claimed Marks
[2025-11-06T12:04:18.420+0700][28.067s][info][gc,marking  ] GC(301) Concurrent Clear Claimed Marks 0.009ms
[2025-11-06T12:04:18.421+0700][28.067s][info][gc,marking  ] GC(301) Concurrent Scan Root Regions
[2025-11-06T12:04:18.421+0700][28.067s][info][gc,marking  ] GC(301) Concurrent Scan Root Regions 0.006ms
[2025-11-06T12:04:18.421+0700][28.067s][info][gc,marking  ] GC(301) Concurrent Mark
[2025-11-06T12:04:18.421+0700][28.067s][info][gc,marking  ] GC(301) Concurrent Mark From Roots
[2025-11-06T12:04:18.421+0700][28.067s][info][gc,task     ] GC(301) Using 5 workers of 5 for marking
[2025-11-06T12:04:18.424+0700][28.070s][info][gc,marking  ] GC(301) Concurrent Mark From Roots 3.388ms
[2025-11-06T12:04:18.424+0700][28.070s][info][gc,marking  ] GC(301) Concurrent Preclean
[2025-11-06T12:04:18.424+0700][28.070s][info][gc,marking  ] GC(301) Concurrent Preclean 0.106ms
[2025-11-06T12:04:18.435+0700][28.081s][info][gc,start    ] GC(301) Pause Remark
[2025-11-06T12:04:18.436+0700][28.082s][info][gc          ] GC(301) Pause Remark 5666M->5666M(8132M) 0.948ms
[2025-11-06T12:04:18.436+0700][28.082s][info][gc,cpu      ] GC(301) User=0.00s Sys=0.00s Real=0.00s
[2025-11-06T12:04:18.436+0700][28.082s][info][gc,marking  ] GC(301) Concurrent Mark 15.067ms
[2025-11-06T12:04:18.436+0700][28.082s][info][gc,marking  ] GC(301) Concurrent Rebuild Remembered Sets
[2025-11-06T12:04:18.437+0700][28.083s][info][gc,marking  ] GC(301) Concurrent Rebuild Remembered Sets 1.391ms
[2025-11-06T12:04:18.451+0700][28.097s][info][gc,start    ] GC(301) Pause Cleanup
[2025-11-06T12:04:18.451+0700][28.097s][info][gc          ] GC(301) Pause Cleanup 5678M->5678M(8132M) 0.193ms
[2025-11-06T12:04:18.451+0700][28.097s][info][gc,cpu      ] GC(301) User=0.00s Sys=0.00s Real=0.00s
[2025-11-06T12:04:18.451+0700][28.097s][info][gc,marking  ] GC(301) Concurrent Cleanup for Next Mark
[2025-11-06T12:04:18.459+0700][28.105s][info][gc,marking  ] GC(301) Concurrent Cleanup for Next Mark 8.174ms
[2025-11-06T12:04:18.459+0700][28.105s][info][gc          ] GC(301) Concurrent Mark Cycle 38.624ms
[2025-11-06T12:04:18.461+0700][28.107s][info][gc,start    ] GC(302) Pause Young (Concurrent Start) (G1 Humongous Allocation)
[2025-11-06T12:04:18.461+0700][28.107s][info][gc,task     ] GC(302) Using 20 workers of 20 for evacuation
[2025-11-06T12:04:18.462+0700][28.108s][info][gc,phases   ] GC(302)   Pre Evacuate Collection Set: 0.2ms
[2025-11-06T12:04:18.462+0700][28.108s][info][gc,phases   ] GC(302)   Merge Heap Roots: 0.2ms
[2025-11-06T12:04:18.462+0700][28.108s][info][gc,phases   ] GC(302)   Evacuate Collection Set: 0.2ms
[2025-11-06T12:04:18.462+0700][28.108s][info][gc,phases   ] GC(302)   Post Evacuate Collection Set: 0.1ms
[2025-11-06T12:04:18.462+0700][28.108s][info][gc,phases   ] GC(302)   Other: 0.2ms
[2025-11-06T12:04:18.462+0700][28.108s][info][gc,heap     ] GC(302) Eden regions: 0->0(402)
[2025-11-06T12:04:18.462+0700][28.108s][info][gc,heap     ] GC(302) Survivor regions: 0->0(53)
[2025-11-06T12:04:18.462+0700][28.108s][info][gc,heap     ] GC(302) Old regions: 1->1
[2025-11-06T12:04:18.462+0700][28.108s][info][gc,heap     ] GC(302) Archive regions: 0->0
[2025-11-06T12:04:18.462+0700][28.108s][info][gc,heap     ] GC(302) Humongous regions: 1425->1425
[2025-11-06T12:04:18.462+0700][28.108s][info][gc,metaspace] GC(302) Metaspace: 9471K(9728K)->9471K(9728K) NonClass: 8331K(8448K)->8331K(8448K) Class: 1140K(1280K)->1140K(1280K)
[2025-11-06T12:04:18.462+0700][28.108s][info][gc          ] GC(302) Pause Young (Concurrent Start) (G1 Humongous Allocation) 5702M->5702M(8132M) 0.960ms
[2025-11-06T12:04:18.462+0700][28.108s][info][gc,cpu      ] GC(302) User=0.00s Sys=0.00s Real=0.00s
[2025-11-06T12:04:18.462+0700][28.108s][info][gc          ] GC(303) Concurrent Mark Cycle
[2025-11-06T12:04:18.462+0700][28.108s][info][gc,marking  ] GC(303) Concurrent Clear Claimed Marks
[2025-11-06T12:04:18.462+0700][28.108s][info][gc,marking  ] GC(303) Concurrent Clear Claimed Marks 0.007ms
[2025-11-06T12:04:18.462+0700][28.108s][info][gc,marking  ] GC(303) Concurrent Scan Root Regions
[2025-11-06T12:04:18.462+0700][28.108s][info][gc,marking  ] GC(303) Concurrent Scan Root Regions 0.005ms
[2025-11-06T12:04:18.462+0700][28.108s][info][gc,marking  ] GC(303) Concurrent Mark
[2025-11-06T12:04:18.462+0700][28.108s][info][gc,marking  ] GC(303) Concurrent Mark From Roots
[2025-11-06T12:04:18.462+0700][28.108s][info][gc,task     ] GC(303) Using 5 workers of 5 for marking
[2025-11-06T12:04:18.464+0700][28.111s][info][gc,marking  ] GC(303) Concurrent Mark From Roots 2.416ms
[2025-11-06T12:04:18.464+0700][28.111s][info][gc,marking  ] GC(303) Concurrent Preclean
[2025-11-06T12:04:18.464+0700][28.111s][info][gc,marking  ] GC(303) Concurrent Preclean 0.104ms
[2025-11-06T12:04:18.465+0700][28.111s][info][gc,start    ] GC(303) Pause Remark
[2025-11-06T12:04:18.466+0700][28.112s][info][gc          ] GC(303) Pause Remark 5714M->5714M(8132M) 0.587ms
[2025-11-06T12:04:18.466+0700][28.112s][info][gc,cpu      ] GC(303) User=0.00s Sys=0.00s Real=0.00s
[2025-11-06T12:04:18.466+0700][28.112s][info][gc,marking  ] GC(303) Concurrent Mark 3.674ms
[2025-11-06T12:04:18.466+0700][28.112s][info][gc,marking  ] GC(303) Concurrent Rebuild Remembered Sets
[2025-11-06T12:04:18.467+0700][28.113s][info][gc,marking  ] GC(303) Concurrent Rebuild Remembered Sets 1.284ms
[2025-11-06T12:04:18.483+0700][28.129s][info][gc,start    ] GC(303) Pause Cleanup
[2025-11-06T12:04:18.483+0700][28.129s][info][gc          ] GC(303) Pause Cleanup 5726M->5726M(8132M) 0.245ms
[2025-11-06T12:04:18.483+0700][28.129s][info][gc,cpu      ] GC(303) User=0.00s Sys=0.00s Real=0.00s
[2025-11-06T12:04:18.483+0700][28.129s][info][gc,marking  ] GC(303) Concurrent Cleanup for Next Mark
[2025-11-06T12:04:18.492+0700][28.138s][info][gc,marking  ] GC(303) Concurrent Cleanup for Next Mark 8.677ms
[2025-11-06T12:04:18.492+0700][28.138s][info][gc          ] GC(303) Concurrent Mark Cycle 29.841ms
[2025-11-06T12:04:18.494+0700][28.141s][info][gc,start    ] GC(304) Pause Young (Concurrent Start) (G1 Humongous Allocation)
[2025-11-06T12:04:18.494+0700][28.141s][info][gc,task     ] GC(304) Using 20 workers of 20 for evacuation
[2025-11-06T12:04:18.495+0700][28.141s][info][gc,phases   ] GC(304)   Pre Evacuate Collection Set: 0.1ms
[2025-11-06T12:04:18.495+0700][28.141s][info][gc,phases   ] GC(304)   Merge Heap Roots: 0.2ms
[2025-11-06T12:04:18.495+0700][28.141s][info][gc,phases   ] GC(304)   Evacuate Collection Set: 0.1ms
[2025-11-06T12:04:18.495+0700][28.141s][info][gc,phases   ] GC(304)   Post Evacuate Collection Set: 0.1ms
[2025-11-06T12:04:18.495+0700][28.141s][info][gc,phases   ] GC(304)   Other: 0.2ms
[2025-11-06T12:04:18.495+0700][28.141s][info][gc,heap     ] GC(304) Eden regions: 0->0(390)
[2025-11-06T12:04:18.495+0700][28.141s][info][gc,heap     ] GC(304) Survivor regions: 0->0(51)
[2025-11-06T12:04:18.495+0700][28.141s][info][gc,heap     ] GC(304) Old regions: 1->1
[2025-11-06T12:04:18.495+0700][28.141s][info][gc,heap     ] GC(304) Archive regions: 0->0
[2025-11-06T12:04:18.495+0700][28.141s][info][gc,heap     ] GC(304) Humongous regions: 1437->1437
[2025-11-06T12:04:18.495+0700][28.141s][info][gc,metaspace] GC(304) Metaspace: 9471K(9728K)->9471K(9728K) NonClass: 8331K(8448K)->8331K(8448K) Class: 1140K(1280K)->1140K(1280K)
[2025-11-06T12:04:18.495+0700][28.141s][info][gc          ] GC(304) Pause Young (Concurrent Start) (G1 Humongous Allocation) 5750M->5750M(8132M) 0.810ms
[2025-11-06T12:04:18.495+0700][28.141s][info][gc,cpu      ] GC(304) User=0.00s Sys=0.00s Real=0.00s
[2025-11-06T12:04:18.495+0700][28.141s][info][gc          ] GC(305) Concurrent Mark Cycle
[2025-11-06T12:04:18.495+0700][28.141s][info][gc,marking  ] GC(305) Concurrent Clear Claimed Marks
[2025-11-06T12:04:18.495+0700][28.141s][info][gc,marking  ] GC(305) Concurrent Clear Claimed Marks 0.007ms
[2025-11-06T12:04:18.495+0700][28.141s][info][gc,marking  ] GC(305) Concurrent Scan Root Regions
[2025-11-06T12:04:18.495+0700][28.141s][info][gc,marking  ] GC(305) Concurrent Scan Root Regions 0.005ms
[2025-11-06T12:04:18.495+0700][28.141s][info][gc,marking  ] GC(305) Concurrent Mark
[2025-11-06T12:04:18.495+0700][28.141s][info][gc,marking  ] GC(305) Concurrent Mark From Roots
[2025-11-06T12:04:18.495+0700][28.141s][info][gc,task     ] GC(305) Using 5 workers of 5 for marking
[2025-11-06T12:04:18.497+0700][28.144s][info][gc,marking  ] GC(305) Concurrent Mark From Roots 2.364ms
[2025-11-06T12:04:18.497+0700][28.144s][info][gc,marking  ] GC(305) Concurrent Preclean
[2025-11-06T12:04:18.497+0700][28.144s][info][gc,marking  ] GC(305) Concurrent Preclean 0.107ms
[2025-11-06T12:04:18.498+0700][28.144s][info][gc,start    ] GC(305) Pause Remark
[2025-11-06T12:04:18.499+0700][28.145s][info][gc          ] GC(305) Pause Remark 5762M->5762M(8132M) 0.557ms
[2025-11-06T12:04:18.499+0700][28.145s][info][gc,cpu      ] GC(305) User=0.00s Sys=0.00s Real=0.00s
[2025-11-06T12:04:18.499+0700][28.145s][info][gc,marking  ] GC(305) Concurrent Mark 3.717ms
[2025-11-06T12:04:18.499+0700][28.145s][info][gc,marking  ] GC(305) Concurrent Rebuild Remembered Sets
[2025-11-06T12:04:18.500+0700][28.146s][info][gc,marking  ] GC(305) Concurrent Rebuild Remembered Sets 1.194ms
[2025-11-06T12:04:18.500+0700][28.146s][info][gc,start    ] GC(305) Pause Cleanup
[2025-11-06T12:04:18.500+0700][28.147s][info][gc          ] GC(305) Pause Cleanup 5764M->5764M(8132M) 0.122ms
[2025-11-06T12:04:18.500+0700][28.147s][info][gc,cpu      ] GC(305) User=0.00s Sys=0.00s Real=0.00s
[2025-11-06T12:04:18.500+0700][28.147s][info][gc,marking  ] GC(305) Concurrent Cleanup for Next Mark
[2025-11-06T12:04:18.508+0700][28.154s][info][gc,marking  ] GC(305) Concurrent Cleanup for Next Mark 7.889ms
[2025-11-06T12:04:18.508+0700][28.154s][info][gc          ] GC(305) Concurrent Mark Cycle 13.119ms
[2025-11-06T12:04:19.008+0700][28.654s][info][gc,start    ] GC(306) Pause Young (Concurrent Start) (G1 Humongous Allocation)
[2025-11-06T12:04:19.008+0700][28.654s][info][gc,task     ] GC(306) Using 20 workers of 20 for evacuation
[2025-11-06T12:04:19.008+0700][28.655s][info][gc,phases   ] GC(306)   Pre Evacuate Collection Set: 0.1ms
[2025-11-06T12:04:19.008+0700][28.655s][info][gc,phases   ] GC(306)   Merge Heap Roots: 0.2ms
[2025-11-06T12:04:19.008+0700][28.655s][info][gc,phases   ] GC(306)   Evacuate Collection Set: 0.1ms
[2025-11-06T12:04:19.008+0700][28.655s][info][gc,phases   ] GC(306)   Post Evacuate Collection Set: 0.1ms
[2025-11-06T12:04:19.008+0700][28.655s][info][gc,phases   ] GC(306)   Other: 0.2ms
[2025-11-06T12:04:19.008+0700][28.655s][info][gc,heap     ] GC(306) Eden regions: 1->0(387)
[2025-11-06T12:04:19.008+0700][28.655s][info][gc,heap     ] GC(306) Survivor regions: 0->0(49)
[2025-11-06T12:04:19.008+0700][28.655s][info][gc,heap     ] GC(306) Old regions: 1->1
[2025-11-06T12:04:19.008+0700][28.655s][info][gc,heap     ] GC(306) Archive regions: 0->0
[2025-11-06T12:04:19.008+0700][28.655s][info][gc,heap     ] GC(306) Humongous regions: 1440->1440
[2025-11-06T12:04:19.008+0700][28.655s][info][gc,metaspace] GC(306) Metaspace: 9471K(9728K)->9471K(9728K) NonClass: 8331K(8448K)->8331K(8448K) Class: 1140K(1280K)->1140K(1280K)
[2025-11-06T12:04:19.008+0700][28.655s][info][gc          ] GC(306) Pause Young (Concurrent Start) (G1 Humongous Allocation) 5764M->5762M(8132M) 0.787ms
[2025-11-06T12:04:19.008+0700][28.655s][info][gc,cpu      ] GC(306) User=0.00s Sys=0.00s Real=0.00s
[2025-11-06T12:04:19.008+0700][28.655s][info][gc          ] GC(307) Concurrent Mark Cycle
[2025-11-06T12:04:19.008+0700][28.655s][info][gc,marking  ] GC(307) Concurrent Clear Claimed Marks
[2025-11-06T12:04:19.008+0700][28.655s][info][gc,marking  ] GC(307) Concurrent Clear Claimed Marks 0.008ms
[2025-11-06T12:04:19.008+0700][28.655s][info][gc,marking  ] GC(307) Concurrent Scan Root Regions
[2025-11-06T12:04:19.008+0700][28.655s][info][gc,marking  ] GC(307) Concurrent Scan Root Regions 0.006ms
[2025-11-06T12:04:19.008+0700][28.655s][info][gc,marking  ] GC(307) Concurrent Mark
[2025-11-06T12:04:19.008+0700][28.655s][info][gc,marking  ] GC(307) Concurrent Mark From Roots
[2025-11-06T12:04:19.008+0700][28.655s][info][gc,task     ] GC(307) Using 5 workers of 5 for marking
[2025-11-06T12:04:19.011+0700][28.657s][info][gc,marking  ] GC(307) Concurrent Mark From Roots 2.186ms
[2025-11-06T12:04:19.011+0700][28.657s][info][gc,marking  ] GC(307) Concurrent Preclean
[2025-11-06T12:04:19.011+0700][28.657s][info][gc,marking  ] GC(307) Concurrent Preclean 0.103ms
[2025-11-06T12:04:19.011+0700][28.658s][info][gc,start    ] GC(307) Pause Remark
[2025-11-06T12:04:19.012+0700][28.658s][info][gc          ] GC(307) Pause Remark 5774M->5774M(8132M) 0.572ms
[2025-11-06T12:04:19.012+0700][28.658s][info][gc,cpu      ] GC(307) User=0.00s Sys=0.00s Real=0.00s
[2025-11-06T12:04:19.012+0700][28.658s][info][gc,marking  ] GC(307) Concurrent Mark 3.576ms
[2025-11-06T12:04:19.012+0700][28.658s][info][gc,marking  ] GC(307) Concurrent Rebuild Remembered Sets
[2025-11-06T12:04:19.013+0700][28.660s][info][gc,marking  ] GC(307) Concurrent Rebuild Remembered Sets 1.139ms
[2025-11-06T12:04:19.024+0700][28.670s][info][gc,start    ] GC(307) Pause Cleanup
[2025-11-06T12:04:19.024+0700][28.670s][info][gc          ] GC(307) Pause Cleanup 5786M->5786M(8132M) 0.267ms
[2025-11-06T12:04:19.024+0700][28.670s][info][gc,cpu      ] GC(307) User=0.00s Sys=0.00s Real=0.00s
[2025-11-06T12:04:19.024+0700][28.670s][info][gc,marking  ] GC(307) Concurrent Cleanup for Next Mark
[2025-11-06T12:04:19.032+0700][28.679s][info][gc,marking  ] GC(307) Concurrent Cleanup for Next Mark 8.328ms
[2025-11-06T12:04:19.032+0700][28.679s][info][gc          ] GC(307) Concurrent Mark Cycle 23.876ms
[2025-11-06T12:04:19.033+0700][28.679s][info][gc,start    ] GC(308) Pause Young (Concurrent Start) (G1 Humongous Allocation)
[2025-11-06T12:04:19.033+0700][28.679s][info][gc,task     ] GC(308) Using 20 workers of 20 for evacuation
[2025-11-06T12:04:19.033+0700][28.680s][info][gc,phases   ] GC(308)   Pre Evacuate Collection Set: 0.2ms
[2025-11-06T12:04:19.033+0700][28.680s][info][gc,phases   ] GC(308)   Merge Heap Roots: 0.2ms
[2025-11-06T12:04:19.034+0700][28.680s][info][gc,phases   ] GC(308)   Evacuate Collection Set: 0.2ms
[2025-11-06T12:04:19.034+0700][28.680s][info][gc,phases   ] GC(308)   Post Evacuate Collection Set: 0.1ms
[2025-11-06T12:04:19.034+0700][28.680s][info][gc,phases   ] GC(308)   Other: 0.2ms
[2025-11-06T12:04:19.034+0700][28.680s][info][gc,heap     ] GC(308) Eden regions: 0->0(375)
[2025-11-06T12:04:19.034+0700][28.680s][info][gc,heap     ] GC(308) Survivor regions: 0->0(49)
[2025-11-06T12:04:19.034+0700][28.680s][info][gc,heap     ] GC(308) Old regions: 1->1
[2025-11-06T12:04:19.034+0700][28.680s][info][gc,heap     ] GC(308) Archive regions: 0->0
[2025-11-06T12:04:19.034+0700][28.680s][info][gc,heap     ] GC(308) Humongous regions: 1452->1452
[2025-11-06T12:04:19.034+0700][28.680s][info][gc,metaspace] GC(308) Metaspace: 9471K(9728K)->9471K(9728K) NonClass: 8331K(8448K)->8331K(8448K) Class: 1140K(1280K)->1140K(1280K)
[2025-11-06T12:04:19.034+0700][28.680s][info][gc          ] GC(308) Pause Young (Concurrent Start) (G1 Humongous Allocation) 5810M->5810M(8132M) 0.975ms
[2025-11-06T12:04:19.034+0700][28.680s][info][gc,cpu      ] GC(308) User=0.00s Sys=0.02s Real=0.00s
[2025-11-06T12:04:19.034+0700][28.680s][info][gc          ] GC(309) Concurrent Mark Cycle
[2025-11-06T12:04:19.034+0700][28.680s][info][gc,marking  ] GC(309) Concurrent Clear Claimed Marks
[2025-11-06T12:04:19.034+0700][28.680s][info][gc,marking  ] GC(309) Concurrent Clear Claimed Marks 0.007ms
[2025-11-06T12:04:19.034+0700][28.680s][info][gc,marking  ] GC(309) Concurrent Scan Root Regions
[2025-11-06T12:04:19.034+0700][28.680s][info][gc,marking  ] GC(309) Concurrent Scan Root Regions 0.005ms
[2025-11-06T12:04:19.034+0700][28.680s][info][gc,marking  ] GC(309) Concurrent Mark
[2025-11-06T12:04:19.034+0700][28.680s][info][gc,marking  ] GC(309) Concurrent Mark From Roots
[2025-11-06T12:04:19.034+0700][28.680s][info][gc,task     ] GC(309) Using 5 workers of 5 for marking
[2025-11-06T12:04:19.038+0700][28.684s][info][gc,marking  ] GC(309) Concurrent Mark From Roots 4.017ms
[2025-11-06T12:04:19.038+0700][28.684s][info][gc,marking  ] GC(309) Concurrent Preclean
[2025-11-06T12:04:19.038+0700][28.685s][info][gc,marking  ] GC(309) Concurrent Preclean 0.164ms
[2025-11-06T12:04:19.055+0700][28.701s][info][gc,start    ] GC(309) Pause Remark
[2025-11-06T12:04:19.055+0700][28.702s][info][gc          ] GC(309) Pause Remark 5834M->5834M(8132M) 0.553ms
[2025-11-06T12:04:19.055+0700][28.702s][info][gc,cpu      ] GC(309) User=0.00s Sys=0.00s Real=0.00s
[2025-11-06T12:04:19.055+0700][28.702s][info][gc,marking  ] GC(309) Concurrent Mark 21.491ms
[2025-11-06T12:04:19.055+0700][28.702s][info][gc,marking  ] GC(309) Concurrent Rebuild Remembered Sets
[2025-11-06T12:04:19.057+0700][28.703s][info][gc,marking  ] GC(309) Concurrent Rebuild Remembered Sets 1.322ms
[2025-11-06T12:04:19.071+0700][28.717s][info][gc,start    ] GC(309) Pause Cleanup
[2025-11-06T12:04:19.071+0700][28.718s][info][gc          ] GC(309) Pause Cleanup 5846M->5846M(8132M) 0.323ms
[2025-11-06T12:04:19.071+0700][28.718s][info][gc,cpu      ] GC(309) User=0.00s Sys=0.00s Real=0.00s
[2025-11-06T12:04:19.071+0700][28.718s][info][gc,marking  ] GC(309) Concurrent Cleanup for Next Mark
[2025-11-06T12:04:19.079+0700][28.726s][info][gc,marking  ] GC(309) Concurrent Cleanup for Next Mark 8.245ms
[2025-11-06T12:04:19.079+0700][28.726s][info][gc          ] GC(309) Concurrent Mark Cycle 45.608ms
[2025-11-06T12:04:19.080+0700][28.726s][info][gc,start    ] GC(310) Pause Young (Concurrent Start) (G1 Humongous Allocation)
[2025-11-06T12:04:19.080+0700][28.726s][info][gc,task     ] GC(310) Using 20 workers of 20 for evacuation
[2025-11-06T12:04:19.080+0700][28.727s][info][gc,phases   ] GC(310)   Pre Evacuate Collection Set: 0.2ms
[2025-11-06T12:04:19.080+0700][28.727s][info][gc,phases   ] GC(310)   Merge Heap Roots: 0.2ms
[2025-11-06T12:04:19.080+0700][28.727s][info][gc,phases   ] GC(310)   Evacuate Collection Set: 0.1ms
[2025-11-06T12:04:19.080+0700][28.727s][info][gc,phases   ] GC(310)   Post Evacuate Collection Set: 0.1ms
[2025-11-06T12:04:19.081+0700][28.727s][info][gc,phases   ] GC(310)   Other: 0.2ms
[2025-11-06T12:04:19.081+0700][28.727s][info][gc,heap     ] GC(310) Eden regions: 0->0(360)
[2025-11-06T12:04:19.081+0700][28.727s][info][gc,heap     ] GC(310) Survivor regions: 0->0(47)
[2025-11-06T12:04:19.081+0700][28.727s][info][gc,heap     ] GC(310) Old regions: 1->1
[2025-11-06T12:04:19.081+0700][28.727s][info][gc,heap     ] GC(310) Archive regions: 0->0
[2025-11-06T12:04:19.081+0700][28.727s][info][gc,heap     ] GC(310) Humongous regions: 1467->1467
[2025-11-06T12:04:19.081+0700][28.727s][info][gc,metaspace] GC(310) Metaspace: 9471K(9728K)->9471K(9728K) NonClass: 8331K(8448K)->8331K(8448K) Class: 1140K(1280K)->1140K(1280K)
[2025-11-06T12:04:19.081+0700][28.727s][info][gc          ] GC(310) Pause Young (Concurrent Start) (G1 Humongous Allocation) 5870M->5870M(8132M) 0.918ms
[2025-11-06T12:04:19.081+0700][28.727s][info][gc,cpu      ] GC(310) User=0.00s Sys=0.02s Real=0.00s
[2025-11-06T12:04:19.081+0700][28.727s][info][gc          ] GC(311) Concurrent Mark Cycle
[2025-11-06T12:04:19.081+0700][28.727s][info][gc,marking  ] GC(311) Concurrent Clear Claimed Marks
[2025-11-06T12:04:19.081+0700][28.727s][info][gc,marking  ] GC(311) Concurrent Clear Claimed Marks 0.015ms
[2025-11-06T12:04:19.081+0700][28.727s][info][gc,marking  ] GC(311) Concurrent Scan Root Regions
[2025-11-06T12:04:19.081+0700][28.727s][info][gc,marking  ] GC(311) Concurrent Scan Root Regions 0.011ms
[2025-11-06T12:04:19.081+0700][28.727s][info][gc,marking  ] GC(311) Concurrent Mark
[2025-11-06T12:04:19.081+0700][28.727s][info][gc,marking  ] GC(311) Concurrent Mark From Roots
[2025-11-06T12:04:19.081+0700][28.727s][info][gc,task     ] GC(311) Using 5 workers of 5 for marking
[2025-11-06T12:04:19.083+0700][28.730s][info][gc,marking  ] GC(311) Concurrent Mark From Roots 2.478ms
[2025-11-06T12:04:19.083+0700][28.730s][info][gc,marking  ] GC(311) Concurrent Preclean
[2025-11-06T12:04:19.083+0700][28.730s][info][gc,marking  ] GC(311) Concurrent Preclean 0.156ms
[2025-11-06T12:04:19.084+0700][28.731s][info][gc,start    ] GC(311) Pause Remark
[2025-11-06T12:04:19.085+0700][28.732s][info][gc          ] GC(311) Pause Remark 5882M->5882M(8132M) 0.791ms
[2025-11-06T12:04:19.085+0700][28.732s][info][gc,cpu      ] GC(311) User=0.00s Sys=0.00s Real=0.00s
[2025-11-06T12:04:19.085+0700][28.732s][info][gc,marking  ] GC(311) Concurrent Mark 4.282ms
[2025-11-06T12:04:19.085+0700][28.732s][info][gc,marking  ] GC(311) Concurrent Rebuild Remembered Sets
[2025-11-06T12:04:19.087+0700][28.733s][info][gc,marking  ] GC(311) Concurrent Rebuild Remembered Sets 1.633ms
[2025-11-06T12:04:19.087+0700][28.733s][info][gc,start    ] GC(311) Pause Cleanup
[2025-11-06T12:04:19.087+0700][28.734s][info][gc          ] GC(311) Pause Cleanup 5884M->5884M(8132M) 0.139ms
[2025-11-06T12:04:19.087+0700][28.734s][info][gc,cpu      ] GC(311) User=0.00s Sys=0.00s Real=0.00s
[2025-11-06T12:04:19.087+0700][28.734s][info][gc,marking  ] GC(311) Concurrent Cleanup for Next Mark
[2025-11-06T12:04:19.094+0700][28.741s][info][gc,marking  ] GC(311) Concurrent Cleanup for Next Mark 7.119ms
[2025-11-06T12:04:19.094+0700][28.741s][info][gc          ] GC(311) Concurrent Mark Cycle 13.501ms
[2025-11-06T12:04:19.588+0700][29.234s][info][gc,start    ] GC(312) Pause Young (Concurrent Start) (G1 Humongous Allocation)
[2025-11-06T12:04:19.588+0700][29.234s][info][gc,task     ] GC(312) Using 20 workers of 20 for evacuation
[2025-11-06T12:04:19.588+0700][29.235s][info][gc,phases   ] GC(312)   Pre Evacuate Collection Set: 0.2ms
[2025-11-06T12:04:19.588+0700][29.235s][info][gc,phases   ] GC(312)   Merge Heap Roots: 0.2ms
[2025-11-06T12:04:19.588+0700][29.235s][info][gc,phases   ] GC(312)   Evacuate Collection Set: 0.1ms
[2025-11-06T12:04:19.588+0700][29.235s][info][gc,phases   ] GC(312)   Post Evacuate Collection Set: 0.1ms
[2025-11-06T12:04:19.588+0700][29.235s][info][gc,phases   ] GC(312)   Other: 0.2ms
[2025-11-06T12:04:19.588+0700][29.235s][info][gc,heap     ] GC(312) Eden regions: 1->0(357)
[2025-11-06T12:04:19.588+0700][29.235s][info][gc,heap     ] GC(312) Survivor regions: 0->0(45)
[2025-11-06T12:04:19.588+0700][29.235s][info][gc,heap     ] GC(312) Old regions: 1->1
[2025-11-06T12:04:19.588+0700][29.235s][info][gc,heap     ] GC(312) Archive regions: 0->0
[2025-11-06T12:04:19.588+0700][29.235s][info][gc,heap     ] GC(312) Humongous regions: 1470->1470
[2025-11-06T12:04:19.588+0700][29.235s][info][gc,metaspace] GC(312) Metaspace: 9471K(9728K)->9471K(9728K) NonClass: 8331K(8448K)->8331K(8448K) Class: 1140K(1280K)->1140K(1280K)
[2025-11-06T12:04:19.588+0700][29.235s][info][gc          ] GC(312) Pause Young (Concurrent Start) (G1 Humongous Allocation) 5884M->5882M(8132M) 0.798ms
[2025-11-06T12:04:19.588+0700][29.235s][info][gc,cpu      ] GC(312) User=0.00s Sys=0.00s Real=0.00s
[2025-11-06T12:04:19.588+0700][29.235s][info][gc          ] GC(313) Concurrent Mark Cycle
[2025-11-06T12:04:19.588+0700][29.235s][info][gc,marking  ] GC(313) Concurrent Clear Claimed Marks
[2025-11-06T12:04:19.588+0700][29.235s][info][gc,marking  ] GC(313) Concurrent Clear Claimed Marks 0.007ms
[2025-11-06T12:04:19.588+0700][29.235s][info][gc,marking  ] GC(313) Concurrent Scan Root Regions
[2025-11-06T12:04:19.588+0700][29.235s][info][gc,marking  ] GC(313) Concurrent Scan Root Regions 0.005ms
[2025-11-06T12:04:19.588+0700][29.235s][info][gc,marking  ] GC(313) Concurrent Mark
[2025-11-06T12:04:19.588+0700][29.235s][info][gc,marking  ] GC(313) Concurrent Mark From Roots
[2025-11-06T12:04:19.588+0700][29.235s][info][gc,task     ] GC(313) Using 5 workers of 5 for marking
[2025-11-06T12:04:19.591+0700][29.237s][info][gc,marking  ] GC(313) Concurrent Mark From Roots 2.219ms
[2025-11-06T12:04:19.591+0700][29.237s][info][gc,marking  ] GC(313) Concurrent Preclean
[2025-11-06T12:04:19.591+0700][29.237s][info][gc,marking  ] GC(313) Concurrent Preclean 0.105ms
[2025-11-06T12:04:19.591+0700][29.238s][info][gc,start    ] GC(313) Pause Remark
[2025-11-06T12:04:19.592+0700][29.238s][info][gc          ] GC(313) Pause Remark 5894M->5894M(8132M) 0.756ms
[2025-11-06T12:04:19.592+0700][29.238s][info][gc,cpu      ] GC(313) User=0.00s Sys=0.00s Real=0.00s
[2025-11-06T12:04:19.592+0700][29.238s][info][gc,marking  ] GC(313) Concurrent Mark 3.625ms
[2025-11-06T12:04:19.592+0700][29.238s][info][gc,marking  ] GC(313) Concurrent Rebuild Remembered Sets
[2025-11-06T12:04:19.593+0700][29.240s][info][gc,marking  ] GC(313) Concurrent Rebuild Remembered Sets 1.179ms
[2025-11-06T12:04:19.601+0700][29.247s][info][gc,start    ] GC(313) Pause Cleanup
[2025-11-06T12:04:19.601+0700][29.247s][info][gc          ] GC(313) Pause Cleanup 5906M->5906M(8132M) 0.267ms
[2025-11-06T12:04:19.601+0700][29.247s][info][gc,cpu      ] GC(313) User=0.00s Sys=0.00s Real=0.00s
[2025-11-06T12:04:19.601+0700][29.247s][info][gc,marking  ] GC(313) Concurrent Cleanup for Next Mark
[2025-11-06T12:04:19.610+0700][29.256s][info][gc,marking  ] GC(313) Concurrent Cleanup for Next Mark 8.752ms
[2025-11-06T12:04:19.610+0700][29.256s][info][gc          ] GC(313) Concurrent Mark Cycle 21.307ms
[2025-11-06T12:04:19.612+0700][29.259s][info][gc,start    ] GC(314) Pause Young (Concurrent Start) (G1 Humongous Allocation)
[2025-11-06T12:04:19.612+0700][29.259s][info][gc,task     ] GC(314) Using 20 workers of 20 for evacuation
[2025-11-06T12:04:19.613+0700][29.260s][info][gc,phases   ] GC(314)   Pre Evacuate Collection Set: 0.3ms
[2025-11-06T12:04:19.613+0700][29.260s][info][gc,phases   ] GC(314)   Merge Heap Roots: 0.2ms
[2025-11-06T12:04:19.613+0700][29.260s][info][gc,phases   ] GC(314)   Evacuate Collection Set: 0.2ms
[2025-11-06T12:04:19.613+0700][29.260s][info][gc,phases   ] GC(314)   Post Evacuate Collection Set: 0.2ms
[2025-11-06T12:04:19.613+0700][29.260s][info][gc,phases   ] GC(314)   Other: 0.3ms
[2025-11-06T12:04:19.613+0700][29.260s][info][gc,heap     ] GC(314) Eden regions: 0->0(345)
[2025-11-06T12:04:19.613+0700][29.260s][info][gc,heap     ] GC(314) Survivor regions: 0->0(45)
[2025-11-06T12:04:19.613+0700][29.260s][info][gc,heap     ] GC(314) Old regions: 1->1
[2025-11-06T12:04:19.613+0700][29.260s][info][gc,heap     ] GC(314) Archive regions: 0->0
[2025-11-06T12:04:19.613+0700][29.260s][info][gc,heap     ] GC(314) Humongous regions: 1482->1482
[2025-11-06T12:04:19.613+0700][29.260s][info][gc,metaspace] GC(314) Metaspace: 9471K(9728K)->9471K(9728K) NonClass: 8331K(8448K)->8331K(8448K) Class: 1140K(1280K)->1140K(1280K)
[2025-11-06T12:04:19.613+0700][29.260s][info][gc          ] GC(314) Pause Young (Concurrent Start) (G1 Humongous Allocation) 5930M->5930M(8132M) 1.285ms
[2025-11-06T12:04:19.613+0700][29.260s][info][gc,cpu      ] GC(314) User=0.00s Sys=0.00s Real=0.00s
[2025-11-06T12:04:19.614+0700][29.260s][info][gc          ] GC(315) Concurrent Mark Cycle
[2025-11-06T12:04:19.614+0700][29.260s][info][gc,marking  ] GC(315) Concurrent Clear Claimed Marks
[2025-11-06T12:04:19.614+0700][29.260s][info][gc,marking  ] GC(315) Concurrent Clear Claimed Marks 0.006ms
[2025-11-06T12:04:19.614+0700][29.260s][info][gc,marking  ] GC(315) Concurrent Scan Root Regions
[2025-11-06T12:04:19.614+0700][29.260s][info][gc,marking  ] GC(315) Concurrent Scan Root Regions 0.005ms
[2025-11-06T12:04:19.614+0700][29.260s][info][gc,marking  ] GC(315) Concurrent Mark
[2025-11-06T12:04:19.614+0700][29.260s][info][gc,marking  ] GC(315) Concurrent Mark From Roots
[2025-11-06T12:04:19.614+0700][29.260s][info][gc,task     ] GC(315) Using 5 workers of 5 for marking
[2025-11-06T12:04:19.616+0700][29.262s][info][gc,marking  ] GC(315) Concurrent Mark From Roots 2.532ms
[2025-11-06T12:04:19.616+0700][29.262s][info][gc,marking  ] GC(315) Concurrent Preclean
[2025-11-06T12:04:19.616+0700][29.263s][info][gc,marking  ] GC(315) Concurrent Preclean 0.105ms
[2025-11-06T12:04:19.617+0700][29.263s][info][gc,start    ] GC(315) Pause Remark
[2025-11-06T12:04:19.617+0700][29.263s][info][gc          ] GC(315) Pause Remark 5942M->5942M(8132M) 0.513ms
[2025-11-06T12:04:19.617+0700][29.263s][info][gc,cpu      ] GC(315) User=0.00s Sys=0.00s Real=0.00s
[2025-11-06T12:04:19.617+0700][29.263s][info][gc,marking  ] GC(315) Concurrent Mark 3.496ms
[2025-11-06T12:04:19.617+0700][29.263s][info][gc,marking  ] GC(315) Concurrent Rebuild Remembered Sets
[2025-11-06T12:04:19.618+0700][29.265s][info][gc,marking  ] GC(315) Concurrent Rebuild Remembered Sets 1.203ms
[2025-11-06T12:04:19.631+0700][29.277s][info][gc,start    ] GC(315) Pause Cleanup
[2025-11-06T12:04:19.631+0700][29.277s][info][gc          ] GC(315) Pause Cleanup 5954M->5954M(8132M) 0.236ms
[2025-11-06T12:04:19.631+0700][29.277s][info][gc,cpu      ] GC(315) User=0.00s Sys=0.00s Real=0.00s
[2025-11-06T12:04:19.631+0700][29.277s][info][gc,marking  ] GC(315) Concurrent Cleanup for Next Mark
[2025-11-06T12:04:19.640+0700][29.286s][info][gc,marking  ] GC(315) Concurrent Cleanup for Next Mark 9.079ms
[2025-11-06T12:04:19.640+0700][29.286s][info][gc          ] GC(315) Concurrent Mark Cycle 26.517ms
[2025-11-06T12:04:19.641+0700][29.287s][info][gc,start    ] GC(316) Pause Young (Concurrent Start) (G1 Humongous Allocation)
[2025-11-06T12:04:19.641+0700][29.288s][info][gc,task     ] GC(316) Using 20 workers of 20 for evacuation
[2025-11-06T12:04:19.642+0700][29.288s][info][gc,phases   ] GC(316)   Pre Evacuate Collection Set: 0.1ms
[2025-11-06T12:04:19.642+0700][29.288s][info][gc,phases   ] GC(316)   Merge Heap Roots: 0.2ms
[2025-11-06T12:04:19.642+0700][29.288s][info][gc,phases   ] GC(316)   Evacuate Collection Set: 0.2ms
[2025-11-06T12:04:19.642+0700][29.288s][info][gc,phases   ] GC(316)   Post Evacuate Collection Set: 0.1ms
[2025-11-06T12:04:19.642+0700][29.288s][info][gc,phases   ] GC(316)   Other: 0.1ms
[2025-11-06T12:04:19.642+0700][29.288s][info][gc,heap     ] GC(316) Eden regions: 0->0(333)
[2025-11-06T12:04:19.642+0700][29.288s][info][gc,heap     ] GC(316) Survivor regions: 0->0(44)
[2025-11-06T12:04:19.642+0700][29.288s][info][gc,heap     ] GC(316) Old regions: 1->1
[2025-11-06T12:04:19.642+0700][29.288s][info][gc,heap     ] GC(316) Archive regions: 0->0
[2025-11-06T12:04:19.642+0700][29.288s][info][gc,heap     ] GC(316) Humongous regions: 1494->1494
[2025-11-06T12:04:19.642+0700][29.288s][info][gc,metaspace] GC(316) Metaspace: 9471K(9728K)->9471K(9728K) NonClass: 8331K(8448K)->8331K(8448K) Class: 1140K(1280K)->1140K(1280K)
[2025-11-06T12:04:19.642+0700][29.288s][info][gc          ] GC(316) Pause Young (Concurrent Start) (G1 Humongous Allocation) 5978M->5978M(8132M) 0.804ms
[2025-11-06T12:04:19.642+0700][29.288s][info][gc,cpu      ] GC(316) User=0.00s Sys=0.00s Real=0.00s
[2025-11-06T12:04:19.642+0700][29.288s][info][gc          ] GC(317) Concurrent Mark Cycle
[2025-11-06T12:04:19.642+0700][29.288s][info][gc,marking  ] GC(317) Concurrent Clear Claimed Marks
[2025-11-06T12:04:19.642+0700][29.288s][info][gc,marking  ] GC(317) Concurrent Clear Claimed Marks 0.007ms
[2025-11-06T12:04:19.642+0700][29.288s][info][gc,marking  ] GC(317) Concurrent Scan Root Regions
[2025-11-06T12:04:19.642+0700][29.288s][info][gc,marking  ] GC(317) Concurrent Scan Root Regions 0.005ms
[2025-11-06T12:04:19.642+0700][29.288s][info][gc,marking  ] GC(317) Concurrent Mark
[2025-11-06T12:04:19.642+0700][29.288s][info][gc,marking  ] GC(317) Concurrent Mark From Roots
[2025-11-06T12:04:19.642+0700][29.288s][info][gc,task     ] GC(317) Using 5 workers of 5 for marking
[2025-11-06T12:04:19.644+0700][29.291s][info][gc,marking  ] GC(317) Concurrent Mark From Roots 2.448ms
[2025-11-06T12:04:19.644+0700][29.291s][info][gc,marking  ] GC(317) Concurrent Preclean
[2025-11-06T12:04:19.645+0700][29.291s][info][gc,marking  ] GC(317) Concurrent Preclean 0.108ms
[2025-11-06T12:04:19.645+0700][29.291s][info][gc,start    ] GC(317) Pause Remark
[2025-11-06T12:04:19.645+0700][29.292s][info][gc          ] GC(317) Pause Remark 5990M->5990M(8132M) 0.537ms
[2025-11-06T12:04:19.645+0700][29.292s][info][gc,cpu      ] GC(317) User=0.00s Sys=0.00s Real=0.00s
[2025-11-06T12:04:19.645+0700][29.292s][info][gc,marking  ] GC(317) Concurrent Mark 3.366ms
[2025-11-06T12:04:19.645+0700][29.292s][info][gc,marking  ] GC(317) Concurrent Rebuild Remembered Sets
[2025-11-06T12:04:19.647+0700][29.293s][info][gc,marking  ] GC(317) Concurrent Rebuild Remembered Sets 1.176ms
[2025-11-06T12:04:19.663+0700][29.309s][info][gc,start    ] GC(317) Pause Cleanup
[2025-11-06T12:04:19.663+0700][29.309s][info][gc          ] GC(317) Pause Cleanup 6002M->6002M(8132M) 0.256ms
[2025-11-06T12:04:19.663+0700][29.309s][info][gc,cpu      ] GC(317) User=0.00s Sys=0.00s Real=0.00s
[2025-11-06T12:04:19.663+0700][29.309s][info][gc,marking  ] GC(317) Concurrent Cleanup for Next Mark
[2025-11-06T12:04:19.671+0700][29.317s][info][gc,marking  ] GC(317) Concurrent Cleanup for Next Mark 7.729ms
[2025-11-06T12:04:19.671+0700][29.317s][info][gc          ] GC(317) Concurrent Mark Cycle 28.781ms
[2025-11-06T12:04:20.171+0700][29.817s][info][gc,start    ] GC(318) Pause Young (Concurrent Start) (G1 Humongous Allocation)
[2025-11-06T12:04:20.171+0700][29.817s][info][gc,task     ] GC(318) Using 20 workers of 20 for evacuation
[2025-11-06T12:04:20.172+0700][29.818s][info][gc,phases   ] GC(318)   Pre Evacuate Collection Set: 0.1ms
[2025-11-06T12:04:20.172+0700][29.818s][info][gc,phases   ] GC(318)   Merge Heap Roots: 0.3ms
[2025-11-06T12:04:20.172+0700][29.818s][info][gc,phases   ] GC(318)   Evacuate Collection Set: 0.1ms
[2025-11-06T12:04:20.172+0700][29.818s][info][gc,phases   ] GC(318)   Post Evacuate Collection Set: 0.1ms
[2025-11-06T12:04:20.172+0700][29.818s][info][gc,phases   ] GC(318)   Other: 0.2ms
[2025-11-06T12:04:20.172+0700][29.818s][info][gc,heap     ] GC(318) Eden regions: 1->0(327)
[2025-11-06T12:04:20.172+0700][29.818s][info][gc,heap     ] GC(318) Survivor regions: 0->0(42)
[2025-11-06T12:04:20.172+0700][29.818s][info][gc,heap     ] GC(318) Old regions: 1->1
[2025-11-06T12:04:20.172+0700][29.818s][info][gc,heap     ] GC(318) Archive regions: 0->0
[2025-11-06T12:04:20.172+0700][29.818s][info][gc,heap     ] GC(318) Humongous regions: 1500->1500
[2025-11-06T12:04:20.172+0700][29.818s][info][gc,metaspace] GC(318) Metaspace: 9471K(9728K)->9471K(9728K) NonClass: 8331K(8448K)->8331K(8448K) Class: 1140K(1280K)->1140K(1280K)
[2025-11-06T12:04:20.172+0700][29.818s][info][gc          ] GC(318) Pause Young (Concurrent Start) (G1 Humongous Allocation) 6004M->6002M(8132M) 1.008ms
[2025-11-06T12:04:20.172+0700][29.818s][info][gc,cpu      ] GC(318) User=0.00s Sys=0.00s Real=0.00s
[2025-11-06T12:04:20.172+0700][29.818s][info][gc          ] GC(319) Concurrent Mark Cycle
[2025-11-06T12:04:20.172+0700][29.818s][info][gc,marking  ] GC(319) Concurrent Clear Claimed Marks
[2025-11-06T12:04:20.172+0700][29.818s][info][gc,marking  ] GC(319) Concurrent Clear Claimed Marks 0.007ms
[2025-11-06T12:04:20.172+0700][29.818s][info][gc,marking  ] GC(319) Concurrent Scan Root Regions
[2025-11-06T12:04:20.172+0700][29.818s][info][gc,marking  ] GC(319) Concurrent Scan Root Regions 0.005ms
[2025-11-06T12:04:20.172+0700][29.818s][info][gc,marking  ] GC(319) Concurrent Mark
[2025-11-06T12:04:20.172+0700][29.818s][info][gc,marking  ] GC(319) Concurrent Mark From Roots
[2025-11-06T12:04:20.172+0700][29.818s][info][gc,task     ] GC(319) Using 5 workers of 5 for marking
[2025-11-06T12:04:20.174+0700][29.821s][info][gc,marking  ] GC(319) Concurrent Mark From Roots 2.398ms
[2025-11-06T12:04:20.174+0700][29.821s][info][gc,marking  ] GC(319) Concurrent Preclean
[2025-11-06T12:04:20.174+0700][29.821s][info][gc,marking  ] GC(319) Concurrent Preclean 0.105ms
[2025-11-06T12:04:20.175+0700][29.822s][info][gc,start    ] GC(319) Pause Remark
[2025-11-06T12:04:20.176+0700][29.822s][info][gc          ] GC(319) Pause Remark 6014M->6014M(8132M) 0.642ms
[2025-11-06T12:04:20.176+0700][29.822s][info][gc,cpu      ] GC(319) User=0.00s Sys=0.00s Real=0.00s
[2025-11-06T12:04:20.176+0700][29.822s][info][gc,marking  ] GC(319) Concurrent Mark 3.924ms
[2025-11-06T12:04:20.176+0700][29.822s][info][gc,marking  ] GC(319) Concurrent Rebuild Remembered Sets
[2025-11-06T12:04:20.177+0700][29.824s][info][gc,marking  ] GC(319) Concurrent Rebuild Remembered Sets 1.189ms
[2025-11-06T12:04:20.187+0700][29.833s][info][gc,start    ] GC(319) Pause Cleanup
[2025-11-06T12:04:20.187+0700][29.833s][info][gc          ] GC(319) Pause Cleanup 6026M->6026M(8132M) 0.244ms
[2025-11-06T12:04:20.187+0700][29.833s][info][gc,cpu      ] GC(319) User=0.00s Sys=0.00s Real=0.00s
[2025-11-06T12:04:20.187+0700][29.833s][info][gc,marking  ] GC(319) Concurrent Cleanup for Next Mark
[2025-11-06T12:04:20.195+0700][29.842s][info][gc,marking  ] GC(319) Concurrent Cleanup for Next Mark 8.330ms
[2025-11-06T12:04:20.195+0700][29.842s][info][gc          ] GC(319) Concurrent Mark Cycle 23.604ms
[2025-11-06T12:04:20.197+0700][29.844s][info][gc,start    ] GC(320) Pause Young (Concurrent Start) (G1 Humongous Allocation)
[2025-11-06T12:04:20.197+0700][29.844s][info][gc,task     ] GC(320) Using 20 workers of 20 for evacuation
[2025-11-06T12:04:20.198+0700][29.844s][info][gc,phases   ] GC(320)   Pre Evacuate Collection Set: 0.2ms
[2025-11-06T12:04:20.198+0700][29.844s][info][gc,phases   ] GC(320)   Merge Heap Roots: 0.2ms
[2025-11-06T12:04:20.198+0700][29.844s][info][gc,phases   ] GC(320)   Evacuate Collection Set: 0.2ms
[2025-11-06T12:04:20.198+0700][29.844s][info][gc,phases   ] GC(320)   Post Evacuate Collection Set: 0.1ms
[2025-11-06T12:04:20.198+0700][29.844s][info][gc,phases   ] GC(320)   Other: 0.2ms
[2025-11-06T12:04:20.198+0700][29.844s][info][gc,heap     ] GC(320) Eden regions: 0->0(315)
[2025-11-06T12:04:20.198+0700][29.844s][info][gc,heap     ] GC(320) Survivor regions: 0->0(41)
[2025-11-06T12:04:20.198+0700][29.844s][info][gc,heap     ] GC(320) Old regions: 1->1
[2025-11-06T12:04:20.198+0700][29.844s][info][gc,heap     ] GC(320) Archive regions: 0->0
[2025-11-06T12:04:20.198+0700][29.844s][info][gc,heap     ] GC(320) Humongous regions: 1512->1512
[2025-11-06T12:04:20.198+0700][29.844s][info][gc,metaspace] GC(320) Metaspace: 9471K(9728K)->9471K(9728K) NonClass: 8331K(8448K)->8331K(8448K) Class: 1140K(1280K)->1140K(1280K)
[2025-11-06T12:04:20.198+0700][29.844s][info][gc          ] GC(320) Pause Young (Concurrent Start) (G1 Humongous Allocation) 6050M->6050M(8132M) 0.953ms
[2025-11-06T12:04:20.198+0700][29.844s][info][gc,cpu      ] GC(320) User=0.00s Sys=0.00s Real=0.00s
[2025-11-06T12:04:20.198+0700][29.845s][info][gc          ] GC(321) Concurrent Mark Cycle
[2025-11-06T12:04:20.198+0700][29.845s][info][gc,marking  ] GC(321) Concurrent Clear Claimed Marks
[2025-11-06T12:04:20.198+0700][29.845s][info][gc,marking  ] GC(321) Concurrent Clear Claimed Marks 0.008ms
[2025-11-06T12:04:20.198+0700][29.845s][info][gc,marking  ] GC(321) Concurrent Scan Root Regions
[2025-11-06T12:04:20.198+0700][29.845s][info][gc,marking  ] GC(321) Concurrent Scan Root Regions 0.005ms
[2025-11-06T12:04:20.198+0700][29.845s][info][gc,marking  ] GC(321) Concurrent Mark
[2025-11-06T12:04:20.198+0700][29.845s][info][gc,marking  ] GC(321) Concurrent Mark From Roots
[2025-11-06T12:04:20.198+0700][29.845s][info][gc,task     ] GC(321) Using 5 workers of 5 for marking
[2025-11-06T12:04:20.200+0700][29.847s][info][gc,marking  ] GC(321) Concurrent Mark From Roots 2.518ms
[2025-11-06T12:04:20.201+0700][29.847s][info][gc,marking  ] GC(321) Concurrent Preclean
[2025-11-06T12:04:20.201+0700][29.847s][info][gc,marking  ] GC(321) Concurrent Preclean 0.105ms
[2025-11-06T12:04:20.202+0700][29.848s][info][gc,start    ] GC(321) Pause Remark
[2025-11-06T12:04:20.202+0700][29.849s][info][gc          ] GC(321) Pause Remark 6062M->6062M(8132M) 0.886ms
[2025-11-06T12:04:20.203+0700][29.849s][info][gc,cpu      ] GC(321) User=0.00s Sys=0.00s Real=0.00s
[2025-11-06T12:04:20.203+0700][29.849s][info][gc,marking  ] GC(321) Concurrent Mark 4.594ms
[2025-11-06T12:04:20.203+0700][29.849s][info][gc,marking  ] GC(321) Concurrent Rebuild Remembered Sets
[2025-11-06T12:04:20.204+0700][29.851s][info][gc,marking  ] GC(321) Concurrent Rebuild Remembered Sets 1.445ms
[2025-11-06T12:04:20.218+0700][29.864s][info][gc,start    ] GC(321) Pause Cleanup
[2025-11-06T12:04:20.218+0700][29.864s][info][gc          ] GC(321) Pause Cleanup 6074M->6074M(8132M) 0.270ms
[2025-11-06T12:04:20.218+0700][29.864s][info][gc,cpu      ] GC(321) User=0.00s Sys=0.00s Real=0.00s
[2025-11-06T12:04:20.218+0700][29.865s][info][gc,marking  ] GC(321) Concurrent Cleanup for Next Mark
[2025-11-06T12:04:20.226+0700][29.873s][info][gc,marking  ] GC(321) Concurrent Cleanup for Next Mark 8.084ms
[2025-11-06T12:04:20.226+0700][29.873s][info][gc          ] GC(321) Concurrent Mark Cycle 28.420ms
[2025-11-06T12:04:20.229+0700][29.875s][info][gc,start    ] GC(322) Pause Young (Concurrent Start) (G1 Humongous Allocation)
[2025-11-06T12:04:20.229+0700][29.875s][info][gc,task     ] GC(322) Using 20 workers of 20 for evacuation
[2025-11-06T12:04:20.229+0700][29.876s][info][gc,phases   ] GC(322)   Pre Evacuate Collection Set: 0.1ms
[2025-11-06T12:04:20.230+0700][29.876s][info][gc,phases   ] GC(322)   Merge Heap Roots: 0.2ms
[2025-11-06T12:04:20.230+0700][29.876s][info][gc,phases   ] GC(322)   Evacuate Collection Set: 0.1ms
[2025-11-06T12:04:20.230+0700][29.876s][info][gc,phases   ] GC(322)   Post Evacuate Collection Set: 0.1ms
[2025-11-06T12:04:20.230+0700][29.876s][info][gc,phases   ] GC(322)   Other: 0.2ms
[2025-11-06T12:04:20.230+0700][29.876s][info][gc,heap     ] GC(322) Eden regions: 0->0(303)
[2025-11-06T12:04:20.230+0700][29.876s][info][gc,heap     ] GC(322) Survivor regions: 0->0(40)
[2025-11-06T12:04:20.230+0700][29.876s][info][gc,heap     ] GC(322) Old regions: 1->1
[2025-11-06T12:04:20.230+0700][29.876s][info][gc,heap     ] GC(322) Archive regions: 0->0
[2025-11-06T12:04:20.230+0700][29.876s][info][gc,heap     ] GC(322) Humongous regions: 1524->1524
[2025-11-06T12:04:20.230+0700][29.876s][info][gc,metaspace] GC(322) Metaspace: 9471K(9728K)->9471K(9728K) NonClass: 8331K(8448K)->8331K(8448K) Class: 1140K(1280K)->1140K(1280K)
[2025-11-06T12:04:20.230+0700][29.876s][info][gc          ] GC(322) Pause Young (Concurrent Start) (G1 Humongous Allocation) 6098M->6098M(8132M) 0.783ms
[2025-11-06T12:04:20.230+0700][29.876s][info][gc,cpu      ] GC(322) User=0.00s Sys=0.00s Real=0.00s
[2025-11-06T12:04:20.230+0700][29.876s][info][gc          ] GC(323) Concurrent Mark Cycle
[2025-11-06T12:04:20.230+0700][29.876s][info][gc,marking  ] GC(323) Concurrent Clear Claimed Marks
[2025-11-06T12:04:20.230+0700][29.876s][info][gc,marking  ] GC(323) Concurrent Clear Claimed Marks 0.014ms
[2025-11-06T12:04:20.230+0700][29.876s][info][gc,marking  ] GC(323) Concurrent Scan Root Regions
[2025-11-06T12:04:20.230+0700][29.876s][info][gc,marking  ] GC(323) Concurrent Scan Root Regions 0.006ms
[2025-11-06T12:04:20.230+0700][29.876s][info][gc,marking  ] GC(323) Concurrent Mark
[2025-11-06T12:04:20.230+0700][29.876s][info][gc,marking  ] GC(323) Concurrent Mark From Roots
[2025-11-06T12:04:20.230+0700][29.876s][info][gc,task     ] GC(323) Using 5 workers of 5 for marking
[2025-11-06T12:04:20.232+0700][29.879s][info][gc,marking  ] GC(323) Concurrent Mark From Roots 2.368ms
[2025-11-06T12:04:20.232+0700][29.879s][info][gc,marking  ] GC(323) Concurrent Preclean
[2025-11-06T12:04:20.233+0700][29.879s][info][gc,marking  ] GC(323) Concurrent Preclean 0.109ms
[2025-11-06T12:04:20.233+0700][29.879s][info][gc,start    ] GC(323) Pause Remark
[2025-11-06T12:04:20.233+0700][29.880s][info][gc          ] GC(323) Pause Remark 6110M->6110M(8132M) 0.506ms
[2025-11-06T12:04:20.233+0700][29.880s][info][gc,cpu      ] GC(323) User=0.00s Sys=0.00s Real=0.00s
[2025-11-06T12:04:20.234+0700][29.880s][info][gc,marking  ] GC(323) Concurrent Mark 3.487ms
[2025-11-06T12:04:20.234+0700][29.880s][info][gc,marking  ] GC(323) Concurrent Rebuild Remembered Sets
[2025-11-06T12:04:20.235+0700][29.881s][info][gc,marking  ] GC(323) Concurrent Rebuild Remembered Sets 1.168ms
[2025-11-06T12:04:20.249+0700][29.895s][info][gc,start    ] GC(323) Pause Cleanup
[2025-11-06T12:04:20.249+0700][29.895s][info][gc          ] GC(323) Pause Cleanup 6122M->6122M(8132M) 0.217ms
[2025-11-06T12:04:20.249+0700][29.895s][info][gc,cpu      ] GC(323) User=0.00s Sys=0.00s Real=0.00s
[2025-11-06T12:04:20.249+0700][29.895s][info][gc,marking  ] GC(323) Concurrent Cleanup for Next Mark
[2025-11-06T12:04:20.257+0700][29.903s][info][gc,marking  ] GC(323) Concurrent Cleanup for Next Mark 7.653ms
[2025-11-06T12:04:20.257+0700][29.903s][info][gc          ] GC(323) Concurrent Mark Cycle 26.596ms
[2025-11-06T12:04:20.754+0700][30.400s][info][gc,start    ] GC(324) Pause Young (Concurrent Start) (G1 Humongous Allocation)
[2025-11-06T12:04:20.754+0700][30.400s][info][gc,task     ] GC(324) Using 20 workers of 20 for evacuation
[2025-11-06T12:04:20.754+0700][30.401s][info][gc,phases   ] GC(324)   Pre Evacuate Collection Set: 0.2ms
[2025-11-06T12:04:20.754+0700][30.401s][info][gc,phases   ] GC(324)   Merge Heap Roots: 0.2ms
[2025-11-06T12:04:20.754+0700][30.401s][info][gc,phases   ] GC(324)   Evacuate Collection Set: 0.1ms
[2025-11-06T12:04:20.754+0700][30.401s][info][gc,phases   ] GC(324)   Post Evacuate Collection Set: 0.1ms
[2025-11-06T12:04:20.754+0700][30.401s][info][gc,phases   ] GC(324)   Other: 0.2ms
[2025-11-06T12:04:20.754+0700][30.401s][info][gc,heap     ] GC(324) Eden regions: 1->0(297)
[2025-11-06T12:04:20.754+0700][30.401s][info][gc,heap     ] GC(324) Survivor regions: 0->0(38)
[2025-11-06T12:04:20.754+0700][30.401s][info][gc,heap     ] GC(324) Old regions: 1->1
[2025-11-06T12:04:20.754+0700][30.401s][info][gc,heap     ] GC(324) Archive regions: 0->0
[2025-11-06T12:04:20.754+0700][30.401s][info][gc,heap     ] GC(324) Humongous regions: 1530->1530
[2025-11-06T12:04:20.755+0700][30.401s][info][gc,metaspace] GC(324) Metaspace: 9471K(9728K)->9471K(9728K) NonClass: 8331K(8448K)->8331K(8448K) Class: 1140K(1280K)->1140K(1280K)
[2025-11-06T12:04:20.755+0700][30.401s][info][gc          ] GC(324) Pause Young (Concurrent Start) (G1 Humongous Allocation) 6124M->6122M(8132M) 0.856ms
[2025-11-06T12:04:20.755+0700][30.401s][info][gc,cpu      ] GC(324) User=0.00s Sys=0.00s Real=0.00s
[2025-11-06T12:04:20.755+0700][30.401s][info][gc          ] GC(325) Concurrent Mark Cycle
[2025-11-06T12:04:20.755+0700][30.401s][info][gc,marking  ] GC(325) Concurrent Clear Claimed Marks
[2025-11-06T12:04:20.755+0700][30.401s][info][gc,marking  ] GC(325) Concurrent Clear Claimed Marks 0.007ms
[2025-11-06T12:04:20.755+0700][30.401s][info][gc,marking  ] GC(325) Concurrent Scan Root Regions
[2025-11-06T12:04:20.755+0700][30.401s][info][gc,marking  ] GC(325) Concurrent Scan Root Regions 0.007ms
[2025-11-06T12:04:20.755+0700][30.401s][info][gc,marking  ] GC(325) Concurrent Mark
[2025-11-06T12:04:20.755+0700][30.401s][info][gc,marking  ] GC(325) Concurrent Mark From Roots
[2025-11-06T12:04:20.755+0700][30.401s][info][gc,task     ] GC(325) Using 5 workers of 5 for marking
[2025-11-06T12:04:20.757+0700][30.403s][info][gc,marking  ] GC(325) Concurrent Mark From Roots 2.250ms
[2025-11-06T12:04:20.757+0700][30.403s][info][gc,marking  ] GC(325) Concurrent Preclean
[2025-11-06T12:04:20.757+0700][30.403s][info][gc,marking  ] GC(325) Concurrent Preclean 0.101ms
[2025-11-06T12:04:20.757+0700][30.404s][info][gc,start    ] GC(325) Pause Remark
[2025-11-06T12:04:20.758+0700][30.404s][info][gc          ] GC(325) Pause Remark 6134M->6134M(8132M) 0.513ms
[2025-11-06T12:04:20.758+0700][30.404s][info][gc,cpu      ] GC(325) User=0.00s Sys=0.00s Real=0.00s
[2025-11-06T12:04:20.758+0700][30.404s][info][gc,marking  ] GC(325) Concurrent Mark 3.339ms
[2025-11-06T12:04:20.758+0700][30.404s][info][gc,marking  ] GC(325) Concurrent Rebuild Remembered Sets
[2025-11-06T12:04:20.759+0700][30.405s][info][gc,marking  ] GC(325) Concurrent Rebuild Remembered Sets 1.221ms
[2025-11-06T12:04:20.769+0700][30.415s][info][gc,start    ] GC(325) Pause Cleanup
[2025-11-06T12:04:20.769+0700][30.415s][info][gc          ] GC(325) Pause Cleanup 6146M->6146M(8132M) 0.353ms
[2025-11-06T12:04:20.769+0700][30.415s][info][gc,cpu      ] GC(325) User=0.00s Sys=0.00s Real=0.00s
[2025-11-06T12:04:20.769+0700][30.415s][info][gc,marking  ] GC(325) Concurrent Cleanup for Next Mark
[2025-11-06T12:04:20.777+0700][30.424s][info][gc,marking  ] GC(325) Concurrent Cleanup for Next Mark 8.418ms
[2025-11-06T12:04:20.778+0700][30.424s][info][gc          ] GC(325) Concurrent Mark Cycle 23.022ms
[2025-11-06T12:04:20.781+0700][30.427s][info][gc,start    ] GC(326) Pause Young (Concurrent Start) (G1 Humongous Allocation)
[2025-11-06T12:04:20.781+0700][30.427s][info][gc,task     ] GC(326) Using 20 workers of 20 for evacuation
[2025-11-06T12:04:20.782+0700][30.428s][info][gc,phases   ] GC(326)   Pre Evacuate Collection Set: 0.2ms
[2025-11-06T12:04:20.782+0700][30.428s][info][gc,phases   ] GC(326)   Merge Heap Roots: 0.2ms
[2025-11-06T12:04:20.782+0700][30.428s][info][gc,phases   ] GC(326)   Evacuate Collection Set: 0.2ms
[2025-11-06T12:04:20.782+0700][30.428s][info][gc,phases   ] GC(326)   Post Evacuate Collection Set: 0.3ms
[2025-11-06T12:04:20.782+0700][30.428s][info][gc,phases   ] GC(326)   Other: 0.2ms
[2025-11-06T12:04:20.782+0700][30.428s][info][gc,heap     ] GC(326) Eden regions: 0->0(285)
[2025-11-06T12:04:20.782+0700][30.428s][info][gc,heap     ] GC(326) Survivor regions: 0->0(38)
[2025-11-06T12:04:20.782+0700][30.428s][info][gc,heap     ] GC(326) Old regions: 1->1
[2025-11-06T12:04:20.782+0700][30.428s][info][gc,heap     ] GC(326) Archive regions: 0->0
[2025-11-06T12:04:20.782+0700][30.428s][info][gc,heap     ] GC(326) Humongous regions: 1542->1542
[2025-11-06T12:04:20.782+0700][30.428s][info][gc,metaspace] GC(326) Metaspace: 9471K(9728K)->9471K(9728K) NonClass: 8331K(8448K)->8331K(8448K) Class: 1140K(1280K)->1140K(1280K)
[2025-11-06T12:04:20.782+0700][30.428s][info][gc          ] GC(326) Pause Young (Concurrent Start) (G1 Humongous Allocation) 6170M->6170M(8132M) 1.236ms
[2025-11-06T12:04:20.782+0700][30.428s][info][gc,cpu      ] GC(326) User=0.00s Sys=0.00s Real=0.00s
[2025-11-06T12:04:20.782+0700][30.428s][info][gc          ] GC(327) Concurrent Mark Cycle
[2025-11-06T12:04:20.782+0700][30.428s][info][gc,marking  ] GC(327) Concurrent Clear Claimed Marks
[2025-11-06T12:04:20.782+0700][30.428s][info][gc,marking  ] GC(327) Concurrent Clear Claimed Marks 0.008ms
[2025-11-06T12:04:20.782+0700][30.428s][info][gc,marking  ] GC(327) Concurrent Scan Root Regions
[2025-11-06T12:04:20.782+0700][30.428s][info][gc,marking  ] GC(327) Concurrent Scan Root Regions 0.005ms
[2025-11-06T12:04:20.782+0700][30.428s][info][gc,marking  ] GC(327) Concurrent Mark
[2025-11-06T12:04:20.782+0700][30.428s][info][gc,marking  ] GC(327) Concurrent Mark From Roots
[2025-11-06T12:04:20.782+0700][30.428s][info][gc,task     ] GC(327) Using 5 workers of 5 for marking
[2025-11-06T12:04:20.784+0700][30.431s][info][gc,marking  ] GC(327) Concurrent Mark From Roots 2.462ms
[2025-11-06T12:04:20.784+0700][30.431s][info][gc,marking  ] GC(327) Concurrent Preclean
[2025-11-06T12:04:20.785+0700][30.431s][info][gc,marking  ] GC(327) Concurrent Preclean 0.110ms
[2025-11-06T12:04:20.800+0700][30.446s][info][gc,start    ] GC(327) Pause Remark
[2025-11-06T12:04:20.800+0700][30.447s][info][gc          ] GC(327) Pause Remark 6182M->6182M(8132M) 0.785ms
[2025-11-06T12:04:20.800+0700][30.447s][info][gc,cpu      ] GC(327) User=0.00s Sys=0.00s Real=0.00s
[2025-11-06T12:04:20.800+0700][30.447s][info][gc,marking  ] GC(327) Concurrent Mark 18.483ms
[2025-11-06T12:04:20.800+0700][30.447s][info][gc,marking  ] GC(327) Concurrent Rebuild Remembered Sets
[2025-11-06T12:04:20.802+0700][30.448s][info][gc,marking  ] GC(327) Concurrent Rebuild Remembered Sets 1.644ms
[2025-11-06T12:04:20.815+0700][30.461s][info][gc,start    ] GC(327) Pause Cleanup
[2025-11-06T12:04:20.815+0700][30.461s][info][gc          ] GC(327) Pause Cleanup 6194M->6194M(8132M) 0.229ms
[2025-11-06T12:04:20.815+0700][30.461s][info][gc,cpu      ] GC(327) User=0.00s Sys=0.00s Real=0.00s
[2025-11-06T12:04:20.815+0700][30.461s][info][gc,marking  ] GC(327) Concurrent Cleanup for Next Mark
[2025-11-06T12:04:20.824+0700][30.470s][info][gc,marking  ] GC(327) Concurrent Cleanup for Next Mark 8.834ms
[2025-11-06T12:04:20.824+0700][30.470s][info][gc          ] GC(327) Concurrent Mark Cycle 41.920ms
[2025-11-06T12:04:20.827+0700][30.473s][info][gc,start    ] GC(328) Pause Young (Concurrent Start) (G1 Humongous Allocation)
[2025-11-06T12:04:20.827+0700][30.473s][info][gc,task     ] GC(328) Using 20 workers of 20 for evacuation
[2025-11-06T12:04:20.827+0700][30.474s][info][gc,phases   ] GC(328)   Pre Evacuate Collection Set: 0.1ms
[2025-11-06T12:04:20.827+0700][30.474s][info][gc,phases   ] GC(328)   Merge Heap Roots: 0.2ms
[2025-11-06T12:04:20.827+0700][30.474s][info][gc,phases   ] GC(328)   Evacuate Collection Set: 0.2ms
[2025-11-06T12:04:20.827+0700][30.474s][info][gc,phases   ] GC(328)   Post Evacuate Collection Set: 0.1ms
[2025-11-06T12:04:20.827+0700][30.474s][info][gc,phases   ] GC(328)   Other: 0.2ms
[2025-11-06T12:04:20.827+0700][30.474s][info][gc,heap     ] GC(328) Eden regions: 0->0(273)
[2025-11-06T12:04:20.827+0700][30.474s][info][gc,heap     ] GC(328) Survivor regions: 0->0(36)
[2025-11-06T12:04:20.827+0700][30.474s][info][gc,heap     ] GC(328) Old regions: 1->1
[2025-11-06T12:04:20.827+0700][30.474s][info][gc,heap     ] GC(328) Archive regions: 0->0
[2025-11-06T12:04:20.828+0700][30.474s][info][gc,heap     ] GC(328) Humongous regions: 1554->1554
[2025-11-06T12:04:20.828+0700][30.474s][info][gc,metaspace] GC(328) Metaspace: 9471K(9728K)->9471K(9728K) NonClass: 8331K(8448K)->8331K(8448K) Class: 1140K(1280K)->1140K(1280K)
[2025-11-06T12:04:20.828+0700][30.474s][info][gc          ] GC(328) Pause Young (Concurrent Start) (G1 Humongous Allocation) 6218M->6218M(8132M) 0.936ms
[2025-11-06T12:04:20.828+0700][30.474s][info][gc,cpu      ] GC(328) User=0.00s Sys=0.00s Real=0.00s
[2025-11-06T12:04:20.828+0700][30.474s][info][gc          ] GC(329) Concurrent Mark Cycle
[2025-11-06T12:04:20.828+0700][30.474s][info][gc,marking  ] GC(329) Concurrent Clear Claimed Marks
[2025-11-06T12:04:20.828+0700][30.474s][info][gc,marking  ] GC(329) Concurrent Clear Claimed Marks 0.007ms
[2025-11-06T12:04:20.828+0700][30.474s][info][gc,marking  ] GC(329) Concurrent Scan Root Regions
[2025-11-06T12:04:20.828+0700][30.474s][info][gc,marking  ] GC(329) Concurrent Scan Root Regions 0.005ms
[2025-11-06T12:04:20.828+0700][30.474s][info][gc,marking  ] GC(329) Concurrent Mark
[2025-11-06T12:04:20.828+0700][30.474s][info][gc,marking  ] GC(329) Concurrent Mark From Roots
[2025-11-06T12:04:20.828+0700][30.474s][info][gc,task     ] GC(329) Using 5 workers of 5 for marking
[2025-11-06T12:04:20.830+0700][30.476s][info][gc,marking  ] GC(329) Concurrent Mark From Roots 2.488ms
[2025-11-06T12:04:20.830+0700][30.476s][info][gc,marking  ] GC(329) Concurrent Preclean
[2025-11-06T12:04:20.830+0700][30.477s][info][gc,marking  ] GC(329) Concurrent Preclean 0.104ms
[2025-11-06T12:04:20.830+0700][30.477s][info][gc,start    ] GC(329) Pause Remark
[2025-11-06T12:04:20.831+0700][30.477s][info][gc          ] GC(329) Pause Remark 6230M->6230M(8132M) 0.581ms
[2025-11-06T12:04:20.831+0700][30.477s][info][gc,cpu      ] GC(329) User=0.23s Sys=0.00s Real=0.00s
[2025-11-06T12:04:20.831+0700][30.477s][info][gc,marking  ] GC(329) Concurrent Mark 3.313ms
[2025-11-06T12:04:20.831+0700][30.477s][info][gc,marking  ] GC(329) Concurrent Rebuild Remembered Sets
[2025-11-06T12:04:20.832+0700][30.478s][info][gc,marking  ] GC(329) Concurrent Rebuild Remembered Sets 1.254ms
[2025-11-06T12:04:20.846+0700][30.492s][info][gc,start    ] GC(329) Pause Cleanup
[2025-11-06T12:04:20.846+0700][30.492s][info][gc          ] GC(329) Pause Cleanup 6242M->6242M(8132M) 0.259ms
[2025-11-06T12:04:20.846+0700][30.492s][info][gc,cpu      ] GC(329) User=0.00s Sys=0.00s Real=0.00s
[2025-11-06T12:04:20.846+0700][30.492s][info][gc,marking  ] GC(329) Concurrent Cleanup for Next Mark
[2025-11-06T12:04:20.854+0700][30.500s][info][gc,marking  ] GC(329) Concurrent Cleanup for Next Mark 8.226ms
[2025-11-06T12:04:20.854+0700][30.501s][info][gc          ] GC(329) Concurrent Mark Cycle 26.762ms
[2025-11-06T12:04:21.356+0700][31.002s][info][gc,start    ] GC(330) Pause Young (Concurrent Start) (G1 Humongous Allocation)
[2025-11-06T12:04:21.356+0700][31.002s][info][gc,task     ] GC(330) Using 20 workers of 20 for evacuation
[2025-11-06T12:04:21.356+0700][31.002s][info][gc,phases   ] GC(330)   Pre Evacuate Collection Set: 0.1ms
[2025-11-06T12:04:21.356+0700][31.002s][info][gc,phases   ] GC(330)   Merge Heap Roots: 0.2ms
[2025-11-06T12:04:21.356+0700][31.002s][info][gc,phases   ] GC(330)   Evacuate Collection Set: 0.2ms
[2025-11-06T12:04:21.356+0700][31.002s][info][gc,phases   ] GC(330)   Post Evacuate Collection Set: 0.1ms
[2025-11-06T12:04:21.356+0700][31.002s][info][gc,phases   ] GC(330)   Other: 0.2ms
[2025-11-06T12:04:21.356+0700][31.002s][info][gc,heap     ] GC(330) Eden regions: 1->0(267)
[2025-11-06T12:04:21.356+0700][31.002s][info][gc,heap     ] GC(330) Survivor regions: 0->0(35)
[2025-11-06T12:04:21.356+0700][31.002s][info][gc,heap     ] GC(330) Old regions: 1->1
[2025-11-06T12:04:21.356+0700][31.002s][info][gc,heap     ] GC(330) Archive regions: 0->0
[2025-11-06T12:04:21.356+0700][31.002s][info][gc,heap     ] GC(330) Humongous regions: 1560->1560
[2025-11-06T12:04:21.356+0700][31.002s][info][gc,metaspace] GC(330) Metaspace: 9471K(9728K)->9471K(9728K) NonClass: 8331K(8448K)->8331K(8448K) Class: 1140K(1280K)->1140K(1280K)
[2025-11-06T12:04:21.356+0700][31.002s][info][gc          ] GC(330) Pause Young (Concurrent Start) (G1 Humongous Allocation) 6244M->6242M(8132M) 0.778ms
[2025-11-06T12:04:21.356+0700][31.002s][info][gc,cpu      ] GC(330) User=0.00s Sys=0.00s Real=0.00s
[2025-11-06T12:04:21.356+0700][31.002s][info][gc          ] GC(331) Concurrent Mark Cycle
[2025-11-06T12:04:21.357+0700][31.002s][info][gc,marking  ] GC(331) Concurrent Clear Claimed Marks
[2025-11-06T12:04:21.357+0700][31.002s][info][gc,marking  ] GC(331) Concurrent Clear Claimed Marks 0.008ms
[2025-11-06T12:04:21.357+0700][31.002s][info][gc,marking  ] GC(331) Concurrent Scan Root Regions
[2025-11-06T12:04:21.357+0700][31.002s][info][gc,marking  ] GC(331) Concurrent Scan Root Regions 0.005ms
[2025-11-06T12:04:21.357+0700][31.002s][info][gc,marking  ] GC(331) Concurrent Mark
[2025-11-06T12:04:21.357+0700][31.002s][info][gc,marking  ] GC(331) Concurrent Mark From Roots
[2025-11-06T12:04:21.357+0700][31.002s][info][gc,task     ] GC(331) Using 5 workers of 5 for marking
[2025-11-06T12:04:21.359+0700][31.005s][info][gc,marking  ] GC(331) Concurrent Mark From Roots 2.207ms
[2025-11-06T12:04:21.359+0700][31.005s][info][gc,marking  ] GC(331) Concurrent Preclean
[2025-11-06T12:04:21.359+0700][31.005s][info][gc,marking  ] GC(331) Concurrent Preclean 0.104ms
[2025-11-06T12:04:21.360+0700][31.006s][info][gc,start    ] GC(331) Pause Remark
[2025-11-06T12:04:21.360+0700][31.006s][info][gc          ] GC(331) Pause Remark 6254M->6254M(8132M) 0.614ms
[2025-11-06T12:04:21.360+0700][31.006s][info][gc,cpu      ] GC(331) User=0.00s Sys=0.00s Real=0.00s
[2025-11-06T12:04:21.360+0700][31.006s][info][gc,marking  ] GC(331) Concurrent Mark 3.925ms
[2025-11-06T12:04:21.360+0700][31.006s][info][gc,marking  ] GC(331) Concurrent Rebuild Remembered Sets
[2025-11-06T12:04:21.361+0700][31.008s][info][gc,marking  ] GC(331) Concurrent Rebuild Remembered Sets 1.205ms
[2025-11-06T12:04:21.371+0700][31.017s][info][gc,start    ] GC(331) Pause Cleanup
[2025-11-06T12:04:21.371+0700][31.017s][info][gc          ] GC(331) Pause Cleanup 6266M->6266M(8132M) 0.238ms
[2025-11-06T12:04:21.371+0700][31.017s][info][gc,cpu      ] GC(331) User=0.00s Sys=0.00s Real=0.00s
[2025-11-06T12:04:21.371+0700][31.017s][info][gc,marking  ] GC(331) Concurrent Cleanup for Next Mark
[2025-11-06T12:04:21.378+0700][31.025s][info][gc,marking  ] GC(331) Concurrent Cleanup for Next Mark 7.484ms
[2025-11-06T12:04:21.378+0700][31.025s][info][gc          ] GC(331) Concurrent Mark Cycle 22.450ms
[2025-11-06T12:04:21.379+0700][31.025s][info][gc,start    ] GC(332) Pause Young (Concurrent Start) (G1 Humongous Allocation)
[2025-11-06T12:04:21.379+0700][31.025s][info][gc,task     ] GC(332) Using 20 workers of 20 for evacuation
[2025-11-06T12:04:21.380+0700][31.026s][info][gc,phases   ] GC(332)   Pre Evacuate Collection Set: 0.2ms
[2025-11-06T12:04:21.380+0700][31.026s][info][gc,phases   ] GC(332)   Merge Heap Roots: 0.3ms
[2025-11-06T12:04:21.380+0700][31.026s][info][gc,phases   ] GC(332)   Evacuate Collection Set: 0.2ms
[2025-11-06T12:04:21.380+0700][31.026s][info][gc,phases   ] GC(332)   Post Evacuate Collection Set: 0.3ms
[2025-11-06T12:04:21.380+0700][31.026s][info][gc,phases   ] GC(332)   Other: 0.3ms
[2025-11-06T12:04:21.380+0700][31.026s][info][gc,heap     ] GC(332) Eden regions: 0->0(258)
[2025-11-06T12:04:21.380+0700][31.026s][info][gc,heap     ] GC(332) Survivor regions: 0->0(34)
[2025-11-06T12:04:21.380+0700][31.026s][info][gc,heap     ] GC(332) Old regions: 1->1
[2025-11-06T12:04:21.380+0700][31.026s][info][gc,heap     ] GC(332) Archive regions: 0->0
[2025-11-06T12:04:21.380+0700][31.026s][info][gc,heap     ] GC(332) Humongous regions: 1569->1569
[2025-11-06T12:04:21.380+0700][31.026s][info][gc,metaspace] GC(332) Metaspace: 9471K(9728K)->9471K(9728K) NonClass: 8331K(8448K)->8331K(8448K) Class: 1140K(1280K)->1140K(1280K)
[2025-11-06T12:04:21.380+0700][31.026s][info][gc          ] GC(332) Pause Young (Concurrent Start) (G1 Humongous Allocation) 6278M->6278M(8132M) 1.349ms
[2025-11-06T12:04:21.380+0700][31.026s][info][gc,cpu      ] GC(332) User=0.00s Sys=0.00s Real=0.00s
[2025-11-06T12:04:21.380+0700][31.026s][info][gc          ] GC(333) Concurrent Mark Cycle
[2025-11-06T12:04:21.380+0700][31.027s][info][gc,marking  ] GC(333) Concurrent Clear Claimed Marks
[2025-11-06T12:04:21.380+0700][31.027s][info][gc,marking  ] GC(333) Concurrent Clear Claimed Marks 0.010ms
[2025-11-06T12:04:21.380+0700][31.027s][info][gc,marking  ] GC(333) Concurrent Scan Root Regions
[2025-11-06T12:04:21.380+0700][31.027s][info][gc,marking  ] GC(333) Concurrent Scan Root Regions 0.006ms
[2025-11-06T12:04:21.380+0700][31.027s][info][gc,marking  ] GC(333) Concurrent Mark
[2025-11-06T12:04:21.380+0700][31.027s][info][gc,marking  ] GC(333) Concurrent Mark From Roots
[2025-11-06T12:04:21.380+0700][31.027s][info][gc,task     ] GC(333) Using 5 workers of 5 for marking
[2025-11-06T12:04:21.382+0700][31.029s][info][gc,marking  ] GC(333) Concurrent Mark From Roots 2.276ms
[2025-11-06T12:04:21.382+0700][31.029s][info][gc,marking  ] GC(333) Concurrent Preclean
[2025-11-06T12:04:21.383+0700][31.029s][info][gc,marking  ] GC(333) Concurrent Preclean 0.116ms
[2025-11-06T12:04:21.387+0700][31.033s][info][gc,start    ] GC(333) Pause Remark
[2025-11-06T12:04:21.387+0700][31.034s][info][gc          ] GC(333) Pause Remark 6290M->6290M(8132M) 0.699ms
[2025-11-06T12:04:21.387+0700][31.034s][info][gc,cpu      ] GC(333) User=0.00s Sys=0.00s Real=0.00s
[2025-11-06T12:04:21.387+0700][31.034s][info][gc,marking  ] GC(333) Concurrent Mark 7.196ms
[2025-11-06T12:04:21.387+0700][31.034s][info][gc,marking  ] GC(333) Concurrent Rebuild Remembered Sets
[2025-11-06T12:04:21.389+0700][31.035s][info][gc,marking  ] GC(333) Concurrent Rebuild Remembered Sets 1.235ms
[2025-11-06T12:04:21.403+0700][31.049s][info][gc,start    ] GC(333) Pause Cleanup
[2025-11-06T12:04:21.403+0700][31.049s][info][gc          ] GC(333) Pause Cleanup 6302M->6302M(8132M) 0.271ms
[2025-11-06T12:04:21.403+0700][31.049s][info][gc,cpu      ] GC(333) User=0.00s Sys=0.00s Real=0.00s
[2025-11-06T12:04:21.403+0700][31.049s][info][gc,marking  ] GC(333) Concurrent Cleanup for Next Mark
[2025-11-06T12:04:21.411+0700][31.057s][info][gc,marking  ] GC(333) Concurrent Cleanup for Next Mark 8.112ms
[2025-11-06T12:04:21.411+0700][31.057s][info][gc          ] GC(333) Concurrent Mark Cycle 31.006ms
[2025-11-06T12:04:21.412+0700][31.058s][info][gc,start    ] GC(334) Pause Young (Concurrent Start) (G1 Humongous Allocation)
[2025-11-06T12:04:21.412+0700][31.059s][info][gc,task     ] GC(334) Using 20 workers of 20 for evacuation
[2025-11-06T12:04:21.413+0700][31.059s][info][gc,phases   ] GC(334)   Pre Evacuate Collection Set: 0.2ms
[2025-11-06T12:04:21.413+0700][31.059s][info][gc,phases   ] GC(334)   Merge Heap Roots: 0.3ms
[2025-11-06T12:04:21.413+0700][31.059s][info][gc,phases   ] GC(334)   Evacuate Collection Set: 0.2ms
[2025-11-06T12:04:21.413+0700][31.059s][info][gc,phases   ] GC(334)   Post Evacuate Collection Set: 0.1ms
[2025-11-06T12:04:21.413+0700][31.059s][info][gc,phases   ] GC(334)   Other: 0.2ms
[2025-11-06T12:04:21.413+0700][31.059s][info][gc,heap     ] GC(334) Eden regions: 0->0(246)
[2025-11-06T12:04:21.413+0700][31.059s][info][gc,heap     ] GC(334) Survivor regions: 0->0(33)
[2025-11-06T12:04:21.413+0700][31.059s][info][gc,heap     ] GC(334) Old regions: 1->1
[2025-11-06T12:04:21.413+0700][31.059s][info][gc,heap     ] GC(334) Archive regions: 0->0
[2025-11-06T12:04:21.413+0700][31.059s][info][gc,heap     ] GC(334) Humongous regions: 1581->1581
[2025-11-06T12:04:21.413+0700][31.059s][info][gc,metaspace] GC(334) Metaspace: 9471K(9728K)->9471K(9728K) NonClass: 8331K(8448K)->8331K(8448K) Class: 1140K(1280K)->1140K(1280K)
[2025-11-06T12:04:21.413+0700][31.059s][info][gc          ] GC(334) Pause Young (Concurrent Start) (G1 Humongous Allocation) 6326M->6326M(8132M) 0.995ms
[2025-11-06T12:04:21.413+0700][31.059s][info][gc,cpu      ] GC(334) User=0.00s Sys=0.00s Real=0.00s
[2025-11-06T12:04:21.413+0700][31.059s][info][gc          ] GC(335) Concurrent Mark Cycle
[2025-11-06T12:04:21.413+0700][31.060s][info][gc,marking  ] GC(335) Concurrent Clear Claimed Marks
[2025-11-06T12:04:21.413+0700][31.060s][info][gc,marking  ] GC(335) Concurrent Clear Claimed Marks 0.013ms
[2025-11-06T12:04:21.413+0700][31.060s][info][gc,marking  ] GC(335) Concurrent Scan Root Regions
[2025-11-06T12:04:21.413+0700][31.060s][info][gc,marking  ] GC(335) Concurrent Scan Root Regions 0.010ms
[2025-11-06T12:04:21.413+0700][31.060s][info][gc,marking  ] GC(335) Concurrent Mark
[2025-11-06T12:04:21.413+0700][31.060s][info][gc,marking  ] GC(335) Concurrent Mark From Roots
[2025-11-06T12:04:21.413+0700][31.060s][info][gc,task     ] GC(335) Using 5 workers of 5 for marking
[2025-11-06T12:04:21.415+0700][31.062s][info][gc,marking  ] GC(335) Concurrent Mark From Roots 2.221ms
[2025-11-06T12:04:21.415+0700][31.062s][info][gc,marking  ] GC(335) Concurrent Preclean
[2025-11-06T12:04:21.416+0700][31.062s][info][gc,marking  ] GC(335) Concurrent Preclean 0.146ms
[2025-11-06T12:04:21.416+0700][31.063s][info][gc,start    ] GC(335) Pause Remark
[2025-11-06T12:04:21.417+0700][31.063s][info][gc          ] GC(335) Pause Remark 6338M->6338M(8132M) 0.583ms
[2025-11-06T12:04:21.417+0700][31.063s][info][gc,cpu      ] GC(335) User=0.00s Sys=0.00s Real=0.00s
[2025-11-06T12:04:21.417+0700][31.063s][info][gc,marking  ] GC(335) Concurrent Mark 3.835ms
[2025-11-06T12:04:21.417+0700][31.063s][info][gc,marking  ] GC(335) Concurrent Rebuild Remembered Sets
[2025-11-06T12:04:21.418+0700][31.065s][info][gc,marking  ] GC(335) Concurrent Rebuild Remembered Sets 1.290ms
[2025-11-06T12:04:21.433+0700][31.079s][info][gc,start    ] GC(335) Pause Cleanup
[2025-11-06T12:04:21.433+0700][31.079s][info][gc          ] GC(335) Pause Cleanup 6350M->6350M(8132M) 0.224ms
[2025-11-06T12:04:21.433+0700][31.079s][info][gc,cpu      ] GC(335) User=0.00s Sys=0.00s Real=0.00s
[2025-11-06T12:04:21.433+0700][31.079s][info][gc,marking  ] GC(335) Concurrent Cleanup for Next Mark
[2025-11-06T12:04:21.441+0700][31.088s][info][gc,marking  ] GC(335) Concurrent Cleanup for Next Mark 8.415ms
[2025-11-06T12:04:21.441+0700][31.088s][info][gc          ] GC(335) Concurrent Mark Cycle 28.194ms
[2025-11-06T12:04:21.940+0700][31.586s][info][gc,start    ] GC(336) Pause Young (Concurrent Start) (G1 Humongous Allocation)
[2025-11-06T12:04:21.940+0700][31.586s][info][gc,task     ] GC(336) Using 20 workers of 20 for evacuation
[2025-11-06T12:04:21.940+0700][31.587s][info][gc,phases   ] GC(336)   Pre Evacuate Collection Set: 0.2ms
[2025-11-06T12:04:21.940+0700][31.587s][info][gc,phases   ] GC(336)   Merge Heap Roots: 0.2ms
[2025-11-06T12:04:21.940+0700][31.587s][info][gc,phases   ] GC(336)   Evacuate Collection Set: 0.1ms
[2025-11-06T12:04:21.940+0700][31.587s][info][gc,phases   ] GC(336)   Post Evacuate Collection Set: 0.1ms
[2025-11-06T12:04:21.940+0700][31.587s][info][gc,phases   ] GC(336)   Other: 0.2ms
[2025-11-06T12:04:21.940+0700][31.587s][info][gc,heap     ] GC(336) Eden regions: 1->0(237)
[2025-11-06T12:04:21.940+0700][31.587s][info][gc,heap     ] GC(336) Survivor regions: 0->0(31)
[2025-11-06T12:04:21.940+0700][31.587s][info][gc,heap     ] GC(336) Old regions: 1->1
[2025-11-06T12:04:21.940+0700][31.587s][info][gc,heap     ] GC(336) Archive regions: 0->0
[2025-11-06T12:04:21.940+0700][31.587s][info][gc,heap     ] GC(336) Humongous regions: 1590->1590
[2025-11-06T12:04:21.941+0700][31.587s][info][gc,metaspace] GC(336) Metaspace: 9471K(9728K)->9471K(9728K) NonClass: 8331K(8448K)->8331K(8448K) Class: 1140K(1280K)->1140K(1280K)
[2025-11-06T12:04:21.941+0700][31.587s][info][gc          ] GC(336) Pause Young (Concurrent Start) (G1 Humongous Allocation) 6364M->6362M(8132M) 0.847ms
[2025-11-06T12:04:21.941+0700][31.587s][info][gc,cpu      ] GC(336) User=0.02s Sys=0.00s Real=0.00s
[2025-11-06T12:04:21.941+0700][31.587s][info][gc          ] GC(337) Concurrent Mark Cycle
[2025-11-06T12:04:21.941+0700][31.587s][info][gc,marking  ] GC(337) Concurrent Clear Claimed Marks
[2025-11-06T12:04:21.941+0700][31.587s][info][gc,marking  ] GC(337) Concurrent Clear Claimed Marks 0.008ms
[2025-11-06T12:04:21.941+0700][31.587s][info][gc,marking  ] GC(337) Concurrent Scan Root Regions
[2025-11-06T12:04:21.941+0700][31.587s][info][gc,marking  ] GC(337) Concurrent Scan Root Regions 0.007ms
[2025-11-06T12:04:21.941+0700][31.587s][info][gc,marking  ] GC(337) Concurrent Mark
[2025-11-06T12:04:21.941+0700][31.587s][info][gc,marking  ] GC(337) Concurrent Mark From Roots
[2025-11-06T12:04:21.941+0700][31.587s][info][gc,task     ] GC(337) Using 5 workers of 5 for marking
[2025-11-06T12:04:21.944+0700][31.590s][info][gc,marking  ] GC(337) Concurrent Mark From Roots 3.320ms
[2025-11-06T12:04:21.944+0700][31.590s][info][gc,marking  ] GC(337) Concurrent Preclean
[2025-11-06T12:04:21.944+0700][31.590s][info][gc,marking  ] GC(337) Concurrent Preclean 0.115ms
[2025-11-06T12:04:21.955+0700][31.601s][info][gc,start    ] GC(337) Pause Remark
[2025-11-06T12:04:21.955+0700][31.602s][info][gc          ] GC(337) Pause Remark 6386M->6386M(8132M) 0.736ms
[2025-11-06T12:04:21.955+0700][31.602s][info][gc,cpu      ] GC(337) User=0.00s Sys=0.00s Real=0.00s
[2025-11-06T12:04:21.955+0700][31.602s][info][gc,marking  ] GC(337) Concurrent Mark 14.778ms
[2025-11-06T12:04:21.955+0700][31.602s][info][gc,marking  ] GC(337) Concurrent Rebuild Remembered Sets
[2025-11-06T12:04:21.957+0700][31.603s][info][gc,marking  ] GC(337) Concurrent Rebuild Remembered Sets 1.220ms
[2025-11-06T12:04:21.970+0700][31.616s][info][gc,start    ] GC(337) Pause Cleanup
[2025-11-06T12:04:21.970+0700][31.616s][info][gc          ] GC(337) Pause Cleanup 6398M->6398M(8132M) 0.277ms
[2025-11-06T12:04:21.970+0700][31.616s][info][gc,cpu      ] GC(337) User=0.00s Sys=0.00s Real=0.00s
[2025-11-06T12:04:21.970+0700][31.616s][info][gc,marking  ] GC(337) Concurrent Cleanup for Next Mark
[2025-11-06T12:04:21.978+0700][31.624s][info][gc,marking  ] GC(337) Concurrent Cleanup for Next Mark 8.230ms
[2025-11-06T12:04:21.978+0700][31.625s][info][gc          ] GC(337) Concurrent Mark Cycle 37.758ms
[2025-11-06T12:04:21.980+0700][31.626s][info][gc,start    ] GC(338) Pause Young (Concurrent Start) (G1 Humongous Allocation)
[2025-11-06T12:04:21.980+0700][31.626s][info][gc,task     ] GC(338) Using 20 workers of 20 for evacuation
[2025-11-06T12:04:21.981+0700][31.627s][info][gc,phases   ] GC(338)   Pre Evacuate Collection Set: 0.2ms
[2025-11-06T12:04:21.981+0700][31.627s][info][gc,phases   ] GC(338)   Merge Heap Roots: 0.3ms
[2025-11-06T12:04:21.981+0700][31.627s][info][gc,phases   ] GC(338)   Evacuate Collection Set: 0.2ms
[2025-11-06T12:04:21.981+0700][31.627s][info][gc,phases   ] GC(338)   Post Evacuate Collection Set: 0.1ms
[2025-11-06T12:04:21.981+0700][31.627s][info][gc,phases   ] GC(338)   Other: 0.2ms
[2025-11-06T12:04:21.981+0700][31.627s][info][gc,heap     ] GC(338) Eden regions: 0->0(219)
[2025-11-06T12:04:21.981+0700][31.627s][info][gc,heap     ] GC(338) Survivor regions: 0->0(30)
[2025-11-06T12:04:21.981+0700][31.627s][info][gc,heap     ] GC(338) Old regions: 1->1
[2025-11-06T12:04:21.981+0700][31.627s][info][gc,heap     ] GC(338) Archive regions: 0->0
[2025-11-06T12:04:21.981+0700][31.627s][info][gc,heap     ] GC(338) Humongous regions: 1608->1608
[2025-11-06T12:04:21.981+0700][31.627s][info][gc,metaspace] GC(338) Metaspace: 9471K(9728K)->9471K(9728K) NonClass: 8331K(8448K)->8331K(8448K) Class: 1140K(1280K)->1140K(1280K)
[2025-11-06T12:04:21.981+0700][31.627s][info][gc          ] GC(338) Pause Young (Concurrent Start) (G1 Humongous Allocation) 6434M->6434M(8132M) 0.986ms
[2025-11-06T12:04:21.981+0700][31.627s][info][gc,cpu      ] GC(338) User=0.00s Sys=0.00s Real=0.00s
[2025-11-06T12:04:21.981+0700][31.627s][info][gc          ] GC(339) Concurrent Mark Cycle
[2025-11-06T12:04:21.981+0700][31.627s][info][gc,marking  ] GC(339) Concurrent Clear Claimed Marks
[2025-11-06T12:04:21.981+0700][31.627s][info][gc,marking  ] GC(339) Concurrent Clear Claimed Marks 0.015ms
[2025-11-06T12:04:21.981+0700][31.628s][info][gc,marking  ] GC(339) Concurrent Scan Root Regions
[2025-11-06T12:04:21.981+0700][31.628s][info][gc,marking  ] GC(339) Concurrent Scan Root Regions 0.006ms
[2025-11-06T12:04:21.981+0700][31.628s][info][gc,marking  ] GC(339) Concurrent Mark
[2025-11-06T12:04:21.981+0700][31.628s][info][gc,marking  ] GC(339) Concurrent Mark From Roots
[2025-11-06T12:04:21.981+0700][31.628s][info][gc,task     ] GC(339) Using 5 workers of 5 for marking
[2025-11-06T12:04:21.984+0700][31.630s][info][gc,marking  ] GC(339) Concurrent Mark From Roots 2.497ms
[2025-11-06T12:04:21.984+0700][31.630s][info][gc,marking  ] GC(339) Concurrent Preclean
[2025-11-06T12:04:21.984+0700][31.630s][info][gc,marking  ] GC(339) Concurrent Preclean 0.106ms
[2025-11-06T12:04:21.985+0700][31.631s][info][gc,start    ] GC(339) Pause Remark
[2025-11-06T12:04:21.986+0700][31.632s][info][gc          ] GC(339) Pause Remark 6446M->6446M(8132M) 1.243ms
[2025-11-06T12:04:21.986+0700][31.632s][info][gc,cpu      ] GC(339) User=0.00s Sys=0.00s Real=0.00s
[2025-11-06T12:04:21.986+0700][31.632s][info][gc,marking  ] GC(339) Concurrent Mark 4.865ms
[2025-11-06T12:04:21.986+0700][31.632s][info][gc,marking  ] GC(339) Concurrent Rebuild Remembered Sets
[2025-11-06T12:04:21.988+0700][31.634s][info][gc,marking  ] GC(339) Concurrent Rebuild Remembered Sets 1.502ms
[2025-11-06T12:04:22.001+0700][31.647s][info][gc,start    ] GC(339) Pause Cleanup
[2025-11-06T12:04:22.001+0700][31.647s][info][gc          ] GC(339) Pause Cleanup 6458M->6458M(8132M) 0.235ms
[2025-11-06T12:04:22.001+0700][31.647s][info][gc,cpu      ] GC(339) User=0.00s Sys=0.00s Real=0.00s
[2025-11-06T12:04:22.001+0700][31.647s][info][gc,marking  ] GC(339) Concurrent Cleanup for Next Mark
[2025-11-06T12:04:22.011+0700][31.657s][info][gc,marking  ] GC(339) Concurrent Cleanup for Next Mark 9.845ms
[2025-11-06T12:04:22.011+0700][31.657s][info][gc          ] GC(339) Concurrent Mark Cycle 29.663ms
[2025-11-06T12:04:22.509+0700][32.155s][info][gc,start    ] GC(340) Pause Young (Concurrent Start) (G1 Humongous Allocation)
[2025-11-06T12:04:22.509+0700][32.155s][info][gc,task     ] GC(340) Using 20 workers of 20 for evacuation
[2025-11-06T12:04:22.510+0700][32.155s][info][gc,phases   ] GC(340)   Pre Evacuate Collection Set: 0.1ms
[2025-11-06T12:04:22.510+0700][32.155s][info][gc,phases   ] GC(340)   Merge Heap Roots: 0.3ms
[2025-11-06T12:04:22.510+0700][32.155s][info][gc,phases   ] GC(340)   Evacuate Collection Set: 0.2ms
[2025-11-06T12:04:22.510+0700][32.155s][info][gc,phases   ] GC(340)   Post Evacuate Collection Set: 0.1ms
[2025-11-06T12:04:22.510+0700][32.156s][info][gc,phases   ] GC(340)   Other: 0.2ms
[2025-11-06T12:04:22.510+0700][32.156s][info][gc,heap     ] GC(340) Eden regions: 1->0(207)
[2025-11-06T12:04:22.510+0700][32.156s][info][gc,heap     ] GC(340) Survivor regions: 0->0(28)
[2025-11-06T12:04:22.510+0700][32.156s][info][gc,heap     ] GC(340) Old regions: 1->1
[2025-11-06T12:04:22.510+0700][32.156s][info][gc,heap     ] GC(340) Archive regions: 0->0
[2025-11-06T12:04:22.510+0700][32.156s][info][gc,heap     ] GC(340) Humongous regions: 1620->1620
[2025-11-06T12:04:22.510+0700][32.156s][info][gc,metaspace] GC(340) Metaspace: 9471K(9728K)->9471K(9728K) NonClass: 8331K(8448K)->8331K(8448K) Class: 1140K(1280K)->1140K(1280K)
[2025-11-06T12:04:22.510+0700][32.156s][info][gc          ] GC(340) Pause Young (Concurrent Start) (G1 Humongous Allocation) 6484M->6482M(8132M) 0.992ms
[2025-11-06T12:04:22.510+0700][32.156s][info][gc,cpu      ] GC(340) User=0.00s Sys=0.00s Real=0.00s
[2025-11-06T12:04:22.510+0700][32.156s][info][gc          ] GC(341) Concurrent Mark Cycle
[2025-11-06T12:04:22.510+0700][32.156s][info][gc,marking  ] GC(341) Concurrent Clear Claimed Marks
[2025-11-06T12:04:22.510+0700][32.156s][info][gc,marking  ] GC(341) Concurrent Clear Claimed Marks 0.015ms
[2025-11-06T12:04:22.510+0700][32.156s][info][gc,marking  ] GC(341) Concurrent Scan Root Regions
[2025-11-06T12:04:22.510+0700][32.156s][info][gc,marking  ] GC(341) Concurrent Scan Root Regions 0.011ms
[2025-11-06T12:04:22.510+0700][32.156s][info][gc,marking  ] GC(341) Concurrent Mark
[2025-11-06T12:04:22.510+0700][32.156s][info][gc,marking  ] GC(341) Concurrent Mark From Roots
[2025-11-06T12:04:22.510+0700][32.156s][info][gc,task     ] GC(341) Using 5 workers of 5 for marking
[2025-11-06T12:04:22.513+0700][32.158s][info][gc,marking  ] GC(341) Concurrent Mark From Roots 2.762ms
[2025-11-06T12:04:22.513+0700][32.158s][info][gc,marking  ] GC(341) Concurrent Preclean
[2025-11-06T12:04:22.513+0700][32.159s][info][gc,marking  ] GC(341) Concurrent Preclean 0.102ms
[2025-11-06T12:04:22.513+0700][32.159s][info][gc,start    ] GC(341) Pause Remark
[2025-11-06T12:04:22.514+0700][32.160s][info][gc          ] GC(341) Pause Remark 6494M->6494M(8132M) 0.838ms
[2025-11-06T12:04:22.514+0700][32.160s][info][gc,cpu      ] GC(341) User=0.00s Sys=0.00s Real=0.00s
[2025-11-06T12:04:22.514+0700][32.160s][info][gc,marking  ] GC(341) Concurrent Mark 4.513ms
[2025-11-06T12:04:22.514+0700][32.160s][info][gc,marking  ] GC(341) Concurrent Rebuild Remembered Sets
[2025-11-06T12:04:22.516+0700][32.162s][info][gc,marking  ] GC(341) Concurrent Rebuild Remembered Sets 1.346ms
[2025-11-06T12:04:22.524+0700][32.169s][info][gc,start    ] GC(341) Pause Cleanup
[2025-11-06T12:04:22.524+0700][32.170s][info][gc          ] GC(341) Pause Cleanup 6506M->6506M(8132M) 0.271ms
[2025-11-06T12:04:22.524+0700][32.170s][info][gc,cpu      ] GC(341) User=0.00s Sys=0.00s Real=0.00s
[2025-11-06T12:04:22.524+0700][32.170s][info][gc,marking  ] GC(341) Concurrent Cleanup for Next Mark
[2025-11-06T12:04:22.532+0700][32.177s][info][gc,marking  ] GC(341) Concurrent Cleanup for Next Mark 7.571ms
[2025-11-06T12:04:22.532+0700][32.178s][info][gc          ] GC(341) Concurrent Mark Cycle 21.934ms
[2025-11-06T12:04:22.534+0700][32.180s][info][gc,start    ] GC(342) Pause Young (Concurrent Start) (G1 Humongous Allocation)
[2025-11-06T12:04:22.534+0700][32.180s][info][gc,task     ] GC(342) Using 20 workers of 20 for evacuation
[2025-11-06T12:04:22.535+0700][32.181s][info][gc,phases   ] GC(342)   Pre Evacuate Collection Set: 0.2ms
[2025-11-06T12:04:22.535+0700][32.181s][info][gc,phases   ] GC(342)   Merge Heap Roots: 0.2ms
[2025-11-06T12:04:22.535+0700][32.181s][info][gc,phases   ] GC(342)   Evacuate Collection Set: 0.2ms
[2025-11-06T12:04:22.535+0700][32.181s][info][gc,phases   ] GC(342)   Post Evacuate Collection Set: 0.1ms
[2025-11-06T12:04:22.535+0700][32.181s][info][gc,phases   ] GC(342)   Other: 0.1ms
[2025-11-06T12:04:22.535+0700][32.181s][info][gc,heap     ] GC(342) Eden regions: 0->0(195)
[2025-11-06T12:04:22.535+0700][32.181s][info][gc,heap     ] GC(342) Survivor regions: 0->0(26)
[2025-11-06T12:04:22.535+0700][32.181s][info][gc,heap     ] GC(342) Old regions: 1->1
[2025-11-06T12:04:22.535+0700][32.181s][info][gc,heap     ] GC(342) Archive regions: 0->0
[2025-11-06T12:04:22.535+0700][32.181s][info][gc,heap     ] GC(342) Humongous regions: 1632->1632
[2025-11-06T12:04:22.535+0700][32.181s][info][gc,metaspace] GC(342) Metaspace: 9471K(9728K)->9471K(9728K) NonClass: 8331K(8448K)->8331K(8448K) Class: 1140K(1280K)->1140K(1280K)
[2025-11-06T12:04:22.535+0700][32.181s][info][gc          ] GC(342) Pause Young (Concurrent Start) (G1 Humongous Allocation) 6530M->6530M(8132M) 0.815ms
[2025-11-06T12:04:22.535+0700][32.181s][info][gc,cpu      ] GC(342) User=0.02s Sys=0.00s Real=0.00s
[2025-11-06T12:04:22.535+0700][32.181s][info][gc          ] GC(343) Concurrent Mark Cycle
[2025-11-06T12:04:22.535+0700][32.181s][info][gc,marking  ] GC(343) Concurrent Clear Claimed Marks
[2025-11-06T12:04:22.535+0700][32.181s][info][gc,marking  ] GC(343) Concurrent Clear Claimed Marks 0.008ms
[2025-11-06T12:04:22.535+0700][32.181s][info][gc,marking  ] GC(343) Concurrent Scan Root Regions
[2025-11-06T12:04:22.535+0700][32.181s][info][gc,marking  ] GC(343) Concurrent Scan Root Regions 0.005ms
[2025-11-06T12:04:22.535+0700][32.181s][info][gc,marking  ] GC(343) Concurrent Mark
[2025-11-06T12:04:22.535+0700][32.181s][info][gc,marking  ] GC(343) Concurrent Mark From Roots
[2025-11-06T12:04:22.535+0700][32.181s][info][gc,task     ] GC(343) Using 5 workers of 5 for marking
[2025-11-06T12:04:22.538+0700][32.184s][info][gc,marking  ] GC(343) Concurrent Mark From Roots 2.983ms
[2025-11-06T12:04:22.538+0700][32.184s][info][gc,marking  ] GC(343) Concurrent Preclean
[2025-11-06T12:04:22.538+0700][32.184s][info][gc,marking  ] GC(343) Concurrent Preclean 0.104ms
[2025-11-06T12:04:22.538+0700][32.184s][info][gc,start    ] GC(343) Pause Remark
[2025-11-06T12:04:22.539+0700][32.185s][info][gc          ] GC(343) Pause Remark 6542M->6542M(8132M) 0.544ms
[2025-11-06T12:04:22.539+0700][32.185s][info][gc,cpu      ] GC(343) User=0.00s Sys=0.00s Real=0.00s
[2025-11-06T12:04:22.539+0700][32.185s][info][gc,marking  ] GC(343) Concurrent Mark 3.939ms
[2025-11-06T12:04:22.539+0700][32.185s][info][gc,marking  ] GC(343) Concurrent Rebuild Remembered Sets
[2025-11-06T12:04:22.540+0700][32.186s][info][gc,marking  ] GC(343) Concurrent Rebuild Remembered Sets 1.233ms
[2025-11-06T12:04:22.555+0700][32.200s][info][gc,start    ] GC(343) Pause Cleanup
[2025-11-06T12:04:22.555+0700][32.201s][info][gc          ] GC(343) Pause Cleanup 6554M->6554M(8132M) 0.196ms
[2025-11-06T12:04:22.555+0700][32.201s][info][gc,cpu      ] GC(343) User=0.00s Sys=0.00s Real=0.00s
[2025-11-06T12:04:22.555+0700][32.201s][info][gc,marking  ] GC(343) Concurrent Cleanup for Next Mark
[2025-11-06T12:04:22.563+0700][32.209s][info][gc,marking  ] GC(343) Concurrent Cleanup for Next Mark 8.167ms
[2025-11-06T12:04:22.563+0700][32.209s][info][gc          ] GC(343) Concurrent Mark Cycle 28.062ms
[2025-11-06T12:04:22.566+0700][32.211s][info][gc,start    ] GC(344) Pause Young (Concurrent Start) (G1 Humongous Allocation)
[2025-11-06T12:04:22.566+0700][32.211s][info][gc,task     ] GC(344) Using 20 workers of 20 for evacuation
[2025-11-06T12:04:22.566+0700][32.212s][info][gc,phases   ] GC(344)   Pre Evacuate Collection Set: 0.1ms
[2025-11-06T12:04:22.566+0700][32.212s][info][gc,phases   ] GC(344)   Merge Heap Roots: 0.3ms
[2025-11-06T12:04:22.566+0700][32.212s][info][gc,phases   ] GC(344)   Evacuate Collection Set: 0.2ms
[2025-11-06T12:04:22.566+0700][32.212s][info][gc,phases   ] GC(344)   Post Evacuate Collection Set: 0.1ms
[2025-11-06T12:04:22.566+0700][32.212s][info][gc,phases   ] GC(344)   Other: 0.2ms
[2025-11-06T12:04:22.566+0700][32.212s][info][gc,heap     ] GC(344) Eden regions: 0->0(180)
[2025-11-06T12:04:22.566+0700][32.212s][info][gc,heap     ] GC(344) Survivor regions: 0->0(25)
[2025-11-06T12:04:22.566+0700][32.212s][info][gc,heap     ] GC(344) Old regions: 1->1
[2025-11-06T12:04:22.566+0700][32.212s][info][gc,heap     ] GC(344) Archive regions: 0->0
[2025-11-06T12:04:22.566+0700][32.212s][info][gc,heap     ] GC(344) Humongous regions: 1647->1647
[2025-11-06T12:04:22.566+0700][32.212s][info][gc,metaspace] GC(344) Metaspace: 9471K(9728K)->9471K(9728K) NonClass: 8331K(8448K)->8331K(8448K) Class: 1140K(1280K)->1140K(1280K)
[2025-11-06T12:04:22.566+0700][32.212s][info][gc          ] GC(344) Pause Young (Concurrent Start) (G1 Humongous Allocation) 6590M->6590M(8132M) 0.921ms
[2025-11-06T12:04:22.567+0700][32.212s][info][gc,cpu      ] GC(344) User=0.00s Sys=0.00s Real=0.00s
[2025-11-06T12:04:22.567+0700][32.212s][info][gc          ] GC(345) Concurrent Mark Cycle
[2025-11-06T12:04:22.567+0700][32.212s][info][gc,marking  ] GC(345) Concurrent Clear Claimed Marks
[2025-11-06T12:04:22.567+0700][32.212s][info][gc,marking  ] GC(345) Concurrent Clear Claimed Marks 0.007ms
[2025-11-06T12:04:22.567+0700][32.212s][info][gc,marking  ] GC(345) Concurrent Scan Root Regions
[2025-11-06T12:04:22.567+0700][32.212s][info][gc,marking  ] GC(345) Concurrent Scan Root Regions 0.005ms
[2025-11-06T12:04:22.567+0700][32.212s][info][gc,marking  ] GC(345) Concurrent Mark
[2025-11-06T12:04:22.567+0700][32.212s][info][gc,marking  ] GC(345) Concurrent Mark From Roots
[2025-11-06T12:04:22.567+0700][32.212s][info][gc,task     ] GC(345) Using 5 workers of 5 for marking
[2025-11-06T12:04:22.569+0700][32.215s][info][gc,marking  ] GC(345) Concurrent Mark From Roots 2.755ms
[2025-11-06T12:04:22.569+0700][32.215s][info][gc,marking  ] GC(345) Concurrent Preclean
[2025-11-06T12:04:22.570+0700][32.215s][info][gc,marking  ] GC(345) Concurrent Preclean 0.171ms
[2025-11-06T12:04:22.570+0700][32.215s][info][gc,start    ] GC(345) Pause Remark
[2025-11-06T12:04:22.570+0700][32.216s][info][gc          ] GC(345) Pause Remark 6604M->6604M(8132M) 0.747ms
[2025-11-06T12:04:22.570+0700][32.216s][info][gc,cpu      ] GC(345) User=0.00s Sys=0.00s Real=0.00s
[2025-11-06T12:04:22.570+0700][32.216s][info][gc,marking  ] GC(345) Concurrent Mark 3.838ms
[2025-11-06T12:04:22.570+0700][32.216s][info][gc,marking  ] GC(345) Concurrent Rebuild Remembered Sets
[2025-11-06T12:04:22.572+0700][32.218s][info][gc,marking  ] GC(345) Concurrent Rebuild Remembered Sets 1.349ms
[2025-11-06T12:04:22.572+0700][32.218s][info][gc,start    ] GC(345) Pause Cleanup
[2025-11-06T12:04:22.572+0700][32.218s][info][gc          ] GC(345) Pause Cleanup 6604M->6604M(8132M) 0.131ms
[2025-11-06T12:04:22.572+0700][32.218s][info][gc,cpu      ] GC(345) User=0.00s Sys=0.00s Real=0.00s
[2025-11-06T12:04:22.572+0700][32.218s][info][gc,marking  ] GC(345) Concurrent Cleanup for Next Mark
[2025-11-06T12:04:22.579+0700][32.225s][info][gc,marking  ] GC(345) Concurrent Cleanup for Next Mark 6.941ms
[2025-11-06T12:04:22.579+0700][32.225s][info][gc          ] GC(345) Concurrent Mark Cycle 12.476ms
[2025-11-06T12:04:23.082+0700][32.728s][info][gc,start    ] GC(346) Pause Young (Concurrent Start) (G1 Humongous Allocation)
[2025-11-06T12:04:23.082+0700][32.728s][info][gc,task     ] GC(346) Using 20 workers of 20 for evacuation
[2025-11-06T12:04:23.082+0700][32.729s][info][gc,phases   ] GC(346)   Pre Evacuate Collection Set: 0.1ms
[2025-11-06T12:04:23.082+0700][32.729s][info][gc,phases   ] GC(346)   Merge Heap Roots: 0.2ms
[2025-11-06T12:04:23.082+0700][32.729s][info][gc,phases   ] GC(346)   Evacuate Collection Set: 0.1ms
[2025-11-06T12:04:23.082+0700][32.729s][info][gc,phases   ] GC(346)   Post Evacuate Collection Set: 0.1ms
[2025-11-06T12:04:23.082+0700][32.729s][info][gc,phases   ] GC(346)   Other: 0.2ms
[2025-11-06T12:04:23.082+0700][32.729s][info][gc,heap     ] GC(346) Eden regions: 1->0(176)
[2025-11-06T12:04:23.082+0700][32.729s][info][gc,heap     ] GC(346) Survivor regions: 0->1(23)
[2025-11-06T12:04:23.082+0700][32.729s][info][gc,heap     ] GC(346) Old regions: 1->1
[2025-11-06T12:04:23.082+0700][32.729s][info][gc,heap     ] GC(346) Archive regions: 0->0
[2025-11-06T12:04:23.082+0700][32.729s][info][gc,heap     ] GC(346) Humongous regions: 1650->1650
[2025-11-06T12:04:23.082+0700][32.729s][info][gc,metaspace] GC(346) Metaspace: 9471K(9728K)->9471K(9728K) NonClass: 8331K(8448K)->8331K(8448K) Class: 1140K(1280K)->1140K(1280K)
[2025-11-06T12:04:23.082+0700][32.729s][info][gc          ] GC(346) Pause Young (Concurrent Start) (G1 Humongous Allocation) 6604M->6602M(8132M) 0.712ms
[2025-11-06T12:04:23.082+0700][32.729s][info][gc,cpu      ] GC(346) User=0.00s Sys=0.00s Real=0.00s
[2025-11-06T12:04:23.082+0700][32.729s][info][gc          ] GC(347) Concurrent Mark Cycle
[2025-11-06T12:04:23.082+0700][32.729s][info][gc,marking  ] GC(347) Concurrent Clear Claimed Marks
[2025-11-06T12:04:23.082+0700][32.729s][info][gc,marking  ] GC(347) Concurrent Clear Claimed Marks 0.008ms
[2025-11-06T12:04:23.082+0700][32.729s][info][gc,marking  ] GC(347) Concurrent Scan Root Regions
[2025-11-06T12:04:23.083+0700][32.729s][info][gc,marking  ] GC(347) Concurrent Scan Root Regions 0.053ms
[2025-11-06T12:04:23.083+0700][32.729s][info][gc,marking  ] GC(347) Concurrent Mark
[2025-11-06T12:04:23.083+0700][32.729s][info][gc,marking  ] GC(347) Concurrent Mark From Roots
[2025-11-06T12:04:23.083+0700][32.729s][info][gc,task     ] GC(347) Using 5 workers of 5 for marking
[2025-11-06T12:04:23.085+0700][32.731s][info][gc,marking  ] GC(347) Concurrent Mark From Roots 2.123ms
[2025-11-06T12:04:23.085+0700][32.731s][info][gc,marking  ] GC(347) Concurrent Preclean
[2025-11-06T12:04:23.085+0700][32.731s][info][gc,marking  ] GC(347) Concurrent Preclean 0.109ms
[2025-11-06T12:04:23.085+0700][32.732s][info][gc,start    ] GC(347) Pause Remark
[2025-11-06T12:04:23.086+0700][32.732s][info][gc          ] GC(347) Pause Remark 6614M->6614M(8132M) 0.621ms
[2025-11-06T12:04:23.086+0700][32.732s][info][gc,cpu      ] GC(347) User=0.00s Sys=0.00s Real=0.00s
[2025-11-06T12:04:23.086+0700][32.732s][info][gc,marking  ] GC(347) Concurrent Mark 3.419ms
[2025-11-06T12:04:23.086+0700][32.732s][info][gc,marking  ] GC(347) Concurrent Rebuild Remembered Sets
[2025-11-06T12:04:23.087+0700][32.734s][info][gc,marking  ] GC(347) Concurrent Rebuild Remembered Sets 1.292ms
[2025-11-06T12:04:23.097+0700][32.743s][info][gc,start    ] GC(347) Pause Cleanup
[2025-11-06T12:04:23.097+0700][32.743s][info][gc          ] GC(347) Pause Cleanup 6626M->6626M(8132M) 0.169ms
[2025-11-06T12:04:23.097+0700][32.743s][info][gc,cpu      ] GC(347) User=0.00s Sys=0.00s Real=0.00s
[2025-11-06T12:04:23.097+0700][32.743s][info][gc,marking  ] GC(347) Concurrent Cleanup for Next Mark
[2025-11-06T12:04:23.106+0700][32.752s][info][gc,marking  ] GC(347) Concurrent Cleanup for Next Mark 9.012ms
[2025-11-06T12:04:23.106+0700][32.753s][info][gc          ] GC(347) Concurrent Mark Cycle 23.832ms
[2025-11-06T12:04:23.107+0700][32.754s][info][gc,start    ] GC(348) Pause Young (Concurrent Start) (G1 Humongous Allocation)
[2025-11-06T12:04:23.107+0700][32.754s][info][gc,task     ] GC(348) Using 20 workers of 20 for evacuation
[2025-11-06T12:04:23.108+0700][32.754s][info][gc,phases   ] GC(348)   Pre Evacuate Collection Set: 0.1ms
[2025-11-06T12:04:23.108+0700][32.754s][info][gc,phases   ] GC(348)   Merge Heap Roots: 0.1ms
[2025-11-06T12:04:23.108+0700][32.754s][info][gc,phases   ] GC(348)   Evacuate Collection Set: 0.2ms
[2025-11-06T12:04:23.108+0700][32.754s][info][gc,phases   ] GC(348)   Post Evacuate Collection Set: 0.1ms
[2025-11-06T12:04:23.108+0700][32.754s][info][gc,phases   ] GC(348)   Other: 0.1ms
[2025-11-06T12:04:23.108+0700][32.754s][info][gc,heap     ] GC(348) Eden regions: 0->0(164)
[2025-11-06T12:04:23.108+0700][32.754s][info][gc,heap     ] GC(348) Survivor regions: 1->1(23)
[2025-11-06T12:04:23.108+0700][32.754s][info][gc,heap     ] GC(348) Old regions: 1->1
[2025-11-06T12:04:23.108+0700][32.754s][info][gc,heap     ] GC(348) Archive regions: 0->0
[2025-11-06T12:04:23.108+0700][32.754s][info][gc,heap     ] GC(348) Humongous regions: 1662->1662
[2025-11-06T12:04:23.108+0700][32.754s][info][gc,metaspace] GC(348) Metaspace: 9471K(9728K)->9471K(9728K) NonClass: 8331K(8448K)->8331K(8448K) Class: 1140K(1280K)->1140K(1280K)
[2025-11-06T12:04:23.108+0700][32.754s][info][gc          ] GC(348) Pause Young (Concurrent Start) (G1 Humongous Allocation) 6650M->6650M(8132M) 0.609ms
[2025-11-06T12:04:23.108+0700][32.754s][info][gc,cpu      ] GC(348) User=0.00s Sys=0.00s Real=0.00s
[2025-11-06T12:04:23.108+0700][32.754s][info][gc          ] GC(349) Concurrent Mark Cycle
[2025-11-06T12:04:23.108+0700][32.754s][info][gc,marking  ] GC(349) Concurrent Clear Claimed Marks
[2025-11-06T12:04:23.108+0700][32.754s][info][gc,marking  ] GC(349) Concurrent Clear Claimed Marks 0.007ms
[2025-11-06T12:04:23.108+0700][32.754s][info][gc,marking  ] GC(349) Concurrent Scan Root Regions
[2025-11-06T12:04:23.108+0700][32.754s][info][gc,marking  ] GC(349) Concurrent Scan Root Regions 0.057ms
[2025-11-06T12:04:23.108+0700][32.754s][info][gc,marking  ] GC(349) Concurrent Mark
[2025-11-06T12:04:23.108+0700][32.754s][info][gc,marking  ] GC(349) Concurrent Mark From Roots
[2025-11-06T12:04:23.108+0700][32.754s][info][gc,task     ] GC(349) Using 5 workers of 5 for marking
[2025-11-06T12:04:23.110+0700][32.756s][info][gc,marking  ] GC(349) Concurrent Mark From Roots 2.161ms
[2025-11-06T12:04:23.110+0700][32.757s][info][gc,marking  ] GC(349) Concurrent Preclean
[2025-11-06T12:04:23.110+0700][32.757s][info][gc,marking  ] GC(349) Concurrent Preclean 0.107ms
[2025-11-06T12:04:23.110+0700][32.757s][info][gc,start    ] GC(349) Pause Remark
[2025-11-06T12:04:23.111+0700][32.757s][info][gc          ] GC(349) Pause Remark 6662M->6662M(8132M) 0.439ms
[2025-11-06T12:04:23.111+0700][32.757s][info][gc,cpu      ] GC(349) User=0.00s Sys=0.00s Real=0.00s
[2025-11-06T12:04:23.111+0700][32.757s][info][gc,marking  ] GC(349) Concurrent Mark 2.953ms
[2025-11-06T12:04:23.111+0700][32.757s][info][gc,marking  ] GC(349) Concurrent Rebuild Remembered Sets
[2025-11-06T12:04:23.112+0700][32.759s][info][gc,marking  ] GC(349) Concurrent Rebuild Remembered Sets 1.206ms
[2025-11-06T12:04:23.129+0700][32.775s][info][gc,start    ] GC(349) Pause Cleanup
[2025-11-06T12:04:23.129+0700][32.775s][info][gc          ] GC(349) Pause Cleanup 6674M->6674M(8132M) 0.177ms
[2025-11-06T12:04:23.129+0700][32.775s][info][gc,cpu      ] GC(349) User=0.00s Sys=0.00s Real=0.00s
[2025-11-06T12:04:23.129+0700][32.775s][info][gc,marking  ] GC(349) Concurrent Cleanup for Next Mark
[2025-11-06T12:04:23.138+0700][32.784s][info][gc,marking  ] GC(349) Concurrent Cleanup for Next Mark 9.014ms
[2025-11-06T12:04:23.138+0700][32.785s][info][gc          ] GC(349) Concurrent Mark Cycle 30.290ms
[2025-11-06T12:04:23.139+0700][32.785s][info][gc,start    ] GC(350) Pause Young (Concurrent Start) (G1 Humongous Allocation)
[2025-11-06T12:04:23.139+0700][32.785s][info][gc,task     ] GC(350) Using 20 workers of 20 for evacuation
[2025-11-06T12:04:23.140+0700][32.786s][info][gc,phases   ] GC(350)   Pre Evacuate Collection Set: 0.1ms
[2025-11-06T12:04:23.140+0700][32.786s][info][gc,phases   ] GC(350)   Merge Heap Roots: 0.1ms
[2025-11-06T12:04:23.140+0700][32.786s][info][gc,phases   ] GC(350)   Evacuate Collection Set: 0.1ms
[2025-11-06T12:04:23.140+0700][32.786s][info][gc,phases   ] GC(350)   Post Evacuate Collection Set: 0.1ms
[2025-11-06T12:04:23.140+0700][32.786s][info][gc,phases   ] GC(350)   Other: 0.2ms
[2025-11-06T12:04:23.140+0700][32.786s][info][gc,heap     ] GC(350) Eden regions: 0->0(152)
[2025-11-06T12:04:23.140+0700][32.786s][info][gc,heap     ] GC(350) Survivor regions: 1->1(21)
[2025-11-06T12:04:23.140+0700][32.786s][info][gc,heap     ] GC(350) Old regions: 1->1
[2025-11-06T12:04:23.140+0700][32.786s][info][gc,heap     ] GC(350) Archive regions: 0->0
[2025-11-06T12:04:23.140+0700][32.786s][info][gc,heap     ] GC(350) Humongous regions: 1674->1674
[2025-11-06T12:04:23.140+0700][32.786s][info][gc,metaspace] GC(350) Metaspace: 9471K(9728K)->9471K(9728K) NonClass: 8331K(8448K)->8331K(8448K) Class: 1140K(1280K)->1140K(1280K)
[2025-11-06T12:04:23.140+0700][32.786s][info][gc          ] GC(350) Pause Young (Concurrent Start) (G1 Humongous Allocation) 6698M->6698M(8132M) 0.655ms
[2025-11-06T12:04:23.140+0700][32.786s][info][gc,cpu      ] GC(350) User=0.00s Sys=0.00s Real=0.00s
[2025-11-06T12:04:23.140+0700][32.786s][info][gc          ] GC(351) Concurrent Mark Cycle
[2025-11-06T12:04:23.140+0700][32.786s][info][gc,marking  ] GC(351) Concurrent Clear Claimed Marks
[2025-11-06T12:04:23.140+0700][32.786s][info][gc,marking  ] GC(351) Concurrent Clear Claimed Marks 0.008ms
[2025-11-06T12:04:23.140+0700][32.786s][info][gc,marking  ] GC(351) Concurrent Scan Root Regions
[2025-11-06T12:04:23.140+0700][32.786s][info][gc,marking  ] GC(351) Concurrent Scan Root Regions 0.064ms
[2025-11-06T12:04:23.140+0700][32.786s][info][gc,marking  ] GC(351) Concurrent Mark
[2025-11-06T12:04:23.140+0700][32.786s][info][gc,marking  ] GC(351) Concurrent Mark From Roots
[2025-11-06T12:04:23.140+0700][32.786s][info][gc,task     ] GC(351) Using 5 workers of 5 for marking
[2025-11-06T12:04:23.142+0700][32.788s][info][gc,marking  ] GC(351) Concurrent Mark From Roots 2.335ms
[2025-11-06T12:04:23.142+0700][32.789s][info][gc,marking  ] GC(351) Concurrent Preclean
[2025-11-06T12:04:23.143+0700][32.789s][info][gc,marking  ] GC(351) Concurrent Preclean 0.119ms
[2025-11-06T12:04:23.143+0700][32.789s][info][gc,start    ] GC(351) Pause Remark
[2025-11-06T12:04:23.143+0700][32.789s][info][gc          ] GC(351) Pause Remark 6710M->6710M(8132M) 0.532ms
[2025-11-06T12:04:23.143+0700][32.789s][info][gc,cpu      ] GC(351) User=0.00s Sys=0.00s Real=0.00s
[2025-11-06T12:04:23.143+0700][32.789s][info][gc,marking  ] GC(351) Concurrent Mark 3.244ms
[2025-11-06T12:04:23.143+0700][32.789s][info][gc,marking  ] GC(351) Concurrent Rebuild Remembered Sets
[2025-11-06T12:04:23.144+0700][32.791s][info][gc,marking  ] GC(351) Concurrent Rebuild Remembered Sets 1.157ms
[2025-11-06T12:04:23.161+0700][32.807s][info][gc,start    ] GC(351) Pause Cleanup
[2025-11-06T12:04:23.161+0700][32.807s][info][gc          ] GC(351) Pause Cleanup 6722M->6722M(8132M) 0.196ms
[2025-11-06T12:04:23.161+0700][32.807s][info][gc,cpu      ] GC(351) User=0.00s Sys=0.00s Real=0.00s
[2025-11-06T12:04:23.161+0700][32.807s][info][gc,marking  ] GC(351) Concurrent Cleanup for Next Mark
[2025-11-06T12:04:23.169+0700][32.815s][info][gc,marking  ] GC(351) Concurrent Cleanup for Next Mark 7.836ms
[2025-11-06T12:04:23.169+0700][32.815s][info][gc          ] GC(351) Concurrent Mark Cycle 28.792ms
[2025-11-06T12:04:23.672+0700][33.318s][info][gc,start    ] GC(352) Pause Young (Concurrent Start) (G1 Humongous Allocation)
[2025-11-06T12:04:23.672+0700][33.318s][info][gc,task     ] GC(352) Using 20 workers of 20 for evacuation
[2025-11-06T12:04:23.672+0700][33.319s][info][gc,phases   ] GC(352)   Pre Evacuate Collection Set: 0.2ms
[2025-11-06T12:04:23.672+0700][33.319s][info][gc,phases   ] GC(352)   Merge Heap Roots: 0.1ms
[2025-11-06T12:04:23.672+0700][33.319s][info][gc,phases   ] GC(352)   Evacuate Collection Set: 0.2ms
[2025-11-06T12:04:23.672+0700][33.319s][info][gc,phases   ] GC(352)   Post Evacuate Collection Set: 0.1ms
[2025-11-06T12:04:23.672+0700][33.319s][info][gc,phases   ] GC(352)   Other: 0.2ms
[2025-11-06T12:04:23.672+0700][33.319s][info][gc,heap     ] GC(352) Eden regions: 1->0(146)
[2025-11-06T12:04:23.672+0700][33.319s][info][gc,heap     ] GC(352) Survivor regions: 1->1(20)
[2025-11-06T12:04:23.672+0700][33.319s][info][gc,heap     ] GC(352) Old regions: 1->1
[2025-11-06T12:04:23.672+0700][33.319s][info][gc,heap     ] GC(352) Archive regions: 0->0
[2025-11-06T12:04:23.672+0700][33.319s][info][gc,heap     ] GC(352) Humongous regions: 1680->1680
[2025-11-06T12:04:23.672+0700][33.319s][info][gc,metaspace] GC(352) Metaspace: 9471K(9728K)->9471K(9728K) NonClass: 8331K(8448K)->8331K(8448K) Class: 1140K(1280K)->1140K(1280K)
[2025-11-06T12:04:23.672+0700][33.319s][info][gc          ] GC(352) Pause Young (Concurrent Start) (G1 Humongous Allocation) 6724M->6722M(8132M) 0.750ms
[2025-11-06T12:04:23.672+0700][33.319s][info][gc,cpu      ] GC(352) User=0.00s Sys=0.00s Real=0.00s
[2025-11-06T12:04:23.672+0700][33.319s][info][gc          ] GC(353) Concurrent Mark Cycle
[2025-11-06T12:04:23.672+0700][33.319s][info][gc,marking  ] GC(353) Concurrent Clear Claimed Marks
[2025-11-06T12:04:23.673+0700][33.319s][info][gc,marking  ] GC(353) Concurrent Clear Claimed Marks 0.008ms
[2025-11-06T12:04:23.673+0700][33.319s][info][gc,marking  ] GC(353) Concurrent Scan Root Regions
[2025-11-06T12:04:23.673+0700][33.319s][info][gc,marking  ] GC(353) Concurrent Scan Root Regions 0.091ms
[2025-11-06T12:04:23.673+0700][33.319s][info][gc,marking  ] GC(353) Concurrent Mark
[2025-11-06T12:04:23.673+0700][33.319s][info][gc,marking  ] GC(353) Concurrent Mark From Roots
[2025-11-06T12:04:23.673+0700][33.319s][info][gc,task     ] GC(353) Using 5 workers of 5 for marking
[2025-11-06T12:04:23.675+0700][33.321s][info][gc,marking  ] GC(353) Concurrent Mark From Roots 2.374ms
[2025-11-06T12:04:23.675+0700][33.321s][info][gc,marking  ] GC(353) Concurrent Preclean
[2025-11-06T12:04:23.675+0700][33.321s][info][gc,marking  ] GC(353) Concurrent Preclean 0.101ms
[2025-11-06T12:04:23.676+0700][33.322s][info][gc,start    ] GC(353) Pause Remark
[2025-11-06T12:04:23.677+0700][33.323s][info][gc          ] GC(353) Pause Remark 6734M->6734M(8132M) 0.508ms
[2025-11-06T12:04:23.677+0700][33.323s][info][gc,cpu      ] GC(353) User=0.00s Sys=0.00s Real=0.00s
[2025-11-06T12:04:23.677+0700][33.323s][info][gc,marking  ] GC(353) Concurrent Mark 3.929ms
[2025-11-06T12:04:23.677+0700][33.323s][info][gc,marking  ] GC(353) Concurrent Rebuild Remembered Sets
[2025-11-06T12:04:23.678+0700][33.324s][info][gc,marking  ] GC(353) Concurrent Rebuild Remembered Sets 1.169ms
[2025-11-06T12:04:23.688+0700][33.334s][info][gc,start    ] GC(353) Pause Cleanup
[2025-11-06T12:04:23.688+0700][33.334s][info][gc          ] GC(353) Pause Cleanup 6746M->6746M(8132M) 0.260ms
[2025-11-06T12:04:23.688+0700][33.334s][info][gc,cpu      ] GC(353) User=0.00s Sys=0.00s Real=0.00s
[2025-11-06T12:04:23.688+0700][33.334s][info][gc,marking  ] GC(353) Concurrent Cleanup for Next Mark
[2025-11-06T12:04:23.696+0700][33.343s][info][gc,marking  ] GC(353) Concurrent Cleanup for Next Mark 8.599ms
[2025-11-06T12:04:23.697+0700][33.343s][info][gc          ] GC(353) Concurrent Mark Cycle 24.067ms
[2025-11-06T12:04:23.698+0700][33.344s][info][gc,start    ] GC(354) Pause Young (Concurrent Start) (G1 Humongous Allocation)
[2025-11-06T12:04:23.698+0700][33.344s][info][gc,task     ] GC(354) Using 20 workers of 20 for evacuation
[2025-11-06T12:04:23.699+0700][33.345s][info][gc,phases   ] GC(354)   Pre Evacuate Collection Set: 0.3ms
[2025-11-06T12:04:23.699+0700][33.345s][info][gc,phases   ] GC(354)   Merge Heap Roots: 0.1ms
[2025-11-06T12:04:23.699+0700][33.345s][info][gc,phases   ] GC(354)   Evacuate Collection Set: 0.2ms
[2025-11-06T12:04:23.699+0700][33.345s][info][gc,phases   ] GC(354)   Post Evacuate Collection Set: 0.1ms
[2025-11-06T12:04:23.699+0700][33.345s][info][gc,phases   ] GC(354)   Other: 0.2ms
[2025-11-06T12:04:23.699+0700][33.345s][info][gc,heap     ] GC(354) Eden regions: 0->0(131)
[2025-11-06T12:04:23.699+0700][33.345s][info][gc,heap     ] GC(354) Survivor regions: 1->1(19)
[2025-11-06T12:04:23.699+0700][33.345s][info][gc,heap     ] GC(354) Old regions: 1->1
[2025-11-06T12:04:23.699+0700][33.345s][info][gc,heap     ] GC(354) Archive regions: 0->0
[2025-11-06T12:04:23.699+0700][33.345s][info][gc,heap     ] GC(354) Humongous regions: 1695->1695
[2025-11-06T12:04:23.699+0700][33.345s][info][gc,metaspace] GC(354) Metaspace: 9471K(9728K)->9471K(9728K) NonClass: 8331K(8448K)->8331K(8448K) Class: 1140K(1280K)->1140K(1280K)
[2025-11-06T12:04:23.699+0700][33.345s][info][gc          ] GC(354) Pause Young (Concurrent Start) (G1 Humongous Allocation) 6782M->6782M(8132M) 0.886ms
[2025-11-06T12:04:23.699+0700][33.345s][info][gc,cpu      ] GC(354) User=0.00s Sys=0.00s Real=0.00s
[2025-11-06T12:04:23.699+0700][33.345s][info][gc          ] GC(355) Concurrent Mark Cycle
[2025-11-06T12:04:23.699+0700][33.345s][info][gc,marking  ] GC(355) Concurrent Clear Claimed Marks
[2025-11-06T12:04:23.699+0700][33.345s][info][gc,marking  ] GC(355) Concurrent Clear Claimed Marks 0.015ms
[2025-11-06T12:04:23.699+0700][33.345s][info][gc,marking  ] GC(355) Concurrent Scan Root Regions
[2025-11-06T12:04:23.699+0700][33.345s][info][gc,marking  ] GC(355) Concurrent Scan Root Regions 0.110ms
[2025-11-06T12:04:23.699+0700][33.345s][info][gc,marking  ] GC(355) Concurrent Mark
[2025-11-06T12:04:23.699+0700][33.345s][info][gc,marking  ] GC(355) Concurrent Mark From Roots
[2025-11-06T12:04:23.699+0700][33.345s][info][gc,task     ] GC(355) Using 5 workers of 5 for marking
[2025-11-06T12:04:23.702+0700][33.348s][info][gc,marking  ] GC(355) Concurrent Mark From Roots 2.719ms
[2025-11-06T12:04:23.702+0700][33.348s][info][gc,marking  ] GC(355) Concurrent Preclean
[2025-11-06T12:04:23.702+0700][33.348s][info][gc,marking  ] GC(355) Concurrent Preclean 0.106ms
[2025-11-06T12:04:23.703+0700][33.349s][info][gc,start    ] GC(355) Pause Remark
[2025-11-06T12:04:23.704+0700][33.350s][info][gc          ] GC(355) Pause Remark 6794M->6794M(8132M) 0.874ms
[2025-11-06T12:04:23.704+0700][33.350s][info][gc,cpu      ] GC(355) User=0.00s Sys=0.00s Real=0.00s
[2025-11-06T12:04:23.704+0700][33.350s][info][gc,marking  ] GC(355) Concurrent Mark 4.564ms
[2025-11-06T12:04:23.704+0700][33.350s][info][gc,marking  ] GC(355) Concurrent Rebuild Remembered Sets
[2025-11-06T12:04:23.705+0700][33.351s][info][gc,marking  ] GC(355) Concurrent Rebuild Remembered Sets 1.356ms
[2025-11-06T12:04:23.719+0700][33.365s][info][gc,start    ] GC(355) Pause Cleanup
[2025-11-06T12:04:23.719+0700][33.365s][info][gc          ] GC(355) Pause Cleanup 6806M->6806M(8132M) 0.371ms
[2025-11-06T12:04:23.719+0700][33.365s][info][gc,cpu      ] GC(355) User=0.00s Sys=0.00s Real=0.00s
[2025-11-06T12:04:23.719+0700][33.365s][info][gc,marking  ] GC(355) Concurrent Cleanup for Next Mark
[2025-11-06T12:04:23.728+0700][33.374s][info][gc,marking  ] GC(355) Concurrent Cleanup for Next Mark 8.361ms
[2025-11-06T12:04:23.728+0700][33.374s][info][gc          ] GC(355) Concurrent Mark Cycle 28.744ms
[2025-11-06T12:04:23.728+0700][33.374s][info][gc,start    ] GC(356) Pause Young (Concurrent Start) (G1 Humongous Allocation)
[2025-11-06T12:04:23.728+0700][33.374s][info][gc,task     ] GC(356) Using 20 workers of 20 for evacuation
[2025-11-06T12:04:23.729+0700][33.375s][info][gc,phases   ] GC(356)   Pre Evacuate Collection Set: 0.3ms
[2025-11-06T12:04:23.729+0700][33.375s][info][gc,phases   ] GC(356)   Merge Heap Roots: 0.1ms
[2025-11-06T12:04:23.729+0700][33.375s][info][gc,phases   ] GC(356)   Evacuate Collection Set: 0.2ms
[2025-11-06T12:04:23.729+0700][33.375s][info][gc,phases   ] GC(356)   Post Evacuate Collection Set: 0.3ms
[2025-11-06T12:04:23.729+0700][33.375s][info][gc,phases   ] GC(356)   Other: 0.2ms
[2025-11-06T12:04:23.729+0700][33.375s][info][gc,heap     ] GC(356) Eden regions: 0->0(119)
[2025-11-06T12:04:23.729+0700][33.375s][info][gc,heap     ] GC(356) Survivor regions: 1->1(17)
[2025-11-06T12:04:23.729+0700][33.375s][info][gc,heap     ] GC(356) Old regions: 1->1
[2025-11-06T12:04:23.729+0700][33.375s][info][gc,heap     ] GC(356) Archive regions: 0->0
[2025-11-06T12:04:23.729+0700][33.375s][info][gc,heap     ] GC(356) Humongous regions: 1707->1707
[2025-11-06T12:04:23.729+0700][33.375s][info][gc,metaspace] GC(356) Metaspace: 9471K(9728K)->9471K(9728K) NonClass: 8331K(8448K)->8331K(8448K) Class: 1140K(1280K)->1140K(1280K)
[2025-11-06T12:04:23.729+0700][33.375s][info][gc          ] GC(356) Pause Young (Concurrent Start) (G1 Humongous Allocation) 6830M->6830M(8132M) 1.036ms
[2025-11-06T12:04:23.729+0700][33.375s][info][gc,cpu      ] GC(356) User=0.00s Sys=0.00s Real=0.00s
[2025-11-06T12:04:23.729+0700][33.375s][info][gc          ] GC(357) Concurrent Mark Cycle
[2025-11-06T12:04:23.729+0700][33.375s][info][gc,marking  ] GC(357) Concurrent Clear Claimed Marks
[2025-11-06T12:04:23.729+0700][33.375s][info][gc,marking  ] GC(357) Concurrent Clear Claimed Marks 0.008ms
[2025-11-06T12:04:23.729+0700][33.375s][info][gc,marking  ] GC(357) Concurrent Scan Root Regions
[2025-11-06T12:04:23.729+0700][33.375s][info][gc,marking  ] GC(357) Concurrent Scan Root Regions 0.051ms
[2025-11-06T12:04:23.729+0700][33.375s][info][gc,marking  ] GC(357) Concurrent Mark
[2025-11-06T12:04:23.729+0700][33.375s][info][gc,marking  ] GC(357) Concurrent Mark From Roots
[2025-11-06T12:04:23.729+0700][33.375s][info][gc,task     ] GC(357) Using 5 workers of 5 for marking
[2025-11-06T12:04:23.732+0700][33.378s][info][gc,marking  ] GC(357) Concurrent Mark From Roots 2.371ms
[2025-11-06T12:04:23.732+0700][33.378s][info][gc,marking  ] GC(357) Concurrent Preclean
[2025-11-06T12:04:23.732+0700][33.378s][info][gc,marking  ] GC(357) Concurrent Preclean 0.102ms
[2025-11-06T12:04:23.732+0700][33.378s][info][gc,start    ] GC(357) Pause Remark
[2025-11-06T12:04:23.733+0700][33.379s][info][gc          ] GC(357) Pause Remark 6842M->6842M(8132M) 0.510ms
[2025-11-06T12:04:23.733+0700][33.379s][info][gc,cpu      ] GC(357) User=0.00s Sys=0.00s Real=0.00s
[2025-11-06T12:04:23.733+0700][33.379s][info][gc,marking  ] GC(357) Concurrent Mark 3.539ms
[2025-11-06T12:04:23.733+0700][33.379s][info][gc,marking  ] GC(357) Concurrent Rebuild Remembered Sets
[2025-11-06T12:04:23.734+0700][33.380s][info][gc,marking  ] GC(357) Concurrent Rebuild Remembered Sets 1.089ms
[2025-11-06T12:04:23.734+0700][33.380s][info][gc,start    ] GC(357) Pause Cleanup
[2025-11-06T12:04:23.734+0700][33.380s][info][gc          ] GC(357) Pause Cleanup 6844M->6844M(8132M) 0.124ms
[2025-11-06T12:04:23.734+0700][33.380s][info][gc,cpu      ] GC(357) User=0.00s Sys=0.00s Real=0.00s
[2025-11-06T12:04:23.734+0700][33.380s][info][gc,marking  ] GC(357) Concurrent Cleanup for Next Mark
[2025-11-06T12:04:23.742+0700][33.388s][info][gc,marking  ] GC(357) Concurrent Cleanup for Next Mark 8.166ms
[2025-11-06T12:04:23.742+0700][33.389s][info][gc          ] GC(357) Concurrent Mark Cycle 13.238ms
[2025-11-06T12:04:24.248+0700][33.894s][info][gc,start    ] GC(358) Pause Young (Concurrent Start) (G1 Humongous Allocation)
[2025-11-06T12:04:24.248+0700][33.894s][info][gc,task     ] GC(358) Using 20 workers of 20 for evacuation
[2025-11-06T12:04:24.248+0700][33.894s][info][gc,phases   ] GC(358)   Pre Evacuate Collection Set: 0.2ms
[2025-11-06T12:04:24.248+0700][33.894s][info][gc,phases   ] GC(358)   Merge Heap Roots: 0.0ms
[2025-11-06T12:04:24.248+0700][33.894s][info][gc,phases   ] GC(358)   Evacuate Collection Set: 0.2ms
[2025-11-06T12:04:24.248+0700][33.894s][info][gc,phases   ] GC(358)   Post Evacuate Collection Set: 0.1ms
[2025-11-06T12:04:24.248+0700][33.894s][info][gc,phases   ] GC(358)   Other: 0.2ms
[2025-11-06T12:04:24.248+0700][33.894s][info][gc,heap     ] GC(358) Eden regions: 1->0(116)
[2025-11-06T12:04:24.248+0700][33.894s][info][gc,heap     ] GC(358) Survivor regions: 1->1(15)
[2025-11-06T12:04:24.248+0700][33.894s][info][gc,heap     ] GC(358) Old regions: 1->1
[2025-11-06T12:04:24.248+0700][33.894s][info][gc,heap     ] GC(358) Archive regions: 0->0
[2025-11-06T12:04:24.248+0700][33.894s][info][gc,heap     ] GC(358) Humongous regions: 1710->1710
[2025-11-06T12:04:24.248+0700][33.894s][info][gc,metaspace] GC(358) Metaspace: 9471K(9728K)->9471K(9728K) NonClass: 8331K(8448K)->8331K(8448K) Class: 1140K(1280K)->1140K(1280K)
[2025-11-06T12:04:24.248+0700][33.894s][info][gc          ] GC(358) Pause Young (Concurrent Start) (G1 Humongous Allocation) 6844M->6842M(8132M) 0.711ms
[2025-11-06T12:04:24.248+0700][33.894s][info][gc,cpu      ] GC(358) User=0.00s Sys=0.00s Real=0.00s
[2025-11-06T12:04:24.248+0700][33.894s][info][gc          ] GC(359) Concurrent Mark Cycle
[2025-11-06T12:04:24.248+0700][33.895s][info][gc,marking  ] GC(359) Concurrent Clear Claimed Marks
[2025-11-06T12:04:24.248+0700][33.895s][info][gc,marking  ] GC(359) Concurrent Clear Claimed Marks 0.010ms
[2025-11-06T12:04:24.248+0700][33.895s][info][gc,marking  ] GC(359) Concurrent Scan Root Regions
[2025-11-06T12:04:24.249+0700][33.895s][info][gc,marking  ] GC(359) Concurrent Scan Root Regions 0.059ms
[2025-11-06T12:04:24.249+0700][33.895s][info][gc,marking  ] GC(359) Concurrent Mark
[2025-11-06T12:04:24.249+0700][33.895s][info][gc,marking  ] GC(359) Concurrent Mark From Roots
[2025-11-06T12:04:24.249+0700][33.895s][info][gc,task     ] GC(359) Using 5 workers of 5 for marking
[2025-11-06T12:04:24.251+0700][33.897s][info][gc,marking  ] GC(359) Concurrent Mark From Roots 2.298ms
[2025-11-06T12:04:24.251+0700][33.897s][info][gc,marking  ] GC(359) Concurrent Preclean
[2025-11-06T12:04:24.251+0700][33.897s][info][gc,marking  ] GC(359) Concurrent Preclean 0.108ms
[2025-11-06T12:04:24.252+0700][33.898s][info][gc,start    ] GC(359) Pause Remark
[2025-11-06T12:04:24.252+0700][33.898s][info][gc          ] GC(359) Pause Remark 6854M->6854M(8132M) 0.747ms
[2025-11-06T12:04:24.252+0700][33.898s][info][gc,cpu      ] GC(359) User=0.00s Sys=0.00s Real=0.00s
[2025-11-06T12:04:24.252+0700][33.898s][info][gc,marking  ] GC(359) Concurrent Mark 3.843ms
[2025-11-06T12:04:24.252+0700][33.898s][info][gc,marking  ] GC(359) Concurrent Rebuild Remembered Sets
[2025-11-06T12:04:24.254+0700][33.900s][info][gc,marking  ] GC(359) Concurrent Rebuild Remembered Sets 1.366ms
[2025-11-06T12:04:24.263+0700][33.909s][info][gc,start    ] GC(359) Pause Cleanup
[2025-11-06T12:04:24.263+0700][33.909s][info][gc          ] GC(359) Pause Cleanup 6866M->6866M(8132M) 0.375ms
[2025-11-06T12:04:24.263+0700][33.909s][info][gc,cpu      ] GC(359) User=0.00s Sys=0.00s Real=0.00s
[2025-11-06T12:04:24.263+0700][33.909s][info][gc,marking  ] GC(359) Concurrent Cleanup for Next Mark
[2025-11-06T12:04:24.273+0700][33.919s][info][gc,marking  ] GC(359) Concurrent Cleanup for Next Mark 9.545ms
[2025-11-06T12:04:24.273+0700][33.919s][info][gc          ] GC(359) Concurrent Mark Cycle 24.317ms
[2025-11-06T12:04:24.274+0700][33.920s][info][gc,start    ] GC(360) Pause Young (Concurrent Start) (G1 Humongous Allocation)
[2025-11-06T12:04:24.274+0700][33.920s][info][gc,task     ] GC(360) Using 20 workers of 20 for evacuation
[2025-11-06T12:04:24.275+0700][33.921s][info][gc,phases   ] GC(360)   Pre Evacuate Collection Set: 0.2ms
[2025-11-06T12:04:24.275+0700][33.921s][info][gc,phases   ] GC(360)   Merge Heap Roots: 0.1ms
[2025-11-06T12:04:24.275+0700][33.921s][info][gc,phases   ] GC(360)   Evacuate Collection Set: 0.2ms
[2025-11-06T12:04:24.275+0700][33.921s][info][gc,phases   ] GC(360)   Post Evacuate Collection Set: 0.1ms
[2025-11-06T12:04:24.275+0700][33.921s][info][gc,phases   ] GC(360)   Other: 0.2ms
[2025-11-06T12:04:24.275+0700][33.921s][info][gc,heap     ] GC(360) Eden regions: 0->0(101)
[2025-11-06T12:04:24.275+0700][33.921s][info][gc,heap     ] GC(360) Survivor regions: 1->1(15)
[2025-11-06T12:04:24.275+0700][33.921s][info][gc,heap     ] GC(360) Old regions: 1->1
[2025-11-06T12:04:24.275+0700][33.921s][info][gc,heap     ] GC(360) Archive regions: 0->0
[2025-11-06T12:04:24.275+0700][33.921s][info][gc,heap     ] GC(360) Humongous regions: 1725->1725
[2025-11-06T12:04:24.275+0700][33.921s][info][gc,metaspace] GC(360) Metaspace: 9471K(9728K)->9471K(9728K) NonClass: 8331K(8448K)->8331K(8448K) Class: 1140K(1280K)->1140K(1280K)
[2025-11-06T12:04:24.275+0700][33.921s][info][gc          ] GC(360) Pause Young (Concurrent Start) (G1 Humongous Allocation) 6902M->6902M(8132M) 0.758ms
[2025-11-06T12:04:24.275+0700][33.921s][info][gc,cpu      ] GC(360) User=0.00s Sys=0.00s Real=0.00s
[2025-11-06T12:04:24.275+0700][33.921s][info][gc          ] GC(361) Concurrent Mark Cycle
[2025-11-06T12:04:24.275+0700][33.921s][info][gc,marking  ] GC(361) Concurrent Clear Claimed Marks
[2025-11-06T12:04:24.275+0700][33.921s][info][gc,marking  ] GC(361) Concurrent Clear Claimed Marks 0.013ms
[2025-11-06T12:04:24.275+0700][33.921s][info][gc,marking  ] GC(361) Concurrent Scan Root Regions
[2025-11-06T12:04:24.275+0700][33.921s][info][gc,marking  ] GC(361) Concurrent Scan Root Regions 0.065ms
[2025-11-06T12:04:24.275+0700][33.921s][info][gc,marking  ] GC(361) Concurrent Mark
[2025-11-06T12:04:24.275+0700][33.921s][info][gc,marking  ] GC(361) Concurrent Mark From Roots
[2025-11-06T12:04:24.275+0700][33.921s][info][gc,task     ] GC(361) Using 5 workers of 5 for marking
[2025-11-06T12:04:24.278+0700][33.924s][info][gc,marking  ] GC(361) Concurrent Mark From Roots 2.375ms
[2025-11-06T12:04:24.278+0700][33.924s][info][gc,marking  ] GC(361) Concurrent Preclean
[2025-11-06T12:04:24.278+0700][33.924s][info][gc,marking  ] GC(361) Concurrent Preclean 0.165ms
[2025-11-06T12:04:24.279+0700][33.925s][info][gc,start    ] GC(361) Pause Remark
[2025-11-06T12:04:24.279+0700][33.925s][info][gc          ] GC(361) Pause Remark 6914M->6914M(8132M) 0.561ms
[2025-11-06T12:04:24.279+0700][33.925s][info][gc,cpu      ] GC(361) User=0.00s Sys=0.00s Real=0.00s
[2025-11-06T12:04:24.279+0700][33.925s][info][gc,marking  ] GC(361) Concurrent Mark 4.008ms
[2025-11-06T12:04:24.279+0700][33.925s][info][gc,marking  ] GC(361) Concurrent Rebuild Remembered Sets
[2025-11-06T12:04:24.280+0700][33.926s][info][gc,marking  ] GC(361) Concurrent Rebuild Remembered Sets 1.153ms
[2025-11-06T12:04:24.293+0700][33.939s][info][gc,start    ] GC(361) Pause Cleanup
[2025-11-06T12:04:24.293+0700][33.939s][info][gc          ] GC(361) Pause Cleanup 6926M->6926M(8132M) 0.226ms
[2025-11-06T12:04:24.293+0700][33.939s][info][gc,cpu      ] GC(361) User=0.00s Sys=0.00s Real=0.00s
[2025-11-06T12:04:24.293+0700][33.939s][info][gc,marking  ] GC(361) Concurrent Cleanup for Next Mark
[2025-11-06T12:04:24.301+0700][33.947s][info][gc,marking  ] GC(361) Concurrent Cleanup for Next Mark 8.162ms
[2025-11-06T12:04:24.301+0700][33.947s][info][gc          ] GC(361) Concurrent Mark Cycle 26.168ms
[2025-11-06T12:04:24.819+0700][34.465s][info][gc,start    ] GC(362) Pause Young (Concurrent Start) (G1 Humongous Allocation)
[2025-11-06T12:04:24.819+0700][34.465s][info][gc,task     ] GC(362) Using 20 workers of 20 for evacuation
[2025-11-06T12:04:24.819+0700][34.466s][info][gc,phases   ] GC(362)   Pre Evacuate Collection Set: 0.2ms
[2025-11-06T12:04:24.819+0700][34.466s][info][gc,phases   ] GC(362)   Merge Heap Roots: 0.1ms
[2025-11-06T12:04:24.819+0700][34.466s][info][gc,phases   ] GC(362)   Evacuate Collection Set: 0.1ms
[2025-11-06T12:04:24.819+0700][34.466s][info][gc,phases   ] GC(362)   Post Evacuate Collection Set: 0.1ms
[2025-11-06T12:04:24.819+0700][34.466s][info][gc,phases   ] GC(362)   Other: 0.3ms
[2025-11-06T12:04:24.819+0700][34.466s][info][gc,heap     ] GC(362) Eden regions: 1->0(100)
[2025-11-06T12:04:24.819+0700][34.466s][info][gc,heap     ] GC(362) Survivor regions: 1->1(13)
[2025-11-06T12:04:24.819+0700][34.466s][info][gc,heap     ] GC(362) Old regions: 1->1
[2025-11-06T12:04:24.820+0700][34.466s][info][gc,heap     ] GC(362) Archive regions: 0->0
[2025-11-06T12:04:24.820+0700][34.466s][info][gc,heap     ] GC(362) Humongous regions: 1740->1740
[2025-11-06T12:04:24.820+0700][34.466s][info][gc,metaspace] GC(362) Metaspace: 9471K(9728K)->9471K(9728K) NonClass: 8331K(8448K)->8331K(8448K) Class: 1140K(1280K)->1140K(1280K)
[2025-11-06T12:04:24.820+0700][34.466s][info][gc          ] GC(362) Pause Young (Concurrent Start) (G1 Humongous Allocation) 6964M->6962M(8132M) 0.862ms
[2025-11-06T12:04:24.820+0700][34.466s][info][gc,cpu      ] GC(362) User=0.00s Sys=0.00s Real=0.00s
[2025-11-06T12:04:24.820+0700][34.466s][info][gc          ] GC(363) Concurrent Mark Cycle
[2025-11-06T12:04:24.820+0700][34.466s][info][gc,marking  ] GC(363) Concurrent Clear Claimed Marks
[2025-11-06T12:04:24.820+0700][34.466s][info][gc,marking  ] GC(363) Concurrent Clear Claimed Marks 0.017ms
[2025-11-06T12:04:24.820+0700][34.466s][info][gc,marking  ] GC(363) Concurrent Scan Root Regions
[2025-11-06T12:04:24.820+0700][34.466s][info][gc,marking  ] GC(363) Concurrent Scan Root Regions 0.084ms
[2025-11-06T12:04:24.820+0700][34.466s][info][gc,marking  ] GC(363) Concurrent Mark
[2025-11-06T12:04:24.820+0700][34.466s][info][gc,marking  ] GC(363) Concurrent Mark From Roots
[2025-11-06T12:04:24.820+0700][34.466s][info][gc,task     ] GC(363) Using 5 workers of 5 for marking
[2025-11-06T12:04:24.822+0700][34.469s][info][gc,marking  ] GC(363) Concurrent Mark From Roots 2.482ms
[2025-11-06T12:04:24.822+0700][34.469s][info][gc,marking  ] GC(363) Concurrent Preclean
[2025-11-06T12:04:24.822+0700][34.469s][info][gc,marking  ] GC(363) Concurrent Preclean 0.105ms
[2025-11-06T12:04:24.823+0700][34.469s][info][gc,start    ] GC(363) Pause Remark
[2025-11-06T12:04:24.823+0700][34.470s][info][gc          ] GC(363) Pause Remark 6974M->6974M(8132M) 0.548ms
[2025-11-06T12:04:24.823+0700][34.470s][info][gc,cpu      ] GC(363) User=0.00s Sys=0.00s Real=0.00s
[2025-11-06T12:04:24.824+0700][34.470s][info][gc,marking  ] GC(363) Concurrent Mark 3.782ms
[2025-11-06T12:04:24.824+0700][34.470s][info][gc,marking  ] GC(363) Concurrent Rebuild Remembered Sets
[2025-11-06T12:04:24.825+0700][34.471s][info][gc,marking  ] GC(363) Concurrent Rebuild Remembered Sets 1.088ms
[2025-11-06T12:04:24.834+0700][34.480s][info][gc,start    ] GC(363) Pause Cleanup
[2025-11-06T12:04:24.834+0700][34.480s][info][gc          ] GC(363) Pause Cleanup 6986M->6986M(8132M) 0.243ms
[2025-11-06T12:04:24.834+0700][34.480s][info][gc,cpu      ] GC(363) User=0.00s Sys=0.00s Real=0.00s
[2025-11-06T12:04:24.834+0700][34.480s][info][gc,marking  ] GC(363) Concurrent Cleanup for Next Mark
[2025-11-06T12:04:24.842+0700][34.489s][info][gc,marking  ] GC(363) Concurrent Cleanup for Next Mark 8.361ms
[2025-11-06T12:04:24.842+0700][34.489s][info][gc          ] GC(363) Concurrent Mark Cycle 22.833ms
[2025-11-06T12:04:24.844+0700][34.491s][info][gc,start    ] GC(364) Pause Young (Concurrent Start) (G1 Humongous Allocation)
[2025-11-06T12:04:24.844+0700][34.491s][info][gc,task     ] GC(364) Using 20 workers of 20 for evacuation
[2025-11-06T12:04:24.845+0700][34.491s][info][gc,phases   ] GC(364)   Pre Evacuate Collection Set: 0.2ms
[2025-11-06T12:04:24.845+0700][34.491s][info][gc,phases   ] GC(364)   Merge Heap Roots: 0.1ms
[2025-11-06T12:04:24.845+0700][34.491s][info][gc,phases   ] GC(364)   Evacuate Collection Set: 0.1ms
[2025-11-06T12:04:24.845+0700][34.491s][info][gc,phases   ] GC(364)   Post Evacuate Collection Set: 0.1ms
[2025-11-06T12:04:24.845+0700][34.491s][info][gc,phases   ] GC(364)   Other: 0.1ms
[2025-11-06T12:04:24.845+0700][34.491s][info][gc,heap     ] GC(364) Eden regions: 0->0(100)
[2025-11-06T12:04:24.845+0700][34.491s][info][gc,heap     ] GC(364) Survivor regions: 1->1(13)
[2025-11-06T12:04:24.845+0700][34.491s][info][gc,heap     ] GC(364) Old regions: 1->1
[2025-11-06T12:04:24.845+0700][34.491s][info][gc,heap     ] GC(364) Archive regions: 0->0
[2025-11-06T12:04:24.845+0700][34.491s][info][gc,heap     ] GC(364) Humongous regions: 1752->1752
[2025-11-06T12:04:24.845+0700][34.491s][info][gc,metaspace] GC(364) Metaspace: 9471K(9728K)->9471K(9728K) NonClass: 8331K(8448K)->8331K(8448K) Class: 1140K(1280K)->1140K(1280K)
[2025-11-06T12:04:24.845+0700][34.491s][info][gc          ] GC(364) Pause Young (Concurrent Start) (G1 Humongous Allocation) 7010M->7010M(8132M) 0.715ms
[2025-11-06T12:04:24.845+0700][34.491s][info][gc,cpu      ] GC(364) User=0.00s Sys=0.00s Real=0.00s
[2025-11-06T12:04:24.845+0700][34.491s][info][gc          ] GC(365) Concurrent Mark Cycle
[2025-11-06T12:04:24.845+0700][34.491s][info][gc,marking  ] GC(365) Concurrent Clear Claimed Marks
[2025-11-06T12:04:24.845+0700][34.491s][info][gc,marking  ] GC(365) Concurrent Clear Claimed Marks 0.006ms
[2025-11-06T12:04:24.845+0700][34.491s][info][gc,marking  ] GC(365) Concurrent Scan Root Regions
[2025-11-06T12:04:24.845+0700][34.491s][info][gc,marking  ] GC(365) Concurrent Scan Root Regions 0.053ms
[2025-11-06T12:04:24.845+0700][34.491s][info][gc,marking  ] GC(365) Concurrent Mark
[2025-11-06T12:04:24.845+0700][34.491s][info][gc,marking  ] GC(365) Concurrent Mark From Roots
[2025-11-06T12:04:24.845+0700][34.491s][info][gc,task     ] GC(365) Using 5 workers of 5 for marking
[2025-11-06T12:04:24.848+0700][34.494s][info][gc,marking  ] GC(365) Concurrent Mark From Roots 2.468ms
[2025-11-06T12:04:24.848+0700][34.494s][info][gc,marking  ] GC(365) Concurrent Preclean
[2025-11-06T12:04:24.848+0700][34.494s][info][gc,marking  ] GC(365) Concurrent Preclean 0.103ms
[2025-11-06T12:04:24.848+0700][34.494s][info][gc,start    ] GC(365) Pause Remark
[2025-11-06T12:04:24.848+0700][34.495s][info][gc          ] GC(365) Pause Remark 7022M->7022M(8132M) 0.522ms
[2025-11-06T12:04:24.848+0700][34.495s][info][gc,cpu      ] GC(365) User=0.00s Sys=0.00s Real=0.00s
[2025-11-06T12:04:24.848+0700][34.495s][info][gc,marking  ] GC(365) Concurrent Mark 3.279ms
[2025-11-06T12:04:24.848+0700][34.495s][info][gc,marking  ] GC(365) Concurrent Rebuild Remembered Sets
[2025-11-06T12:04:24.850+0700][34.496s][info][gc,marking  ] GC(365) Concurrent Rebuild Remembered Sets 1.158ms
[2025-11-06T12:04:24.864+0700][34.510s][info][gc,start    ] GC(365) Pause Cleanup
[2025-11-06T12:04:24.864+0700][34.510s][info][gc          ] GC(365) Pause Cleanup 7034M->7034M(8132M) 0.324ms
[2025-11-06T12:04:24.864+0700][34.510s][info][gc,cpu      ] GC(365) User=0.00s Sys=0.00s Real=0.00s
[2025-11-06T12:04:24.864+0700][34.510s][info][gc,marking  ] GC(365) Concurrent Cleanup for Next Mark
[2025-11-06T12:04:24.873+0700][34.519s][info][gc,marking  ] GC(365) Concurrent Cleanup for Next Mark 8.818ms
[2025-11-06T12:04:24.873+0700][34.519s][info][gc          ] GC(365) Concurrent Mark Cycle 27.776ms
[2025-11-06T12:04:24.875+0700][34.521s][info][gc,start    ] GC(366) Pause Young (Concurrent Start) (G1 Humongous Allocation)
[2025-11-06T12:04:24.875+0700][34.521s][info][gc,task     ] GC(366) Using 20 workers of 20 for evacuation
[2025-11-06T12:04:24.875+0700][34.522s][info][gc,phases   ] GC(366)   Pre Evacuate Collection Set: 0.2ms
[2025-11-06T12:04:24.875+0700][34.522s][info][gc,phases   ] GC(366)   Merge Heap Roots: 0.1ms
[2025-11-06T12:04:24.875+0700][34.522s][info][gc,phases   ] GC(366)   Evacuate Collection Set: 0.2ms
[2025-11-06T12:04:24.876+0700][34.522s][info][gc,phases   ] GC(366)   Post Evacuate Collection Set: 0.1ms
[2025-11-06T12:04:24.876+0700][34.522s][info][gc,phases   ] GC(366)   Other: 0.1ms
[2025-11-06T12:04:24.876+0700][34.522s][info][gc,heap     ] GC(366) Eden regions: 0->0(100)
[2025-11-06T12:04:24.876+0700][34.522s][info][gc,heap     ] GC(366) Survivor regions: 1->1(13)
[2025-11-06T12:04:24.876+0700][34.522s][info][gc,heap     ] GC(366) Old regions: 1->1
[2025-11-06T12:04:24.876+0700][34.522s][info][gc,heap     ] GC(366) Archive regions: 0->0
[2025-11-06T12:04:24.876+0700][34.522s][info][gc,heap     ] GC(366) Humongous regions: 1764->1764
[2025-11-06T12:04:24.876+0700][34.522s][info][gc,metaspace] GC(366) Metaspace: 9471K(9728K)->9471K(9728K) NonClass: 8331K(8448K)->8331K(8448K) Class: 1140K(1280K)->1140K(1280K)
[2025-11-06T12:04:24.876+0700][34.522s][info][gc          ] GC(366) Pause Young (Concurrent Start) (G1 Humongous Allocation) 7058M->7058M(8132M) 0.699ms
[2025-11-06T12:04:24.876+0700][34.522s][info][gc,cpu      ] GC(366) User=0.00s Sys=0.00s Real=0.00s
[2025-11-06T12:04:24.876+0700][34.522s][info][gc          ] GC(367) Concurrent Mark Cycle
[2025-11-06T12:04:24.876+0700][34.522s][info][gc,marking  ] GC(367) Concurrent Clear Claimed Marks
[2025-11-06T12:04:24.876+0700][34.522s][info][gc,marking  ] GC(367) Concurrent Clear Claimed Marks 0.020ms
[2025-11-06T12:04:24.876+0700][34.522s][info][gc,marking  ] GC(367) Concurrent Scan Root Regions
[2025-11-06T12:04:24.876+0700][34.522s][info][gc,marking  ] GC(367) Concurrent Scan Root Regions 0.065ms
[2025-11-06T12:04:24.876+0700][34.522s][info][gc,marking  ] GC(367) Concurrent Mark
[2025-11-06T12:04:24.876+0700][34.522s][info][gc,marking  ] GC(367) Concurrent Mark From Roots
[2025-11-06T12:04:24.876+0700][34.522s][info][gc,task     ] GC(367) Using 5 workers of 5 for marking
[2025-11-06T12:04:24.878+0700][34.524s][info][gc,marking  ] GC(367) Concurrent Mark From Roots 2.378ms
[2025-11-06T12:04:24.878+0700][34.524s][info][gc,marking  ] GC(367) Concurrent Preclean
[2025-11-06T12:04:24.878+0700][34.525s][info][gc,marking  ] GC(367) Concurrent Preclean 0.104ms
[2025-11-06T12:04:24.895+0700][34.541s][info][gc,start    ] GC(367) Pause Remark
[2025-11-06T12:04:24.895+0700][34.542s][info][gc          ] GC(367) Pause Remark 7082M->7082M(8132M) 0.645ms
[2025-11-06T12:04:24.895+0700][34.542s][info][gc,cpu      ] GC(367) User=0.00s Sys=0.00s Real=0.00s
[2025-11-06T12:04:24.895+0700][34.542s][info][gc,marking  ] GC(367) Concurrent Mark 19.522ms
[2025-11-06T12:04:24.895+0700][34.542s][info][gc,marking  ] GC(367) Concurrent Rebuild Remembered Sets
[2025-11-06T12:04:24.896+0700][34.543s][info][gc,marking  ] GC(367) Concurrent Rebuild Remembered Sets 1.182ms
[2025-11-06T12:04:24.897+0700][34.543s][info][gc,start    ] GC(367) Pause Cleanup
[2025-11-06T12:04:24.897+0700][34.543s][info][gc          ] GC(367) Pause Cleanup 7084M->7084M(8132M) 0.121ms
[2025-11-06T12:04:24.897+0700][34.543s][info][gc,cpu      ] GC(367) User=0.00s Sys=0.00s Real=0.00s
[2025-11-06T12:04:24.897+0700][34.543s][info][gc,marking  ] GC(367) Concurrent Cleanup for Next Mark
[2025-11-06T12:04:24.904+0700][34.550s][info][gc,marking  ] GC(367) Concurrent Cleanup for Next Mark 7.389ms
[2025-11-06T12:04:24.904+0700][34.550s][info][gc          ] GC(367) Concurrent Mark Cycle 28.618ms
[2025-11-06T12:04:25.407+0700][35.053s][info][gc,start    ] GC(368) Pause Young (Concurrent Start) (G1 Humongous Allocation)
[2025-11-06T12:04:25.407+0700][35.053s][info][gc,task     ] GC(368) Using 20 workers of 20 for evacuation
[2025-11-06T12:04:25.407+0700][35.054s][info][gc,phases   ] GC(368)   Pre Evacuate Collection Set: 0.1ms
[2025-11-06T12:04:25.407+0700][35.054s][info][gc,phases   ] GC(368)   Merge Heap Roots: 0.0ms
[2025-11-06T12:04:25.407+0700][35.054s][info][gc,phases   ] GC(368)   Evacuate Collection Set: 0.1ms
[2025-11-06T12:04:25.407+0700][35.054s][info][gc,phases   ] GC(368)   Post Evacuate Collection Set: 0.1ms
[2025-11-06T12:04:25.407+0700][35.054s][info][gc,phases   ] GC(368)   Other: 0.2ms
[2025-11-06T12:04:25.407+0700][35.054s][info][gc,heap     ] GC(368) Eden regions: 1->0(100)
[2025-11-06T12:04:25.407+0700][35.054s][info][gc,heap     ] GC(368) Survivor regions: 1->1(13)
[2025-11-06T12:04:25.407+0700][35.054s][info][gc,heap     ] GC(368) Old regions: 1->1
[2025-11-06T12:04:25.407+0700][35.054s][info][gc,heap     ] GC(368) Archive regions: 0->0
[2025-11-06T12:04:25.407+0700][35.054s][info][gc,heap     ] GC(368) Humongous regions: 1770->1770
[2025-11-06T12:04:25.407+0700][35.054s][info][gc,metaspace] GC(368) Metaspace: 9471K(9728K)->9471K(9728K) NonClass: 8331K(8448K)->8331K(8448K) Class: 1140K(1280K)->1140K(1280K)
[2025-11-06T12:04:25.407+0700][35.054s][info][gc          ] GC(368) Pause Young (Concurrent Start) (G1 Humongous Allocation) 7084M->7082M(8132M) 0.693ms
[2025-11-06T12:04:25.407+0700][35.054s][info][gc,cpu      ] GC(368) User=0.00s Sys=0.00s Real=0.00s
[2025-11-06T12:04:25.407+0700][35.054s][info][gc          ] GC(369) Concurrent Mark Cycle
[2025-11-06T12:04:25.407+0700][35.054s][info][gc,marking  ] GC(369) Concurrent Clear Claimed Marks
[2025-11-06T12:04:25.407+0700][35.054s][info][gc,marking  ] GC(369) Concurrent Clear Claimed Marks 0.013ms
[2025-11-06T12:04:25.407+0700][35.054s][info][gc,marking  ] GC(369) Concurrent Scan Root Regions
[2025-11-06T12:04:25.408+0700][35.054s][info][gc,marking  ] GC(369) Concurrent Scan Root Regions 0.105ms
[2025-11-06T12:04:25.408+0700][35.054s][info][gc,marking  ] GC(369) Concurrent Mark
[2025-11-06T12:04:25.408+0700][35.054s][info][gc,marking  ] GC(369) Concurrent Mark From Roots
[2025-11-06T12:04:25.408+0700][35.054s][info][gc,task     ] GC(369) Using 5 workers of 5 for marking
[2025-11-06T12:04:25.410+0700][35.057s][info][gc,marking  ] GC(369) Concurrent Mark From Roots 2.873ms
[2025-11-06T12:04:25.410+0700][35.057s][info][gc,marking  ] GC(369) Concurrent Preclean
[2025-11-06T12:04:25.411+0700][35.057s][info][gc,marking  ] GC(369) Concurrent Preclean 0.107ms
[2025-11-06T12:04:25.422+0700][35.068s][info][gc,start    ] GC(369) Pause Remark
[2025-11-06T12:04:25.422+0700][35.069s][info][gc          ] GC(369) Pause Remark 7106M->7106M(8132M) 0.577ms
[2025-11-06T12:04:25.422+0700][35.069s][info][gc,cpu      ] GC(369) User=0.00s Sys=0.00s Real=0.00s
[2025-11-06T12:04:25.422+0700][35.069s][info][gc,marking  ] GC(369) Concurrent Mark 14.685ms
[2025-11-06T12:04:25.422+0700][35.069s][info][gc,marking  ] GC(369) Concurrent Rebuild Remembered Sets
[2025-11-06T12:04:25.423+0700][35.070s][info][gc,marking  ] GC(369) Concurrent Rebuild Remembered Sets 1.235ms
[2025-11-06T12:04:25.438+0700][35.084s][info][gc,start    ] GC(369) Pause Cleanup
[2025-11-06T12:04:25.438+0700][35.084s][info][gc          ] GC(369) Pause Cleanup 7118M->7118M(8132M) 0.239ms
[2025-11-06T12:04:25.438+0700][35.084s][info][gc,cpu      ] GC(369) User=0.00s Sys=0.00s Real=0.00s
[2025-11-06T12:04:25.438+0700][35.084s][info][gc,marking  ] GC(369) Concurrent Cleanup for Next Mark
[2025-11-06T12:04:25.445+0700][35.091s][info][gc,marking  ] GC(369) Concurrent Cleanup for Next Mark 7.474ms
[2025-11-06T12:04:25.445+0700][35.091s][info][gc          ] GC(369) Concurrent Mark Cycle 37.515ms
[2025-11-06T12:04:25.446+0700][35.092s][info][gc,start    ] GC(370) Pause Young (Concurrent Start) (G1 Humongous Allocation)
[2025-11-06T12:04:25.446+0700][35.092s][info][gc,task     ] GC(370) Using 20 workers of 20 for evacuation
[2025-11-06T12:04:25.446+0700][35.092s][info][gc,phases   ] GC(370)   Pre Evacuate Collection Set: 0.2ms
[2025-11-06T12:04:25.446+0700][35.092s][info][gc,phases   ] GC(370)   Merge Heap Roots: 0.1ms
[2025-11-06T12:04:25.446+0700][35.092s][info][gc,phases   ] GC(370)   Evacuate Collection Set: 0.2ms
[2025-11-06T12:04:25.446+0700][35.092s][info][gc,phases   ] GC(370)   Post Evacuate Collection Set: 0.1ms
[2025-11-06T12:04:25.446+0700][35.092s][info][gc,phases   ] GC(370)   Other: 0.2ms
[2025-11-06T12:04:25.447+0700][35.092s][info][gc,heap     ] GC(370) Eden regions: 0->0(100)
[2025-11-06T12:04:25.447+0700][35.092s][info][gc,heap     ] GC(370) Survivor regions: 1->1(13)
[2025-11-06T12:04:25.447+0700][35.092s][info][gc,heap     ] GC(370) Old regions: 1->1
[2025-11-06T12:04:25.447+0700][35.092s][info][gc,heap     ] GC(370) Archive regions: 0->0
[2025-11-06T12:04:25.447+0700][35.092s][info][gc,heap     ] GC(370) Humongous regions: 1782->1782
[2025-11-06T12:04:25.447+0700][35.092s][info][gc,metaspace] GC(370) Metaspace: 9471K(9728K)->9471K(9728K) NonClass: 8331K(8448K)->8331K(8448K) Class: 1140K(1280K)->1140K(1280K)
[2025-11-06T12:04:25.447+0700][35.092s][info][gc          ] GC(370) Pause Young (Concurrent Start) (G1 Humongous Allocation) 7130M->7130M(8132M) 0.791ms
[2025-11-06T12:04:25.447+0700][35.093s][info][gc,cpu      ] GC(370) User=0.00s Sys=0.00s Real=0.00s
[2025-11-06T12:04:25.447+0700][35.093s][info][gc          ] GC(371) Concurrent Mark Cycle
[2025-11-06T12:04:25.447+0700][35.093s][info][gc,marking  ] GC(371) Concurrent Clear Claimed Marks
[2025-11-06T12:04:25.447+0700][35.093s][info][gc,marking  ] GC(371) Concurrent Clear Claimed Marks 0.017ms
[2025-11-06T12:04:25.447+0700][35.093s][info][gc,marking  ] GC(371) Concurrent Scan Root Regions
[2025-11-06T12:04:25.447+0700][35.093s][info][gc,marking  ] GC(371) Concurrent Scan Root Regions 0.161ms
[2025-11-06T12:04:25.447+0700][35.093s][info][gc,marking  ] GC(371) Concurrent Mark
[2025-11-06T12:04:25.447+0700][35.093s][info][gc,marking  ] GC(371) Concurrent Mark From Roots
[2025-11-06T12:04:25.447+0700][35.093s][info][gc,task     ] GC(371) Using 5 workers of 5 for marking
[2025-11-06T12:04:25.449+0700][35.095s][info][gc,marking  ] GC(371) Concurrent Mark From Roots 2.353ms
[2025-11-06T12:04:25.449+0700][35.095s][info][gc,marking  ] GC(371) Concurrent Preclean
[2025-11-06T12:04:25.449+0700][35.095s][info][gc,marking  ] GC(371) Concurrent Preclean 0.101ms
[2025-11-06T12:04:25.450+0700][35.096s][info][gc,start    ] GC(371) Pause Remark
[2025-11-06T12:04:25.450+0700][35.096s][info][gc          ] GC(371) Pause Remark 7142M->7142M(8132M) 0.614ms
[2025-11-06T12:04:25.450+0700][35.096s][info][gc,cpu      ] GC(371) User=0.00s Sys=0.00s Real=0.00s
[2025-11-06T12:04:25.451+0700][35.096s][info][gc,marking  ] GC(371) Concurrent Mark 3.689ms
[2025-11-06T12:04:25.451+0700][35.096s][info][gc,marking  ] GC(371) Concurrent Rebuild Remembered Sets
[2025-11-06T12:04:25.451+0700][35.098s][info][gc,marking  ] GC(371) Concurrent Rebuild Remembered Sets 1.441ms
[2025-11-06T12:04:25.468+0700][35.114s][info][gc,start    ] GC(371) Pause Cleanup
[2025-11-06T12:04:25.468+0700][35.114s][info][gc          ] GC(371) Pause Cleanup 7154M->7154M(8132M) 0.243ms
[2025-11-06T12:04:25.468+0700][35.114s][info][gc,cpu      ] GC(371) User=0.00s Sys=0.00s Real=0.00s
[2025-11-06T12:04:25.468+0700][35.114s][info][gc,marking  ] GC(371) Concurrent Cleanup for Next Mark
[2025-11-06T12:04:25.476+0700][35.122s][info][gc,marking  ] GC(371) Concurrent Cleanup for Next Mark 8.113ms
[2025-11-06T12:04:25.476+0700][35.123s][info][gc          ] GC(371) Concurrent Mark Cycle 30.052ms
[2025-11-06T12:04:25.478+0700][35.125s][info][gc,start    ] GC(372) Pause Young (Concurrent Start) (G1 Humongous Allocation)
[2025-11-06T12:04:25.478+0700][35.125s][info][gc,task     ] GC(372) Using 20 workers of 20 for evacuation
[2025-11-06T12:04:25.479+0700][35.125s][info][gc,phases   ] GC(372)   Pre Evacuate Collection Set: 0.1ms
[2025-11-06T12:04:25.479+0700][35.125s][info][gc,phases   ] GC(372)   Merge Heap Roots: 0.0ms
[2025-11-06T12:04:25.479+0700][35.125s][info][gc,phases   ] GC(372)   Evacuate Collection Set: 0.1ms
[2025-11-06T12:04:25.479+0700][35.125s][info][gc,phases   ] GC(372)   Post Evacuate Collection Set: 0.1ms
[2025-11-06T12:04:25.479+0700][35.125s][info][gc,phases   ] GC(372)   Other: 0.1ms
[2025-11-06T12:04:25.479+0700][35.125s][info][gc,heap     ] GC(372) Eden regions: 0->0(100)
[2025-11-06T12:04:25.479+0700][35.125s][info][gc,heap     ] GC(372) Survivor regions: 1->1(13)
[2025-11-06T12:04:25.479+0700][35.125s][info][gc,heap     ] GC(372) Old regions: 1->1
[2025-11-06T12:04:25.479+0700][35.125s][info][gc,heap     ] GC(372) Archive regions: 0->0
[2025-11-06T12:04:25.479+0700][35.125s][info][gc,heap     ] GC(372) Humongous regions: 1794->1794
[2025-11-06T12:04:25.479+0700][35.125s][info][gc,metaspace] GC(372) Metaspace: 9471K(9728K)->9471K(9728K) NonClass: 8331K(8448K)->8331K(8448K) Class: 1140K(1280K)->1140K(1280K)
[2025-11-06T12:04:25.479+0700][35.125s][info][gc          ] GC(372) Pause Young (Concurrent Start) (G1 Humongous Allocation) 7178M->7178M(8132M) 0.603ms
[2025-11-06T12:04:25.479+0700][35.125s][info][gc,cpu      ] GC(372) User=0.00s Sys=0.00s Real=0.00s
[2025-11-06T12:04:25.479+0700][35.125s][info][gc          ] GC(373) Concurrent Mark Cycle
[2025-11-06T12:04:25.479+0700][35.125s][info][gc,marking  ] GC(373) Concurrent Clear Claimed Marks
[2025-11-06T12:04:25.479+0700][35.125s][info][gc,marking  ] GC(373) Concurrent Clear Claimed Marks 0.007ms
[2025-11-06T12:04:25.479+0700][35.125s][info][gc,marking  ] GC(373) Concurrent Scan Root Regions
[2025-11-06T12:04:25.479+0700][35.125s][info][gc,marking  ] GC(373) Concurrent Scan Root Regions 0.064ms
[2025-11-06T12:04:25.479+0700][35.125s][info][gc,marking  ] GC(373) Concurrent Mark
[2025-11-06T12:04:25.479+0700][35.125s][info][gc,marking  ] GC(373) Concurrent Mark From Roots
[2025-11-06T12:04:25.479+0700][35.125s][info][gc,task     ] GC(373) Using 5 workers of 5 for marking
[2025-11-06T12:04:25.481+0700][35.128s][info][gc,marking  ] GC(373) Concurrent Mark From Roots 2.266ms
[2025-11-06T12:04:25.481+0700][35.128s][info][gc,marking  ] GC(373) Concurrent Preclean
[2025-11-06T12:04:25.481+0700][35.128s][info][gc,marking  ] GC(373) Concurrent Preclean 0.107ms
[2025-11-06T12:04:25.482+0700][35.128s][info][gc,start    ] GC(373) Pause Remark
[2025-11-06T12:04:25.482+0700][35.129s][info][gc          ] GC(373) Pause Remark 7190M->7190M(8132M) 0.551ms
[2025-11-06T12:04:25.482+0700][35.129s][info][gc,cpu      ] GC(373) User=0.00s Sys=0.00s Real=0.00s
[2025-11-06T12:04:25.482+0700][35.129s][info][gc,marking  ] GC(373) Concurrent Mark 3.488ms
[2025-11-06T12:04:25.482+0700][35.129s][info][gc,marking  ] GC(373) Concurrent Rebuild Remembered Sets
[2025-11-06T12:04:25.483+0700][35.130s][info][gc,marking  ] GC(373) Concurrent Rebuild Remembered Sets 1.160ms
[2025-11-06T12:04:25.499+0700][35.145s][info][gc,start    ] GC(373) Pause Cleanup
[2025-11-06T12:04:25.499+0700][35.145s][info][gc          ] GC(373) Pause Cleanup 7202M->7202M(8132M) 0.219ms
[2025-11-06T12:04:25.499+0700][35.145s][info][gc,cpu      ] GC(373) User=0.00s Sys=0.00s Real=0.00s
[2025-11-06T12:04:25.499+0700][35.145s][info][gc,marking  ] GC(373) Concurrent Cleanup for Next Mark
[2025-11-06T12:04:25.507+0700][35.153s][info][gc,marking  ] GC(373) Concurrent Cleanup for Next Mark 7.781ms
[2025-11-06T12:04:25.507+0700][35.153s][info][gc          ] GC(373) Concurrent Mark Cycle 28.093ms
[2025-11-06T12:04:26.009+0700][35.655s][info][gc,start    ] GC(374) Pause Young (Concurrent Start) (G1 Humongous Allocation)
[2025-11-06T12:04:26.009+0700][35.655s][info][gc,task     ] GC(374) Using 20 workers of 20 for evacuation
[2025-11-06T12:04:26.009+0700][35.656s][info][gc,phases   ] GC(374)   Pre Evacuate Collection Set: 0.2ms
[2025-11-06T12:04:26.009+0700][35.656s][info][gc,phases   ] GC(374)   Merge Heap Roots: 0.0ms
[2025-11-06T12:04:26.009+0700][35.656s][info][gc,phases   ] GC(374)   Evacuate Collection Set: 0.1ms
[2025-11-06T12:04:26.009+0700][35.656s][info][gc,phases   ] GC(374)   Post Evacuate Collection Set: 0.1ms
[2025-11-06T12:04:26.009+0700][35.656s][info][gc,phases   ] GC(374)   Other: 0.2ms
[2025-11-06T12:04:26.009+0700][35.656s][info][gc,heap     ] GC(374) Eden regions: 1->0(100)
[2025-11-06T12:04:26.009+0700][35.656s][info][gc,heap     ] GC(374) Survivor regions: 1->1(13)
[2025-11-06T12:04:26.009+0700][35.656s][info][gc,heap     ] GC(374) Old regions: 1->1
[2025-11-06T12:04:26.009+0700][35.656s][info][gc,heap     ] GC(374) Archive regions: 0->0
[2025-11-06T12:04:26.009+0700][35.656s][info][gc,heap     ] GC(374) Humongous regions: 1800->1800
[2025-11-06T12:04:26.009+0700][35.656s][info][gc,metaspace] GC(374) Metaspace: 9471K(9728K)->9471K(9728K) NonClass: 8331K(8448K)->8331K(8448K) Class: 1140K(1280K)->1140K(1280K)
[2025-11-06T12:04:26.009+0700][35.656s][info][gc          ] GC(374) Pause Young (Concurrent Start) (G1 Humongous Allocation) 7204M->7202M(8132M) 0.691ms
[2025-11-06T12:04:26.009+0700][35.656s][info][gc,cpu      ] GC(374) User=0.00s Sys=0.00s Real=0.00s
[2025-11-06T12:04:26.009+0700][35.656s][info][gc          ] GC(375) Concurrent Mark Cycle
[2025-11-06T12:04:26.009+0700][35.656s][info][gc,marking  ] GC(375) Concurrent Clear Claimed Marks
[2025-11-06T12:04:26.009+0700][35.656s][info][gc,marking  ] GC(375) Concurrent Clear Claimed Marks 0.015ms
[2025-11-06T12:04:26.009+0700][35.656s][info][gc,marking  ] GC(375) Concurrent Scan Root Regions
[2025-11-06T12:04:26.010+0700][35.656s][info][gc,marking  ] GC(375) Concurrent Scan Root Regions 0.080ms
[2025-11-06T12:04:26.010+0700][35.656s][info][gc,marking  ] GC(375) Concurrent Mark
[2025-11-06T12:04:26.010+0700][35.656s][info][gc,marking  ] GC(375) Concurrent Mark From Roots
[2025-11-06T12:04:26.010+0700][35.656s][info][gc,task     ] GC(375) Using 5 workers of 5 for marking
[2025-11-06T12:04:26.012+0700][35.658s][info][gc,marking  ] GC(375) Concurrent Mark From Roots 2.131ms
[2025-11-06T12:04:26.012+0700][35.658s][info][gc,marking  ] GC(375) Concurrent Preclean
[2025-11-06T12:04:26.012+0700][35.658s][info][gc,marking  ] GC(375) Concurrent Preclean 0.105ms
[2025-11-06T12:04:26.012+0700][35.659s][info][gc,start    ] GC(375) Pause Remark
[2025-11-06T12:04:26.013+0700][35.659s][info][gc          ] GC(375) Pause Remark 7214M->7214M(8132M) 0.504ms
[2025-11-06T12:04:26.013+0700][35.659s][info][gc,cpu      ] GC(375) User=0.00s Sys=0.00s Real=0.00s
[2025-11-06T12:04:26.013+0700][35.659s][info][gc,marking  ] GC(375) Concurrent Mark 3.288ms
[2025-11-06T12:04:26.013+0700][35.659s][info][gc,marking  ] GC(375) Concurrent Rebuild Remembered Sets
[2025-11-06T12:04:26.014+0700][35.660s][info][gc,marking  ] GC(375) Concurrent Rebuild Remembered Sets 1.117ms
[2025-11-06T12:04:26.025+0700][35.671s][info][gc,start    ] GC(375) Pause Cleanup
[2025-11-06T12:04:26.025+0700][35.671s][info][gc          ] GC(375) Pause Cleanup 7226M->7226M(8132M) 0.227ms
[2025-11-06T12:04:26.025+0700][35.671s][info][gc,cpu      ] GC(375) User=0.00s Sys=0.00s Real=0.00s
[2025-11-06T12:04:26.025+0700][35.671s][info][gc,marking  ] GC(375) Concurrent Cleanup for Next Mark
[2025-11-06T12:04:26.032+0700][35.679s][info][gc,marking  ] GC(375) Concurrent Cleanup for Next Mark 7.545ms
[2025-11-06T12:04:26.033+0700][35.679s][info][gc          ] GC(375) Concurrent Mark Cycle 23.266ms
[2025-11-06T12:04:26.033+0700][35.679s][info][gc,start    ] GC(376) Pause Young (Concurrent Start) (G1 Humongous Allocation)
[2025-11-06T12:04:26.033+0700][35.679s][info][gc,task     ] GC(376) Using 20 workers of 20 for evacuation
[2025-11-06T12:04:26.034+0700][35.680s][info][gc,phases   ] GC(376)   Pre Evacuate Collection Set: 0.2ms
[2025-11-06T12:04:26.034+0700][35.680s][info][gc,phases   ] GC(376)   Merge Heap Roots: 0.1ms
[2025-11-06T12:04:26.034+0700][35.680s][info][gc,phases   ] GC(376)   Evacuate Collection Set: 0.2ms
[2025-11-06T12:04:26.034+0700][35.680s][info][gc,phases   ] GC(376)   Post Evacuate Collection Set: 0.1ms
[2025-11-06T12:04:26.034+0700][35.680s][info][gc,phases   ] GC(376)   Other: 0.3ms
[2025-11-06T12:04:26.034+0700][35.680s][info][gc,heap     ] GC(376) Eden regions: 0->0(101)
[2025-11-06T12:04:26.034+0700][35.680s][info][gc,heap     ] GC(376) Survivor regions: 1->0(13)
[2025-11-06T12:04:26.034+0700][35.680s][info][gc,heap     ] GC(376) Old regions: 1->1
[2025-11-06T12:04:26.034+0700][35.680s][info][gc,heap     ] GC(376) Archive regions: 0->0
[2025-11-06T12:04:26.034+0700][35.680s][info][gc,heap     ] GC(376) Humongous regions: 1809->1809
[2025-11-06T12:04:26.034+0700][35.680s][info][gc,metaspace] GC(376) Metaspace: 9471K(9728K)->9471K(9728K) NonClass: 8331K(8448K)->8331K(8448K) Class: 1140K(1280K)->1140K(1280K)
[2025-11-06T12:04:26.034+0700][35.680s][info][gc          ] GC(376) Pause Young (Concurrent Start) (G1 Humongous Allocation) 7238M->7238M(8132M) 0.951ms
[2025-11-06T12:04:26.034+0700][35.680s][info][gc,cpu      ] GC(376) User=0.02s Sys=0.00s Real=0.00s
[2025-11-06T12:04:26.034+0700][35.680s][info][gc          ] GC(377) Concurrent Mark Cycle
[2025-11-06T12:04:26.034+0700][35.680s][info][gc,marking  ] GC(377) Concurrent Clear Claimed Marks
[2025-11-06T12:04:26.034+0700][35.680s][info][gc,marking  ] GC(377) Concurrent Clear Claimed Marks 0.007ms
[2025-11-06T12:04:26.034+0700][35.680s][info][gc,marking  ] GC(377) Concurrent Scan Root Regions
[2025-11-06T12:04:26.034+0700][35.680s][info][gc,marking  ] GC(377) Concurrent Scan Root Regions 0.077ms
[2025-11-06T12:04:26.034+0700][35.680s][info][gc,marking  ] GC(377) Concurrent Mark
[2025-11-06T12:04:26.034+0700][35.680s][info][gc,marking  ] GC(377) Concurrent Mark From Roots
[2025-11-06T12:04:26.034+0700][35.680s][info][gc,task     ] GC(377) Using 5 workers of 5 for marking
[2025-11-06T12:04:26.036+0700][35.683s][info][gc,marking  ] GC(377) Concurrent Mark From Roots 2.371ms
[2025-11-06T12:04:26.036+0700][35.683s][info][gc,marking  ] GC(377) Concurrent Preclean
[2025-11-06T12:04:26.036+0700][35.683s][info][gc,marking  ] GC(377) Concurrent Preclean 0.267ms
[2025-11-06T12:04:26.037+0700][35.683s][info][gc,start    ] GC(377) Pause Remark
[2025-11-06T12:04:26.038+0700][35.684s][info][gc          ] GC(377) Pause Remark 7250M->7250M(8132M) 0.558ms
[2025-11-06T12:04:26.038+0700][35.684s][info][gc,cpu      ] GC(377) User=0.00s Sys=0.00s Real=0.00s
[2025-11-06T12:04:26.038+0700][35.684s][info][gc,marking  ] GC(377) Concurrent Mark 3.866ms
[2025-11-06T12:04:26.038+0700][35.684s][info][gc,marking  ] GC(377) Concurrent Rebuild Remembered Sets
[2025-11-06T12:04:26.039+0700][35.685s][info][gc,marking  ] GC(377) Concurrent Rebuild Remembered Sets 1.360ms
[2025-11-06T12:04:26.056+0700][35.702s][info][gc,start    ] GC(377) Pause Cleanup
[2025-11-06T12:04:26.056+0700][35.702s][info][gc          ] GC(377) Pause Cleanup 7262M->7262M(8132M) 0.302ms
[2025-11-06T12:04:26.056+0700][35.702s][info][gc,cpu      ] GC(377) User=0.00s Sys=0.00s Real=0.00s
[2025-11-06T12:04:26.056+0700][35.702s][info][gc,marking  ] GC(377) Concurrent Cleanup for Next Mark
[2025-11-06T12:04:26.065+0700][35.711s][info][gc,marking  ] GC(377) Concurrent Cleanup for Next Mark 8.563ms
[2025-11-06T12:04:26.065+0700][35.711s][info][gc          ] GC(377) Concurrent Mark Cycle 31.025ms
[2025-11-06T12:04:26.067+0700][35.713s][info][gc,start    ] GC(378) Pause Young (Concurrent Start) (G1 Humongous Allocation)
[2025-11-06T12:04:26.067+0700][35.714s][info][gc,task     ] GC(378) Using 20 workers of 20 for evacuation
[2025-11-06T12:04:26.068+0700][35.714s][info][gc,phases   ] GC(378)   Pre Evacuate Collection Set: 0.2ms
[2025-11-06T12:04:26.068+0700][35.714s][info][gc,phases   ] GC(378)   Merge Heap Roots: 0.2ms
[2025-11-06T12:04:26.068+0700][35.714s][info][gc,phases   ] GC(378)   Evacuate Collection Set: 0.2ms
[2025-11-06T12:04:26.068+0700][35.714s][info][gc,phases   ] GC(378)   Post Evacuate Collection Set: 0.1ms
[2025-11-06T12:04:26.068+0700][35.714s][info][gc,phases   ] GC(378)   Other: 0.2ms
[2025-11-06T12:04:26.068+0700][35.714s][info][gc,heap     ] GC(378) Eden regions: 0->0(101)
[2025-11-06T12:04:26.068+0700][35.714s][info][gc,heap     ] GC(378) Survivor regions: 0->0(13)
[2025-11-06T12:04:26.068+0700][35.714s][info][gc,heap     ] GC(378) Old regions: 1->1
[2025-11-06T12:04:26.068+0700][35.714s][info][gc,heap     ] GC(378) Archive regions: 0->0
[2025-11-06T12:04:26.068+0700][35.714s][info][gc,heap     ] GC(378) Humongous regions: 1824->1824
[2025-11-06T12:04:26.068+0700][35.714s][info][gc,metaspace] GC(378) Metaspace: 9471K(9728K)->9471K(9728K) NonClass: 8331K(8448K)->8331K(8448K) Class: 1140K(1280K)->1140K(1280K)
[2025-11-06T12:04:26.068+0700][35.714s][info][gc          ] GC(378) Pause Young (Concurrent Start) (G1 Humongous Allocation) 7298M->7298M(8132M) 0.896ms
[2025-11-06T12:04:26.068+0700][35.714s][info][gc,cpu      ] GC(378) User=0.00s Sys=0.00s Real=0.00s
[2025-11-06T12:04:26.068+0700][35.714s][info][gc          ] GC(379) Concurrent Mark Cycle
[2025-11-06T12:04:26.068+0700][35.714s][info][gc,marking  ] GC(379) Concurrent Clear Claimed Marks
[2025-11-06T12:04:26.068+0700][35.714s][info][gc,marking  ] GC(379) Concurrent Clear Claimed Marks 0.014ms
[2025-11-06T12:04:26.068+0700][35.714s][info][gc,marking  ] GC(379) Concurrent Scan Root Regions
[2025-11-06T12:04:26.068+0700][35.714s][info][gc,marking  ] GC(379) Concurrent Scan Root Regions 0.010ms
[2025-11-06T12:04:26.068+0700][35.714s][info][gc,marking  ] GC(379) Concurrent Mark
[2025-11-06T12:04:26.068+0700][35.714s][info][gc,marking  ] GC(379) Concurrent Mark From Roots
[2025-11-06T12:04:26.068+0700][35.715s][info][gc,task     ] GC(379) Using 5 workers of 5 for marking
[2025-11-06T12:04:26.071+0700][35.718s][info][gc,marking  ] GC(379) Concurrent Mark From Roots 3.096ms
[2025-11-06T12:04:26.071+0700][35.718s][info][gc,marking  ] GC(379) Concurrent Preclean
[2025-11-06T12:04:26.071+0700][35.718s][info][gc,marking  ] GC(379) Concurrent Preclean 0.104ms
[2025-11-06T12:04:26.072+0700][35.718s][info][gc,start    ] GC(379) Pause Remark
[2025-11-06T12:04:26.072+0700][35.719s][info][gc          ] GC(379) Pause Remark 7310M->7310M(8132M) 0.801ms
[2025-11-06T12:04:26.073+0700][35.719s][info][gc,cpu      ] GC(379) User=0.00s Sys=0.00s Real=0.00s
[2025-11-06T12:04:26.073+0700][35.719s][info][gc,marking  ] GC(379) Concurrent Mark 4.490ms
[2025-11-06T12:04:26.073+0700][35.719s][info][gc,marking  ] GC(379) Concurrent Rebuild Remembered Sets
[2025-11-06T12:04:26.074+0700][35.720s][info][gc,marking  ] GC(379) Concurrent Rebuild Remembered Sets 1.256ms
[2025-11-06T12:04:26.087+0700][35.733s][info][gc,start    ] GC(379) Pause Cleanup
[2025-11-06T12:04:26.087+0700][35.733s][info][gc          ] GC(379) Pause Cleanup 7322M->7322M(8132M) 0.210ms
[2025-11-06T12:04:26.087+0700][35.733s][info][gc,cpu      ] GC(379) User=0.00s Sys=0.00s Real=0.00s
[2025-11-06T12:04:26.087+0700][35.733s][info][gc,marking  ] GC(379) Concurrent Cleanup for Next Mark
[2025-11-06T12:04:26.094+0700][35.741s][info][gc,marking  ] GC(379) Concurrent Cleanup for Next Mark 7.213ms
[2025-11-06T12:04:26.094+0700][35.741s][info][gc          ] GC(379) Concurrent Mark Cycle 26.191ms
[2025-11-06T12:04:26.599+0700][36.245s][info][gc,start    ] GC(380) Pause Young (Concurrent Start) (G1 Humongous Allocation)
[2025-11-06T12:04:26.599+0700][36.245s][info][gc,task     ] GC(380) Using 20 workers of 20 for evacuation
[2025-11-06T12:04:26.599+0700][36.246s][info][gc,phases   ] GC(380)   Pre Evacuate Collection Set: 0.2ms
[2025-11-06T12:04:26.599+0700][36.246s][info][gc,phases   ] GC(380)   Merge Heap Roots: 0.2ms
[2025-11-06T12:04:26.599+0700][36.246s][info][gc,phases   ] GC(380)   Evacuate Collection Set: 0.1ms
[2025-11-06T12:04:26.599+0700][36.246s][info][gc,phases   ] GC(380)   Post Evacuate Collection Set: 0.1ms
[2025-11-06T12:04:26.599+0700][36.246s][info][gc,phases   ] GC(380)   Other: 0.2ms
[2025-11-06T12:04:26.599+0700][36.246s][info][gc,heap     ] GC(380) Eden regions: 1->0(101)
[2025-11-06T12:04:26.599+0700][36.246s][info][gc,heap     ] GC(380) Survivor regions: 0->0(13)
[2025-11-06T12:04:26.599+0700][36.246s][info][gc,heap     ] GC(380) Old regions: 1->1
[2025-11-06T12:04:26.599+0700][36.246s][info][gc,heap     ] GC(380) Archive regions: 0->0
[2025-11-06T12:04:26.599+0700][36.246s][info][gc,heap     ] GC(380) Humongous regions: 1830->1830
[2025-11-06T12:04:26.599+0700][36.246s][info][gc,metaspace] GC(380) Metaspace: 9471K(9728K)->9471K(9728K) NonClass: 8331K(8448K)->8331K(8448K) Class: 1140K(1280K)->1140K(1280K)
[2025-11-06T12:04:26.599+0700][36.246s][info][gc          ] GC(380) Pause Young (Concurrent Start) (G1 Humongous Allocation) 7324M->7322M(8132M) 0.816ms
[2025-11-06T12:04:26.599+0700][36.246s][info][gc,cpu      ] GC(380) User=0.00s Sys=0.00s Real=0.00s
[2025-11-06T12:04:26.599+0700][36.246s][info][gc          ] GC(381) Concurrent Mark Cycle
[2025-11-06T12:04:26.600+0700][36.246s][info][gc,marking  ] GC(381) Concurrent Clear Claimed Marks
[2025-11-06T12:04:26.600+0700][36.246s][info][gc,marking  ] GC(381) Concurrent Clear Claimed Marks 0.018ms
[2025-11-06T12:04:26.600+0700][36.246s][info][gc,marking  ] GC(381) Concurrent Scan Root Regions
[2025-11-06T12:04:26.600+0700][36.246s][info][gc,marking  ] GC(381) Concurrent Scan Root Regions 0.011ms
[2025-11-06T12:04:26.600+0700][36.246s][info][gc,marking  ] GC(381) Concurrent Mark
[2025-11-06T12:04:26.600+0700][36.246s][info][gc,marking  ] GC(381) Concurrent Mark From Roots
[2025-11-06T12:04:26.600+0700][36.246s][info][gc,task     ] GC(381) Using 5 workers of 5 for marking
[2025-11-06T12:04:26.602+0700][36.248s][info][gc,marking  ] GC(381) Concurrent Mark From Roots 2.129ms
[2025-11-06T12:04:26.602+0700][36.248s][info][gc,marking  ] GC(381) Concurrent Preclean
[2025-11-06T12:04:26.602+0700][36.248s][info][gc,marking  ] GC(381) Concurrent Preclean 0.103ms
[2025-11-06T12:04:26.602+0700][36.249s][info][gc,start    ] GC(381) Pause Remark
[2025-11-06T12:04:26.603+0700][36.249s][info][gc          ] GC(381) Pause Remark 7334M->7334M(8132M) 0.705ms
[2025-11-06T12:04:26.603+0700][36.249s][info][gc,cpu      ] GC(381) User=0.00s Sys=0.00s Real=0.00s
[2025-11-06T12:04:26.603+0700][36.250s][info][gc,marking  ] GC(381) Concurrent Mark 3.560ms
[2025-11-06T12:04:26.603+0700][36.250s][info][gc,marking  ] GC(381) Concurrent Rebuild Remembered Sets
[2025-11-06T12:04:26.605+0700][36.251s][info][gc,marking  ] GC(381) Concurrent Rebuild Remembered Sets 1.589ms
[2025-11-06T12:04:26.614+0700][36.260s][info][gc,start    ] GC(381) Pause Cleanup
[2025-11-06T12:04:26.614+0700][36.260s][info][gc          ] GC(381) Pause Cleanup 7346M->7346M(8132M) 0.295ms
[2025-11-06T12:04:26.614+0700][36.260s][info][gc,cpu      ] GC(381) User=0.00s Sys=0.00s Real=0.00s
[2025-11-06T12:04:26.614+0700][36.260s][info][gc,marking  ] GC(381) Concurrent Cleanup for Next Mark
[2025-11-06T12:04:26.624+0700][36.271s][info][gc,marking  ] GC(381) Concurrent Cleanup for Next Mark 10.196ms
[2025-11-06T12:04:26.624+0700][36.271s][info][gc          ] GC(381) Concurrent Mark Cycle 24.715ms
[2025-11-06T12:04:26.624+0700][36.271s][info][gc,start    ] GC(382) Pause Young (Concurrent Start) (G1 Humongous Allocation)
[2025-11-06T12:04:26.624+0700][36.271s][info][gc,task     ] GC(382) Using 20 workers of 20 for evacuation
[2025-11-06T12:04:26.625+0700][36.272s][info][gc,phases   ] GC(382)   Pre Evacuate Collection Set: 0.2ms
[2025-11-06T12:04:26.625+0700][36.272s][info][gc,phases   ] GC(382)   Merge Heap Roots: 0.2ms
[2025-11-06T12:04:26.625+0700][36.272s][info][gc,phases   ] GC(382)   Evacuate Collection Set: 0.1ms
[2025-11-06T12:04:26.625+0700][36.272s][info][gc,phases   ] GC(382)   Post Evacuate Collection Set: 0.1ms
[2025-11-06T12:04:26.625+0700][36.272s][info][gc,phases   ] GC(382)   Other: 0.2ms
[2025-11-06T12:04:26.625+0700][36.272s][info][gc,heap     ] GC(382) Eden regions: 0->0(101)
[2025-11-06T12:04:26.625+0700][36.272s][info][gc,heap     ] GC(382) Survivor regions: 0->0(13)
[2025-11-06T12:04:26.625+0700][36.272s][info][gc,heap     ] GC(382) Old regions: 1->1
[2025-11-06T12:04:26.625+0700][36.272s][info][gc,heap     ] GC(382) Archive regions: 0->0
[2025-11-06T12:04:26.625+0700][36.272s][info][gc,heap     ] GC(382) Humongous regions: 1842->1842
[2025-11-06T12:04:26.625+0700][36.272s][info][gc,metaspace] GC(382) Metaspace: 9471K(9728K)->9471K(9728K) NonClass: 8331K(8448K)->8331K(8448K) Class: 1140K(1280K)->1140K(1280K)
[2025-11-06T12:04:26.625+0700][36.272s][info][gc          ] GC(382) Pause Young (Concurrent Start) (G1 Humongous Allocation) 7370M->7370M(8132M) 0.858ms
[2025-11-06T12:04:26.625+0700][36.272s][info][gc,cpu      ] GC(382) User=0.00s Sys=0.00s Real=0.00s
[2025-11-06T12:04:26.625+0700][36.272s][info][gc          ] GC(383) Concurrent Mark Cycle
[2025-11-06T12:04:26.625+0700][36.272s][info][gc,marking  ] GC(383) Concurrent Clear Claimed Marks
[2025-11-06T12:04:26.625+0700][36.272s][info][gc,marking  ] GC(383) Concurrent Clear Claimed Marks 0.007ms
[2025-11-06T12:04:26.625+0700][36.272s][info][gc,marking  ] GC(383) Concurrent Scan Root Regions
[2025-11-06T12:04:26.625+0700][36.272s][info][gc,marking  ] GC(383) Concurrent Scan Root Regions 0.005ms
[2025-11-06T12:04:26.625+0700][36.272s][info][gc,marking  ] GC(383) Concurrent Mark
[2025-11-06T12:04:26.625+0700][36.272s][info][gc,marking  ] GC(383) Concurrent Mark From Roots
[2025-11-06T12:04:26.625+0700][36.272s][info][gc,task     ] GC(383) Using 5 workers of 5 for marking
[2025-11-06T12:04:26.629+0700][36.275s][info][gc,marking  ] GC(383) Concurrent Mark From Roots 3.657ms
[2025-11-06T12:04:26.629+0700][36.275s][info][gc,marking  ] GC(383) Concurrent Preclean
[2025-11-06T12:04:26.629+0700][36.275s][info][gc,marking  ] GC(383) Concurrent Preclean 0.105ms
[2025-11-06T12:04:26.645+0700][36.291s][info][gc,start    ] GC(383) Pause Remark
[2025-11-06T12:04:26.645+0700][36.292s][info][gc          ] GC(383) Pause Remark 7394M->7394M(8132M) 0.641ms
[2025-11-06T12:04:26.645+0700][36.292s][info][gc,cpu      ] GC(383) User=0.00s Sys=0.00s Real=0.00s
[2025-11-06T12:04:26.645+0700][36.292s][info][gc,marking  ] GC(383) Concurrent Mark 19.978ms
[2025-11-06T12:04:26.645+0700][36.292s][info][gc,marking  ] GC(383) Concurrent Rebuild Remembered Sets
[2025-11-06T12:04:26.647+0700][36.293s][info][gc,marking  ] GC(383) Concurrent Rebuild Remembered Sets 1.350ms
[2025-11-06T12:04:26.661+0700][36.307s][info][gc,start    ] GC(383) Pause Cleanup
[2025-11-06T12:04:26.661+0700][36.307s][info][gc          ] GC(383) Pause Cleanup 7406M->7406M(8132M) 0.187ms
[2025-11-06T12:04:26.661+0700][36.307s][info][gc,cpu      ] GC(383) User=0.00s Sys=0.00s Real=0.00s
[2025-11-06T12:04:26.661+0700][36.307s][info][gc,marking  ] GC(383) Concurrent Cleanup for Next Mark
[2025-11-06T12:04:26.669+0700][36.316s][info][gc,marking  ] GC(383) Concurrent Cleanup for Next Mark 8.338ms
[2025-11-06T12:04:26.669+0700][36.316s][info][gc          ] GC(383) Concurrent Mark Cycle 43.966ms
[2025-11-06T12:04:27.183+0700][36.829s][info][gc,start    ] GC(384) Pause Young (Concurrent Start) (G1 Humongous Allocation)
[2025-11-06T12:04:27.183+0700][36.829s][info][gc,task     ] GC(384) Using 20 workers of 20 for evacuation
[2025-11-06T12:04:27.183+0700][36.830s][info][gc,phases   ] GC(384)   Pre Evacuate Collection Set: 0.2ms
[2025-11-06T12:04:27.183+0700][36.830s][info][gc,phases   ] GC(384)   Merge Heap Roots: 0.2ms
[2025-11-06T12:04:27.183+0700][36.830s][info][gc,phases   ] GC(384)   Evacuate Collection Set: 0.2ms
[2025-11-06T12:04:27.183+0700][36.830s][info][gc,phases   ] GC(384)   Post Evacuate Collection Set: 0.1ms
[2025-11-06T12:04:27.184+0700][36.830s][info][gc,phases   ] GC(384)   Other: 0.2ms
[2025-11-06T12:04:27.184+0700][36.830s][info][gc,heap     ] GC(384) Eden regions: 1->0(101)
[2025-11-06T12:04:27.184+0700][36.830s][info][gc,heap     ] GC(384) Survivor regions: 0->0(13)
[2025-11-06T12:04:27.184+0700][36.830s][info][gc,heap     ] GC(384) Old regions: 1->1
[2025-11-06T12:04:27.184+0700][36.830s][info][gc,heap     ] GC(384) Archive regions: 0->0
[2025-11-06T12:04:27.184+0700][36.830s][info][gc,heap     ] GC(384) Humongous regions: 1860->1860
[2025-11-06T12:04:27.184+0700][36.830s][info][gc,metaspace] GC(384) Metaspace: 9471K(9728K)->9471K(9728K) NonClass: 8331K(8448K)->8331K(8448K) Class: 1140K(1280K)->1140K(1280K)
[2025-11-06T12:04:27.184+0700][36.830s][info][gc          ] GC(384) Pause Young (Concurrent Start) (G1 Humongous Allocation) 7444M->7442M(8132M) 0.886ms
[2025-11-06T12:04:27.184+0700][36.830s][info][gc,cpu      ] GC(384) User=0.00s Sys=0.00s Real=0.00s
[2025-11-06T12:04:27.184+0700][36.830s][info][gc          ] GC(385) Concurrent Mark Cycle
[2025-11-06T12:04:27.184+0700][36.830s][info][gc,marking  ] GC(385) Concurrent Clear Claimed Marks
[2025-11-06T12:04:27.184+0700][36.830s][info][gc,marking  ] GC(385) Concurrent Clear Claimed Marks 0.016ms
[2025-11-06T12:04:27.184+0700][36.830s][info][gc,marking  ] GC(385) Concurrent Scan Root Regions
[2025-11-06T12:04:27.184+0700][36.830s][info][gc,marking  ] GC(385) Concurrent Scan Root Regions 0.010ms
[2025-11-06T12:04:27.184+0700][36.830s][info][gc,marking  ] GC(385) Concurrent Mark
[2025-11-06T12:04:27.184+0700][36.830s][info][gc,marking  ] GC(385) Concurrent Mark From Roots
[2025-11-06T12:04:27.184+0700][36.830s][info][gc,task     ] GC(385) Using 5 workers of 5 for marking
[2025-11-06T12:04:27.187+0700][36.833s][info][gc,marking  ] GC(385) Concurrent Mark From Roots 3.001ms
[2025-11-06T12:04:27.187+0700][36.833s][info][gc,marking  ] GC(385) Concurrent Preclean
[2025-11-06T12:04:27.187+0700][36.833s][info][gc,marking  ] GC(385) Concurrent Preclean 0.105ms
[2025-11-06T12:04:27.199+0700][36.845s][info][gc,start    ] GC(385) Pause Remark
[2025-11-06T12:04:27.199+0700][36.846s][info][gc          ] GC(385) Pause Remark 7466M->7466M(8132M) 0.679ms
[2025-11-06T12:04:27.199+0700][36.846s][info][gc,cpu      ] GC(385) User=0.00s Sys=0.00s Real=0.00s
[2025-11-06T12:04:27.199+0700][36.846s][info][gc,marking  ] GC(385) Concurrent Mark 15.633ms
[2025-11-06T12:04:27.199+0700][36.846s][info][gc,marking  ] GC(385) Concurrent Rebuild Remembered Sets
[2025-11-06T12:04:27.201+0700][36.848s][info][gc,marking  ] GC(385) Concurrent Rebuild Remembered Sets 1.522ms
[2025-11-06T12:04:27.215+0700][36.861s][info][gc,start    ] GC(385) Pause Cleanup
[2025-11-06T12:04:27.215+0700][36.861s][info][gc          ] GC(385) Pause Cleanup 7478M->7478M(8132M) 0.246ms
[2025-11-06T12:04:27.215+0700][36.862s][info][gc,cpu      ] GC(385) User=0.00s Sys=0.00s Real=0.00s
[2025-11-06T12:04:27.215+0700][36.862s][info][gc,marking  ] GC(385) Concurrent Cleanup for Next Mark
[2025-11-06T12:04:27.223+0700][36.870s][info][gc,marking  ] GC(385) Concurrent Cleanup for Next Mark 8.481ms
[2025-11-06T12:04:27.224+0700][36.870s][info][gc          ] GC(385) Concurrent Mark Cycle 39.953ms
[2025-11-06T12:04:27.224+0700][36.871s][info][gc,start    ] GC(386) Pause Young (Concurrent Start) (G1 Humongous Allocation)
[2025-11-06T12:04:27.224+0700][36.871s][info][gc,task     ] GC(386) Using 20 workers of 20 for evacuation
[2025-11-06T12:04:27.225+0700][36.872s][info][gc,phases   ] GC(386)   Pre Evacuate Collection Set: 0.2ms
[2025-11-06T12:04:27.225+0700][36.872s][info][gc,phases   ] GC(386)   Merge Heap Roots: 0.3ms
[2025-11-06T12:04:27.225+0700][36.872s][info][gc,phases   ] GC(386)   Evacuate Collection Set: 0.2ms
[2025-11-06T12:04:27.225+0700][36.872s][info][gc,phases   ] GC(386)   Post Evacuate Collection Set: 0.1ms
[2025-11-06T12:04:27.225+0700][36.872s][info][gc,phases   ] GC(386)   Other: 0.2ms
[2025-11-06T12:04:27.225+0700][36.872s][info][gc,heap     ] GC(386) Eden regions: 0->0(101)
[2025-11-06T12:04:27.225+0700][36.872s][info][gc,heap     ] GC(386) Survivor regions: 0->0(13)
[2025-11-06T12:04:27.225+0700][36.872s][info][gc,heap     ] GC(386) Old regions: 1->1
[2025-11-06T12:04:27.225+0700][36.872s][info][gc,heap     ] GC(386) Archive regions: 0->0
[2025-11-06T12:04:27.225+0700][36.872s][info][gc,heap     ] GC(386) Humongous regions: 1872->1872
[2025-11-06T12:04:27.225+0700][36.872s][info][gc,metaspace] GC(386) Metaspace: 9471K(9728K)->9471K(9728K) NonClass: 8331K(8448K)->8331K(8448K) Class: 1140K(1280K)->1140K(1280K)
[2025-11-06T12:04:27.225+0700][36.872s][info][gc          ] GC(386) Pause Young (Concurrent Start) (G1 Humongous Allocation) 7490M->7490M(8132M) 0.991ms
[2025-11-06T12:04:27.225+0700][36.872s][info][gc,cpu      ] GC(386) User=0.00s Sys=0.00s Real=0.00s
[2025-11-06T12:04:27.225+0700][36.872s][info][gc          ] GC(387) Concurrent Mark Cycle
[2025-11-06T12:04:27.225+0700][36.872s][info][gc,marking  ] GC(387) Concurrent Clear Claimed Marks
[2025-11-06T12:04:27.225+0700][36.872s][info][gc,marking  ] GC(387) Concurrent Clear Claimed Marks 0.007ms
[2025-11-06T12:04:27.225+0700][36.872s][info][gc,marking  ] GC(387) Concurrent Scan Root Regions
[2025-11-06T12:04:27.225+0700][36.872s][info][gc,marking  ] GC(387) Concurrent Scan Root Regions 0.005ms
[2025-11-06T12:04:27.225+0700][36.872s][info][gc,marking  ] GC(387) Concurrent Mark
[2025-11-06T12:04:27.225+0700][36.872s][info][gc,marking  ] GC(387) Concurrent Mark From Roots
[2025-11-06T12:04:27.225+0700][36.872s][info][gc,task     ] GC(387) Using 5 workers of 5 for marking
[2025-11-06T12:04:27.227+0700][36.874s][info][gc,marking  ] GC(387) Concurrent Mark From Roots 2.257ms
[2025-11-06T12:04:27.227+0700][36.874s][info][gc,marking  ] GC(387) Concurrent Preclean
[2025-11-06T12:04:27.227+0700][36.874s][info][gc,marking  ] GC(387) Concurrent Preclean 0.106ms
[2025-11-06T12:04:27.228+0700][36.874s][info][gc,start    ] GC(387) Pause Remark
[2025-11-06T12:04:27.228+0700][36.875s][info][gc          ] GC(387) Pause Remark 7502M->7502M(8132M) 0.494ms
[2025-11-06T12:04:27.228+0700][36.875s][info][gc,cpu      ] GC(387) User=0.00s Sys=0.00s Real=0.00s
[2025-11-06T12:04:27.228+0700][36.875s][info][gc,marking  ] GC(387) Concurrent Mark 3.195ms
[2025-11-06T12:04:27.228+0700][36.875s][info][gc,marking  ] GC(387) Concurrent Rebuild Remembered Sets
[2025-11-06T12:04:27.229+0700][36.876s][info][gc,marking  ] GC(387) Concurrent Rebuild Remembered Sets 1.175ms
[2025-11-06T12:04:27.245+0700][36.891s][info][gc,start    ] GC(387) Pause Cleanup
[2025-11-06T12:04:27.245+0700][36.891s][info][gc          ] GC(387) Pause Cleanup 7514M->7514M(8132M) 0.230ms
[2025-11-06T12:04:27.245+0700][36.892s][info][gc,cpu      ] GC(387) User=0.00s Sys=0.00s Real=0.00s
[2025-11-06T12:04:27.245+0700][36.892s][info][gc,marking  ] GC(387) Concurrent Cleanup for Next Mark
[2025-11-06T12:04:27.254+0700][36.900s][info][gc,marking  ] GC(387) Concurrent Cleanup for Next Mark 8.828ms
[2025-11-06T12:04:27.254+0700][36.901s][info][gc          ] GC(387) Concurrent Mark Cycle 28.921ms
[2025-11-06T12:04:27.254+0700][36.901s][info][gc,start    ] GC(388) Pause Young (Concurrent Start) (G1 Humongous Allocation)
[2025-11-06T12:04:27.254+0700][36.901s][info][gc,task     ] GC(388) Using 20 workers of 20 for evacuation
[2025-11-06T12:04:27.255+0700][36.902s][info][gc,phases   ] GC(388)   Pre Evacuate Collection Set: 0.2ms
[2025-11-06T12:04:27.255+0700][36.902s][info][gc,phases   ] GC(388)   Merge Heap Roots: 0.3ms
[2025-11-06T12:04:27.255+0700][36.902s][info][gc,phases   ] GC(388)   Evacuate Collection Set: 0.2ms
[2025-11-06T12:04:27.255+0700][36.902s][info][gc,phases   ] GC(388)   Post Evacuate Collection Set: 0.1ms
[2025-11-06T12:04:27.255+0700][36.902s][info][gc,phases   ] GC(388)   Other: 0.2ms
[2025-11-06T12:04:27.255+0700][36.902s][info][gc,heap     ] GC(388) Eden regions: 0->0(101)
[2025-11-06T12:04:27.255+0700][36.902s][info][gc,heap     ] GC(388) Survivor regions: 0->0(13)
[2025-11-06T12:04:27.255+0700][36.902s][info][gc,heap     ] GC(388) Old regions: 1->1
[2025-11-06T12:04:27.255+0700][36.902s][info][gc,heap     ] GC(388) Archive regions: 0->0
[2025-11-06T12:04:27.255+0700][36.902s][info][gc,heap     ] GC(388) Humongous regions: 1884->1884
[2025-11-06T12:04:27.255+0700][36.902s][info][gc,metaspace] GC(388) Metaspace: 9471K(9728K)->9471K(9728K) NonClass: 8331K(8448K)->8331K(8448K) Class: 1140K(1280K)->1140K(1280K)
[2025-11-06T12:04:27.255+0700][36.902s][info][gc          ] GC(388) Pause Young (Concurrent Start) (G1 Humongous Allocation) 7538M->7538M(8132M) 1.037ms
[2025-11-06T12:04:27.255+0700][36.902s][info][gc,cpu      ] GC(388) User=0.00s Sys=0.00s Real=0.00s
[2025-11-06T12:04:27.255+0700][36.902s][info][gc          ] GC(389) Concurrent Mark Cycle
[2025-11-06T12:04:27.255+0700][36.902s][info][gc,marking  ] GC(389) Concurrent Clear Claimed Marks
[2025-11-06T12:04:27.255+0700][36.902s][info][gc,marking  ] GC(389) Concurrent Clear Claimed Marks 0.008ms
[2025-11-06T12:04:27.255+0700][36.902s][info][gc,marking  ] GC(389) Concurrent Scan Root Regions
[2025-11-06T12:04:27.255+0700][36.902s][info][gc,marking  ] GC(389) Concurrent Scan Root Regions 0.005ms
[2025-11-06T12:04:27.255+0700][36.902s][info][gc,marking  ] GC(389) Concurrent Mark
[2025-11-06T12:04:27.255+0700][36.902s][info][gc,marking  ] GC(389) Concurrent Mark From Roots
[2025-11-06T12:04:27.255+0700][36.902s][info][gc,task     ] GC(389) Using 5 workers of 5 for marking
[2025-11-06T12:04:27.258+0700][36.904s][info][gc,marking  ] GC(389) Concurrent Mark From Roots 2.301ms
[2025-11-06T12:04:27.258+0700][36.904s][info][gc,marking  ] GC(389) Concurrent Preclean
[2025-11-06T12:04:27.258+0700][36.905s][info][gc,marking  ] GC(389) Concurrent Preclean 0.102ms
[2025-11-06T12:04:27.258+0700][36.905s][info][gc,start    ] GC(389) Pause Remark
[2025-11-06T12:04:27.259+0700][36.905s][info][gc          ] GC(389) Pause Remark 7550M->7550M(8132M) 0.504ms
[2025-11-06T12:04:27.259+0700][36.905s][info][gc,cpu      ] GC(389) User=0.00s Sys=0.00s Real=0.00s
[2025-11-06T12:04:27.259+0700][36.906s][info][gc,marking  ] GC(389) Concurrent Mark 3.385ms
[2025-11-06T12:04:27.259+0700][36.906s][info][gc,marking  ] GC(389) Concurrent Rebuild Remembered Sets
[2025-11-06T12:04:27.260+0700][36.907s][info][gc,marking  ] GC(389) Concurrent Rebuild Remembered Sets 1.199ms
[2025-11-06T12:04:27.277+0700][36.923s][info][gc,start    ] GC(389) Pause Cleanup
[2025-11-06T12:04:27.277+0700][36.923s][info][gc          ] GC(389) Pause Cleanup 7562M->7562M(8132M) 0.189ms
[2025-11-06T12:04:27.277+0700][36.923s][info][gc,cpu      ] GC(389) User=0.00s Sys=0.00s Real=0.00s
[2025-11-06T12:04:27.277+0700][36.923s][info][gc,marking  ] GC(389) Concurrent Cleanup for Next Mark
[2025-11-06T12:04:27.284+0700][36.931s][info][gc,marking  ] GC(389) Concurrent Cleanup for Next Mark 7.402ms
[2025-11-06T12:04:27.284+0700][36.931s][info][gc          ] GC(389) Concurrent Mark Cycle 28.872ms
[2025-11-06T12:04:27.786+0700][37.432s][info][gc,start    ] GC(390) Pause Young (Concurrent Start) (G1 Humongous Allocation)
[2025-11-06T12:04:27.786+0700][37.432s][info][gc,task     ] GC(390) Using 20 workers of 20 for evacuation
[2025-11-06T12:04:27.787+0700][37.433s][info][gc,phases   ] GC(390)   Pre Evacuate Collection Set: 0.2ms
[2025-11-06T12:04:27.787+0700][37.433s][info][gc,phases   ] GC(390)   Merge Heap Roots: 0.2ms
[2025-11-06T12:04:27.787+0700][37.433s][info][gc,phases   ] GC(390)   Evacuate Collection Set: 0.2ms
[2025-11-06T12:04:27.787+0700][37.433s][info][gc,phases   ] GC(390)   Post Evacuate Collection Set: 0.1ms
[2025-11-06T12:04:27.787+0700][37.433s][info][gc,phases   ] GC(390)   Other: 0.3ms
[2025-11-06T12:04:27.787+0700][37.433s][info][gc,heap     ] GC(390) Eden regions: 1->0(101)
[2025-11-06T12:04:27.787+0700][37.433s][info][gc,heap     ] GC(390) Survivor regions: 0->0(13)
[2025-11-06T12:04:27.787+0700][37.433s][info][gc,heap     ] GC(390) Old regions: 1->1
[2025-11-06T12:04:27.787+0700][37.433s][info][gc,heap     ] GC(390) Archive regions: 0->0
[2025-11-06T12:04:27.787+0700][37.433s][info][gc,heap     ] GC(390) Humongous regions: 1890->1890
[2025-11-06T12:04:27.787+0700][37.433s][info][gc,metaspace] GC(390) Metaspace: 9471K(9728K)->9471K(9728K) NonClass: 8331K(8448K)->8331K(8448K) Class: 1140K(1280K)->1140K(1280K)
[2025-11-06T12:04:27.787+0700][37.433s][info][gc          ] GC(390) Pause Young (Concurrent Start) (G1 Humongous Allocation) 7564M->7562M(8132M) 1.022ms
[2025-11-06T12:04:27.787+0700][37.433s][info][gc,cpu      ] GC(390) User=0.00s Sys=0.00s Real=0.00s
[2025-11-06T12:04:27.787+0700][37.433s][info][gc          ] GC(391) Concurrent Mark Cycle
[2025-11-06T12:04:27.787+0700][37.433s][info][gc,marking  ] GC(391) Concurrent Clear Claimed Marks
[2025-11-06T12:04:27.787+0700][37.433s][info][gc,marking  ] GC(391) Concurrent Clear Claimed Marks 0.009ms
[2025-11-06T12:04:27.787+0700][37.433s][info][gc,marking  ] GC(391) Concurrent Scan Root Regions
[2025-11-06T12:04:27.787+0700][37.433s][info][gc,marking  ] GC(391) Concurrent Scan Root Regions 0.006ms
[2025-11-06T12:04:27.787+0700][37.433s][info][gc,marking  ] GC(391) Concurrent Mark
[2025-11-06T12:04:27.787+0700][37.433s][info][gc,marking  ] GC(391) Concurrent Mark From Roots
[2025-11-06T12:04:27.787+0700][37.433s][info][gc,task     ] GC(391) Using 5 workers of 5 for marking
[2025-11-06T12:04:27.789+0700][37.436s][info][gc,marking  ] GC(391) Concurrent Mark From Roots 2.148ms
[2025-11-06T12:04:27.789+0700][37.436s][info][gc,marking  ] GC(391) Concurrent Preclean
[2025-11-06T12:04:27.789+0700][37.436s][info][gc,marking  ] GC(391) Concurrent Preclean 0.103ms
[2025-11-06T12:04:27.790+0700][37.437s][info][gc,start    ] GC(391) Pause Remark
[2025-11-06T12:04:27.791+0700][37.437s][info][gc          ] GC(391) Pause Remark 7574M->7574M(8132M) 0.771ms
[2025-11-06T12:04:27.791+0700][37.437s][info][gc,cpu      ] GC(391) User=0.00s Sys=0.00s Real=0.00s
[2025-11-06T12:04:27.791+0700][37.437s][info][gc,marking  ] GC(391) Concurrent Mark 3.898ms
[2025-11-06T12:04:27.791+0700][37.437s][info][gc,marking  ] GC(391) Concurrent Rebuild Remembered Sets
[2025-11-06T12:04:27.792+0700][37.439s][info][gc,marking  ] GC(391) Concurrent Rebuild Remembered Sets 1.219ms
[2025-11-06T12:04:27.801+0700][37.447s][info][gc,start    ] GC(391) Pause Cleanup
[2025-11-06T12:04:27.801+0700][37.448s][info][gc          ] GC(391) Pause Cleanup 7586M->7586M(8132M) 0.356ms
[2025-11-06T12:04:27.801+0700][37.448s][info][gc,cpu      ] GC(391) User=0.00s Sys=0.00s Real=0.00s
[2025-11-06T12:04:27.801+0700][37.448s][info][gc,marking  ] GC(391) Concurrent Cleanup for Next Mark
[2025-11-06T12:04:27.809+0700][37.456s][info][gc,marking  ] GC(391) Concurrent Cleanup for Next Mark 8.123ms
[2025-11-06T12:04:27.809+0700][37.456s][info][gc          ] GC(391) Concurrent Mark Cycle 22.467ms
[2025-11-06T12:04:27.809+0700][37.456s][info][gc,start    ] GC(392) Pause Young (Concurrent Start) (G1 Humongous Allocation)
[2025-11-06T12:04:27.809+0700][37.456s][info][gc,task     ] GC(392) Using 20 workers of 20 for evacuation
[2025-11-06T12:04:27.810+0700][37.457s][info][gc,phases   ] GC(392)   Pre Evacuate Collection Set: 0.2ms
[2025-11-06T12:04:27.810+0700][37.457s][info][gc,phases   ] GC(392)   Merge Heap Roots: 0.2ms
[2025-11-06T12:04:27.810+0700][37.457s][info][gc,phases   ] GC(392)   Evacuate Collection Set: 0.1ms
[2025-11-06T12:04:27.810+0700][37.457s][info][gc,phases   ] GC(392)   Post Evacuate Collection Set: 0.1ms
[2025-11-06T12:04:27.810+0700][37.457s][info][gc,phases   ] GC(392)   Other: 0.2ms
[2025-11-06T12:04:27.810+0700][37.457s][info][gc,heap     ] GC(392) Eden regions: 0->0(101)
[2025-11-06T12:04:27.810+0700][37.457s][info][gc,heap     ] GC(392) Survivor regions: 0->0(13)
[2025-11-06T12:04:27.810+0700][37.457s][info][gc,heap     ] GC(392) Old regions: 1->1
[2025-11-06T12:04:27.810+0700][37.457s][info][gc,heap     ] GC(392) Archive regions: 0->0
[2025-11-06T12:04:27.810+0700][37.457s][info][gc,heap     ] GC(392) Humongous regions: 1899->1899
[2025-11-06T12:04:27.810+0700][37.457s][info][gc,metaspace] GC(392) Metaspace: 9471K(9728K)->9471K(9728K) NonClass: 8331K(8448K)->8331K(8448K) Class: 1140K(1280K)->1140K(1280K)
[2025-11-06T12:04:27.810+0700][37.457s][info][gc          ] GC(392) Pause Young (Concurrent Start) (G1 Humongous Allocation) 7598M->7598M(8132M) 0.905ms
[2025-11-06T12:04:27.810+0700][37.457s][info][gc,cpu      ] GC(392) User=0.00s Sys=0.00s Real=0.00s
[2025-11-06T12:04:27.810+0700][37.457s][info][gc          ] GC(393) Concurrent Mark Cycle
[2025-11-06T12:04:27.810+0700][37.457s][info][gc,marking  ] GC(393) Concurrent Clear Claimed Marks
[2025-11-06T12:04:27.810+0700][37.457s][info][gc,marking  ] GC(393) Concurrent Clear Claimed Marks 0.008ms
[2025-11-06T12:04:27.810+0700][37.457s][info][gc,marking  ] GC(393) Concurrent Scan Root Regions
[2025-11-06T12:04:27.810+0700][37.457s][info][gc,marking  ] GC(393) Concurrent Scan Root Regions 0.006ms
[2025-11-06T12:04:27.810+0700][37.457s][info][gc,marking  ] GC(393) Concurrent Mark
[2025-11-06T12:04:27.810+0700][37.457s][info][gc,marking  ] GC(393) Concurrent Mark From Roots
[2025-11-06T12:04:27.810+0700][37.457s][info][gc,task     ] GC(393) Using 5 workers of 5 for marking
[2025-11-06T12:04:27.814+0700][37.461s][info][gc,marking  ] GC(393) Concurrent Mark From Roots 3.724ms
[2025-11-06T12:04:27.814+0700][37.461s][info][gc,marking  ] GC(393) Concurrent Preclean
[2025-11-06T12:04:27.814+0700][37.461s][info][gc,marking  ] GC(393) Concurrent Preclean 0.104ms
[2025-11-06T12:04:27.817+0700][37.463s][info][gc,start    ] GC(393) Pause Remark
[2025-11-06T12:04:27.817+0700][37.464s][info][gc          ] GC(393) Pause Remark 7622M->7622M(8132M) 0.638ms
[2025-11-06T12:04:27.817+0700][37.464s][info][gc,cpu      ] GC(393) User=0.00s Sys=0.00s Real=0.00s
[2025-11-06T12:04:27.817+0700][37.464s][info][gc,marking  ] GC(393) Concurrent Mark 6.993ms
[2025-11-06T12:04:27.817+0700][37.464s][info][gc,marking  ] GC(393) Concurrent Rebuild Remembered Sets
[2025-11-06T12:04:27.819+0700][37.465s][info][gc,marking  ] GC(393) Concurrent Rebuild Remembered Sets 1.298ms
[2025-11-06T12:04:27.832+0700][37.478s][info][gc,start    ] GC(393) Pause Cleanup
[2025-11-06T12:04:27.832+0700][37.478s][info][gc          ] GC(393) Pause Cleanup 7634M->7634M(8132M) 0.220ms
[2025-11-06T12:04:27.832+0700][37.479s][info][gc,cpu      ] GC(393) User=0.00s Sys=0.00s Real=0.00s
[2025-11-06T12:04:27.832+0700][37.479s][info][gc,marking  ] GC(393) Concurrent Cleanup for Next Mark
[2025-11-06T12:04:27.841+0700][37.487s][info][gc,marking  ] GC(393) Concurrent Cleanup for Next Mark 8.382ms
[2025-11-06T12:04:27.841+0700][37.487s][info][gc          ] GC(393) Concurrent Mark Cycle 30.158ms
[2025-11-06T12:04:27.844+0700][37.490s][info][gc,start    ] GC(394) Pause Young (Concurrent Start) (G1 Humongous Allocation)
[2025-11-06T12:04:27.844+0700][37.490s][info][gc,task     ] GC(394) Using 20 workers of 20 for evacuation
[2025-11-06T12:04:27.845+0700][37.491s][info][gc,phases   ] GC(394)   Pre Evacuate Collection Set: 0.2ms
[2025-11-06T12:04:27.845+0700][37.491s][info][gc,phases   ] GC(394)   Merge Heap Roots: 0.2ms
[2025-11-06T12:04:27.845+0700][37.491s][info][gc,phases   ] GC(394)   Evacuate Collection Set: 0.2ms
[2025-11-06T12:04:27.845+0700][37.491s][info][gc,phases   ] GC(394)   Post Evacuate Collection Set: 0.1ms
[2025-11-06T12:04:27.845+0700][37.491s][info][gc,phases   ] GC(394)   Other: 0.2ms
[2025-11-06T12:04:27.845+0700][37.491s][info][gc,heap     ] GC(394) Eden regions: 0->0(101)
[2025-11-06T12:04:27.845+0700][37.491s][info][gc,heap     ] GC(394) Survivor regions: 0->0(13)
[2025-11-06T12:04:27.845+0700][37.491s][info][gc,heap     ] GC(394) Old regions: 1->1
[2025-11-06T12:04:27.845+0700][37.491s][info][gc,heap     ] GC(394) Archive regions: 0->0
[2025-11-06T12:04:27.845+0700][37.491s][info][gc,heap     ] GC(394) Humongous regions: 1914->1914
[2025-11-06T12:04:27.845+0700][37.491s][info][gc,metaspace] GC(394) Metaspace: 9471K(9728K)->9471K(9728K) NonClass: 8331K(8448K)->8331K(8448K) Class: 1140K(1280K)->1140K(1280K)
[2025-11-06T12:04:27.845+0700][37.491s][info][gc          ] GC(394) Pause Young (Concurrent Start) (G1 Humongous Allocation) 7658M->7658M(8132M) 0.986ms
[2025-11-06T12:04:27.845+0700][37.491s][info][gc,cpu      ] GC(394) User=0.00s Sys=0.00s Real=0.00s
[2025-11-06T12:04:27.845+0700][37.491s][info][gc          ] GC(395) Concurrent Mark Cycle
[2025-11-06T12:04:27.845+0700][37.491s][info][gc,marking  ] GC(395) Concurrent Clear Claimed Marks
[2025-11-06T12:04:27.845+0700][37.491s][info][gc,marking  ] GC(395) Concurrent Clear Claimed Marks 0.008ms
[2025-11-06T12:04:27.845+0700][37.491s][info][gc,marking  ] GC(395) Concurrent Scan Root Regions
[2025-11-06T12:04:27.845+0700][37.491s][info][gc,marking  ] GC(395) Concurrent Scan Root Regions 0.006ms
[2025-11-06T12:04:27.845+0700][37.491s][info][gc,marking  ] GC(395) Concurrent Mark
[2025-11-06T12:04:27.845+0700][37.491s][info][gc,marking  ] GC(395) Concurrent Mark From Roots
[2025-11-06T12:04:27.845+0700][37.491s][info][gc,task     ] GC(395) Using 5 workers of 5 for marking
[2025-11-06T12:04:27.848+0700][37.495s][info][gc,marking  ] GC(395) Concurrent Mark From Roots 3.090ms
[2025-11-06T12:04:27.848+0700][37.495s][info][gc,marking  ] GC(395) Concurrent Preclean
[2025-11-06T12:04:27.848+0700][37.495s][info][gc,marking  ] GC(395) Concurrent Preclean 0.109ms
[2025-11-06T12:04:27.848+0700][37.495s][info][gc,start    ] GC(395) Pause Remark
[2025-11-06T12:04:27.849+0700][37.495s][info][gc          ] GC(395) Pause Remark 7670M->7670M(8132M) 0.525ms
[2025-11-06T12:04:27.849+0700][37.495s][info][gc,cpu      ] GC(395) User=0.00s Sys=0.00s Real=0.00s
[2025-11-06T12:04:27.849+0700][37.495s][info][gc,marking  ] GC(395) Concurrent Mark 4.000ms
[2025-11-06T12:04:27.849+0700][37.496s][info][gc,marking  ] GC(395) Concurrent Rebuild Remembered Sets
[2025-11-06T12:04:27.850+0700][37.497s][info][gc,marking  ] GC(395) Concurrent Rebuild Remembered Sets 1.163ms
[2025-11-06T12:04:27.863+0700][37.509s][info][gc,start    ] GC(395) Pause Cleanup
[2025-11-06T12:04:27.863+0700][37.510s][info][gc          ] GC(395) Pause Cleanup 7682M->7682M(8132M) 0.239ms
[2025-11-06T12:04:27.863+0700][37.510s][info][gc,cpu      ] GC(395) User=0.00s Sys=0.00s Real=0.00s
[2025-11-06T12:04:27.863+0700][37.510s][info][gc,marking  ] GC(395) Concurrent Cleanup for Next Mark
[2025-11-06T12:04:27.871+0700][37.518s][info][gc,marking  ] GC(395) Concurrent Cleanup for Next Mark 7.977ms
[2025-11-06T12:04:27.871+0700][37.518s][info][gc          ] GC(395) Concurrent Mark Cycle 26.373ms
[2025-11-06T12:04:28.374+0700][38.020s][info][gc,start    ] GC(396) Pause Young (Concurrent Start) (G1 Humongous Allocation)
[2025-11-06T12:04:28.374+0700][38.020s][info][gc,task     ] GC(396) Using 20 workers of 20 for evacuation
[2025-11-06T12:04:28.374+0700][38.021s][info][gc,phases   ] GC(396)   Pre Evacuate Collection Set: 0.2ms
[2025-11-06T12:04:28.374+0700][38.021s][info][gc,phases   ] GC(396)   Merge Heap Roots: 0.2ms
[2025-11-06T12:04:28.374+0700][38.021s][info][gc,phases   ] GC(396)   Evacuate Collection Set: 0.1ms
[2025-11-06T12:04:28.374+0700][38.021s][info][gc,phases   ] GC(396)   Post Evacuate Collection Set: 0.1ms
[2025-11-06T12:04:28.374+0700][38.021s][info][gc,phases   ] GC(396)   Other: 0.2ms
[2025-11-06T12:04:28.374+0700][38.021s][info][gc,heap     ] GC(396) Eden regions: 1->0(101)
[2025-11-06T12:04:28.374+0700][38.021s][info][gc,heap     ] GC(396) Survivor regions: 0->0(13)
[2025-11-06T12:04:28.375+0700][38.021s][info][gc,heap     ] GC(396) Old regions: 1->1
[2025-11-06T12:04:28.375+0700][38.021s][info][gc,heap     ] GC(396) Archive regions: 0->0
[2025-11-06T12:04:28.375+0700][38.021s][info][gc,heap     ] GC(396) Humongous regions: 1920->1920
[2025-11-06T12:04:28.375+0700][38.021s][info][gc,metaspace] GC(396) Metaspace: 9471K(9728K)->9471K(9728K) NonClass: 8331K(8448K)->8331K(8448K) Class: 1140K(1280K)->1140K(1280K)
[2025-11-06T12:04:28.375+0700][38.021s][info][gc          ] GC(396) Pause Young (Concurrent Start) (G1 Humongous Allocation) 7684M->7682M(8132M) 0.831ms
[2025-11-06T12:04:28.375+0700][38.021s][info][gc,cpu      ] GC(396) User=0.00s Sys=0.00s Real=0.00s
[2025-11-06T12:04:28.375+0700][38.021s][info][gc          ] GC(397) Concurrent Mark Cycle
[2025-11-06T12:04:28.375+0700][38.021s][info][gc,marking  ] GC(397) Concurrent Clear Claimed Marks
[2025-11-06T12:04:28.375+0700][38.021s][info][gc,marking  ] GC(397) Concurrent Clear Claimed Marks 0.008ms
[2025-11-06T12:04:28.375+0700][38.021s][info][gc,marking  ] GC(397) Concurrent Scan Root Regions
[2025-11-06T12:04:28.375+0700][38.021s][info][gc,marking  ] GC(397) Concurrent Scan Root Regions 0.005ms
[2025-11-06T12:04:28.375+0700][38.021s][info][gc,marking  ] GC(397) Concurrent Mark
[2025-11-06T12:04:28.375+0700][38.021s][info][gc,marking  ] GC(397) Concurrent Mark From Roots
[2025-11-06T12:04:28.375+0700][38.021s][info][gc,task     ] GC(397) Using 5 workers of 5 for marking
[2025-11-06T12:04:28.377+0700][38.023s][info][gc,marking  ] GC(397) Concurrent Mark From Roots 2.476ms
[2025-11-06T12:04:28.377+0700][38.023s][info][gc,marking  ] GC(397) Concurrent Preclean
[2025-11-06T12:04:28.377+0700][38.024s][info][gc,marking  ] GC(397) Concurrent Preclean 0.105ms
[2025-11-06T12:04:28.378+0700][38.024s][info][gc,start    ] GC(397) Pause Remark
[2025-11-06T12:04:28.378+0700][38.024s][info][gc          ] GC(397) Pause Remark 7694M->7694M(8132M) 0.495ms
[2025-11-06T12:04:28.378+0700][38.024s][info][gc,cpu      ] GC(397) User=0.00s Sys=0.00s Real=0.00s
[2025-11-06T12:04:28.378+0700][38.024s][info][gc,marking  ] GC(397) Concurrent Mark 3.433ms
[2025-11-06T12:04:28.378+0700][38.024s][info][gc,marking  ] GC(397) Concurrent Rebuild Remembered Sets
[2025-11-06T12:04:28.379+0700][38.026s][info][gc,marking  ] GC(397) Concurrent Rebuild Remembered Sets 1.316ms
[2025-11-06T12:04:28.389+0700][38.035s][info][gc,start    ] GC(397) Pause Cleanup
[2025-11-06T12:04:28.389+0700][38.035s][info][gc          ] GC(397) Pause Cleanup 7706M->7706M(8132M) 0.271ms
[2025-11-06T12:04:28.389+0700][38.035s][info][gc,cpu      ] GC(397) User=0.00s Sys=0.00s Real=0.00s
[2025-11-06T12:04:28.389+0700][38.035s][info][gc,marking  ] GC(397) Concurrent Cleanup for Next Mark
[2025-11-06T12:04:28.397+0700][38.043s][info][gc,marking  ] GC(397) Concurrent Cleanup for Next Mark 7.440ms
[2025-11-06T12:04:28.397+0700][38.043s][info][gc          ] GC(397) Concurrent Mark Cycle 21.842ms
[2025-11-06T12:04:28.398+0700][38.044s][info][gc,start    ] GC(398) Pause Young (Concurrent Start) (G1 Humongous Allocation)
[2025-11-06T12:04:28.398+0700][38.044s][info][gc,task     ] GC(398) Using 20 workers of 20 for evacuation
[2025-11-06T12:04:28.399+0700][38.045s][info][gc,phases   ] GC(398)   Pre Evacuate Collection Set: 0.2ms
[2025-11-06T12:04:28.399+0700][38.045s][info][gc,phases   ] GC(398)   Merge Heap Roots: 0.2ms
[2025-11-06T12:04:28.399+0700][38.045s][info][gc,phases   ] GC(398)   Evacuate Collection Set: 0.1ms
[2025-11-06T12:04:28.399+0700][38.045s][info][gc,phases   ] GC(398)   Post Evacuate Collection Set: 0.1ms
[2025-11-06T12:04:28.399+0700][38.045s][info][gc,phases   ] GC(398)   Other: 0.3ms
[2025-11-06T12:04:28.399+0700][38.045s][info][gc,heap     ] GC(398) Eden regions: 0->0(101)
[2025-11-06T12:04:28.399+0700][38.045s][info][gc,heap     ] GC(398) Survivor regions: 0->0(13)
[2025-11-06T12:04:28.399+0700][38.045s][info][gc,heap     ] GC(398) Old regions: 1->1
[2025-11-06T12:04:28.399+0700][38.045s][info][gc,heap     ] GC(398) Archive regions: 0->0
[2025-11-06T12:04:28.399+0700][38.045s][info][gc,heap     ] GC(398) Humongous regions: 1929->1929
[2025-11-06T12:04:28.399+0700][38.045s][info][gc,metaspace] GC(398) Metaspace: 9471K(9728K)->9471K(9728K) NonClass: 8331K(8448K)->8331K(8448K) Class: 1140K(1280K)->1140K(1280K)
[2025-11-06T12:04:28.399+0700][38.045s][info][gc          ] GC(398) Pause Young (Concurrent Start) (G1 Humongous Allocation) 7718M->7718M(8132M) 1.038ms
[2025-11-06T12:04:28.399+0700][38.045s][info][gc,cpu      ] GC(398) User=0.00s Sys=0.00s Real=0.00s
[2025-11-06T12:04:28.399+0700][38.045s][info][gc          ] GC(399) Concurrent Mark Cycle
[2025-11-06T12:04:28.399+0700][38.045s][info][gc,marking  ] GC(399) Concurrent Clear Claimed Marks
[2025-11-06T12:04:28.399+0700][38.045s][info][gc,marking  ] GC(399) Concurrent Clear Claimed Marks 0.011ms
[2025-11-06T12:04:28.399+0700][38.045s][info][gc,marking  ] GC(399) Concurrent Scan Root Regions
[2025-11-06T12:04:28.399+0700][38.045s][info][gc,marking  ] GC(399) Concurrent Scan Root Regions 0.006ms
[2025-11-06T12:04:28.399+0700][38.045s][info][gc,marking  ] GC(399) Concurrent Mark
[2025-11-06T12:04:28.399+0700][38.045s][info][gc,marking  ] GC(399) Concurrent Mark From Roots
[2025-11-06T12:04:28.399+0700][38.045s][info][gc,task     ] GC(399) Using 5 workers of 5 for marking
[2025-11-06T12:04:28.401+0700][38.047s][info][gc,marking  ] GC(399) Concurrent Mark From Roots 2.309ms
[2025-11-06T12:04:28.401+0700][38.047s][info][gc,marking  ] GC(399) Concurrent Preclean
[2025-11-06T12:04:28.401+0700][38.047s][info][gc,marking  ] GC(399) Concurrent Preclean 0.105ms
[2025-11-06T12:04:28.402+0700][38.048s][info][gc,start    ] GC(399) Pause Remark
[2025-11-06T12:04:28.403+0700][38.049s][info][gc          ] GC(399) Pause Remark 7730M->7730M(8132M) 0.818ms
[2025-11-06T12:04:28.403+0700][38.049s][info][gc,cpu      ] GC(399) User=0.00s Sys=0.00s Real=0.00s
[2025-11-06T12:04:28.403+0700][38.049s][info][gc,marking  ] GC(399) Concurrent Mark 3.871ms
[2025-11-06T12:04:28.403+0700][38.049s][info][gc,marking  ] GC(399) Concurrent Rebuild Remembered Sets
[2025-11-06T12:04:28.404+0700][38.050s][info][gc,marking  ] GC(399) Concurrent Rebuild Remembered Sets 1.423ms
[2025-11-06T12:04:28.421+0700][38.067s][info][gc,start    ] GC(399) Pause Cleanup
[2025-11-06T12:04:28.421+0700][38.067s][info][gc          ] GC(399) Pause Cleanup 7742M->7742M(8132M) 0.227ms
[2025-11-06T12:04:28.421+0700][38.067s][info][gc,cpu      ] GC(399) User=0.00s Sys=0.00s Real=0.00s
[2025-11-06T12:04:28.421+0700][38.067s][info][gc,marking  ] GC(399) Concurrent Cleanup for Next Mark
[2025-11-06T12:04:28.429+0700][38.075s][info][gc,marking  ] GC(399) Concurrent Cleanup for Next Mark 8.535ms
[2025-11-06T12:04:28.429+0700][38.076s][info][gc          ] GC(399) Concurrent Mark Cycle 30.963ms
[2025-11-06T12:04:28.432+0700][38.079s][info][gc,start    ] GC(400) Pause Young (Concurrent Start) (G1 Humongous Allocation)
[2025-11-06T12:04:28.432+0700][38.079s][info][gc,task     ] GC(400) Using 20 workers of 20 for evacuation
[2025-11-06T12:04:28.433+0700][38.079s][info][gc,phases   ] GC(400)   Pre Evacuate Collection Set: 0.1ms
[2025-11-06T12:04:28.433+0700][38.079s][info][gc,phases   ] GC(400)   Merge Heap Roots: 0.2ms
[2025-11-06T12:04:28.433+0700][38.079s][info][gc,phases   ] GC(400)   Evacuate Collection Set: 0.2ms
[2025-11-06T12:04:28.433+0700][38.079s][info][gc,phases   ] GC(400)   Post Evacuate Collection Set: 0.1ms
[2025-11-06T12:04:28.433+0700][38.079s][info][gc,phases   ] GC(400)   Other: 0.1ms
[2025-11-06T12:04:28.433+0700][38.079s][info][gc,heap     ] GC(400) Eden regions: 0->0(101)
[2025-11-06T12:04:28.433+0700][38.079s][info][gc,heap     ] GC(400) Survivor regions: 0->0(13)
[2025-11-06T12:04:28.433+0700][38.079s][info][gc,heap     ] GC(400) Old regions: 1->1
[2025-11-06T12:04:28.433+0700][38.079s][info][gc,heap     ] GC(400) Archive regions: 0->0
[2025-11-06T12:04:28.433+0700][38.079s][info][gc,heap     ] GC(400) Humongous regions: 1941->1941
[2025-11-06T12:04:28.433+0700][38.079s][info][gc,metaspace] GC(400) Metaspace: 9471K(9728K)->9471K(9728K) NonClass: 8331K(8448K)->8331K(8448K) Class: 1140K(1280K)->1140K(1280K)
[2025-11-06T12:04:28.433+0700][38.079s][info][gc          ] GC(400) Pause Young (Concurrent Start) (G1 Humongous Allocation) 7766M->7766M(8132M) 0.748ms
[2025-11-06T12:04:28.433+0700][38.079s][info][gc,cpu      ] GC(400) User=0.00s Sys=0.00s Real=0.00s
[2025-11-06T12:04:28.433+0700][38.079s][info][gc          ] GC(401) Concurrent Mark Cycle
[2025-11-06T12:04:28.433+0700][38.079s][info][gc,marking  ] GC(401) Concurrent Clear Claimed Marks
[2025-11-06T12:04:28.433+0700][38.079s][info][gc,marking  ] GC(401) Concurrent Clear Claimed Marks 0.007ms
[2025-11-06T12:04:28.433+0700][38.079s][info][gc,marking  ] GC(401) Concurrent Scan Root Regions
[2025-11-06T12:04:28.433+0700][38.079s][info][gc,marking  ] GC(401) Concurrent Scan Root Regions 0.005ms
[2025-11-06T12:04:28.433+0700][38.079s][info][gc,marking  ] GC(401) Concurrent Mark
[2025-11-06T12:04:28.433+0700][38.079s][info][gc,marking  ] GC(401) Concurrent Mark From Roots
[2025-11-06T12:04:28.433+0700][38.079s][info][gc,task     ] GC(401) Using 5 workers of 5 for marking
[2025-11-06T12:04:28.435+0700][38.082s][info][gc,marking  ] GC(401) Concurrent Mark From Roots 2.659ms
[2025-11-06T12:04:28.435+0700][38.082s][info][gc,marking  ] GC(401) Concurrent Preclean
[2025-11-06T12:04:28.436+0700][38.082s][info][gc,marking  ] GC(401) Concurrent Preclean 0.112ms
[2025-11-06T12:04:28.452+0700][38.098s][info][gc,start    ] GC(401) Pause Remark
[2025-11-06T12:04:28.453+0700][38.099s][info][gc          ] GC(401) Pause Remark 7778M->7778M(8132M) 0.786ms
[2025-11-06T12:04:28.453+0700][38.099s][info][gc,cpu      ] GC(401) User=0.00s Sys=0.00s Real=0.00s
[2025-11-06T12:04:28.453+0700][38.099s][info][gc,marking  ] GC(401) Concurrent Mark 19.792ms
[2025-11-06T12:04:28.453+0700][38.099s][info][gc,marking  ] GC(401) Concurrent Rebuild Remembered Sets
[2025-11-06T12:04:28.454+0700][38.101s][info][gc,marking  ] GC(401) Concurrent Rebuild Remembered Sets 1.407ms
[2025-11-06T12:04:28.467+0700][38.113s][info][gc,start    ] GC(401) Pause Cleanup
[2025-11-06T12:04:28.467+0700][38.113s][info][gc          ] GC(401) Pause Cleanup 7790M->7790M(8132M) 0.249ms
[2025-11-06T12:04:28.467+0700][38.113s][info][gc,cpu      ] GC(401) User=0.00s Sys=0.00s Real=0.00s
[2025-11-06T12:04:28.467+0700][38.113s][info][gc,marking  ] GC(401) Concurrent Cleanup for Next Mark
[2025-11-06T12:04:28.476+0700][38.123s][info][gc,marking  ] GC(401) Concurrent Cleanup for Next Mark 9.053ms
[2025-11-06T12:04:28.476+0700][38.123s][info][gc          ] GC(401) Concurrent Mark Cycle 43.296ms
[2025-11-06T12:04:28.976+0700][38.622s][info][gc,start    ] GC(402) Pause Young (Concurrent Start) (G1 Humongous Allocation)
[2025-11-06T12:04:28.976+0700][38.622s][info][gc,task     ] GC(402) Using 20 workers of 20 for evacuation
[2025-11-06T12:04:28.977+0700][38.623s][info][gc,phases   ] GC(402)   Pre Evacuate Collection Set: 0.2ms
[2025-11-06T12:04:28.977+0700][38.623s][info][gc,phases   ] GC(402)   Merge Heap Roots: 0.2ms
[2025-11-06T12:04:28.977+0700][38.623s][info][gc,phases   ] GC(402)   Evacuate Collection Set: 0.2ms
[2025-11-06T12:04:28.977+0700][38.623s][info][gc,phases   ] GC(402)   Post Evacuate Collection Set: 0.1ms
[2025-11-06T12:04:28.977+0700][38.623s][info][gc,phases   ] GC(402)   Other: 0.2ms
[2025-11-06T12:04:28.977+0700][38.623s][info][gc,heap     ] GC(402) Eden regions: 1->0(101)
[2025-11-06T12:04:28.977+0700][38.623s][info][gc,heap     ] GC(402) Survivor regions: 0->0(13)
[2025-11-06T12:04:28.977+0700][38.623s][info][gc,heap     ] GC(402) Old regions: 1->1
[2025-11-06T12:04:28.977+0700][38.623s][info][gc,heap     ] GC(402) Archive regions: 0->0
[2025-11-06T12:04:28.977+0700][38.623s][info][gc,heap     ] GC(402) Humongous regions: 1950->1950
[2025-11-06T12:04:28.977+0700][38.623s][info][gc,metaspace] GC(402) Metaspace: 9471K(9728K)->9471K(9728K) NonClass: 8331K(8448K)->8331K(8448K) Class: 1140K(1280K)->1140K(1280K)
[2025-11-06T12:04:28.977+0700][38.623s][info][gc          ] GC(402) Pause Young (Concurrent Start) (G1 Humongous Allocation) 7804M->7802M(8132M) 0.946ms
[2025-11-06T12:04:28.977+0700][38.623s][info][gc,cpu      ] GC(402) User=0.00s Sys=0.00s Real=0.00s
[2025-11-06T12:04:28.977+0700][38.623s][info][gc          ] GC(403) Concurrent Mark Cycle
[2025-11-06T12:04:28.977+0700][38.623s][info][gc,marking  ] GC(403) Concurrent Clear Claimed Marks
[2025-11-06T12:04:28.977+0700][38.623s][info][gc,marking  ] GC(403) Concurrent Clear Claimed Marks 0.007ms
[2025-11-06T12:04:28.977+0700][38.623s][info][gc,marking  ] GC(403) Concurrent Scan Root Regions
[2025-11-06T12:04:28.977+0700][38.623s][info][gc,marking  ] GC(403) Concurrent Scan Root Regions 0.006ms
[2025-11-06T12:04:28.977+0700][38.623s][info][gc,marking  ] GC(403) Concurrent Mark
[2025-11-06T12:04:28.977+0700][38.623s][info][gc,marking  ] GC(403) Concurrent Mark From Roots
[2025-11-06T12:04:28.977+0700][38.623s][info][gc,task     ] GC(403) Using 5 workers of 5 for marking
[2025-11-06T12:04:28.979+0700][38.625s][info][gc,marking  ] GC(403) Concurrent Mark From Roots 2.216ms
[2025-11-06T12:04:28.979+0700][38.625s][info][gc,marking  ] GC(403) Concurrent Preclean
[2025-11-06T12:04:28.979+0700][38.625s][info][gc,marking  ] GC(403) Concurrent Preclean 0.108ms
[2025-11-06T12:04:28.980+0700][38.626s][info][gc,start    ] GC(403) Pause Remark
[2025-11-06T12:04:28.980+0700][38.627s][info][gc          ] GC(403) Pause Remark 7814M->7814M(8132M) 0.492ms
[2025-11-06T12:04:28.980+0700][38.627s][info][gc,cpu      ] GC(403) User=0.00s Sys=0.00s Real=0.00s
[2025-11-06T12:04:28.980+0700][38.627s][info][gc,marking  ] GC(403) Concurrent Mark 3.451ms
[2025-11-06T12:04:28.980+0700][38.627s][info][gc,marking  ] GC(403) Concurrent Rebuild Remembered Sets
[2025-11-06T12:04:28.981+0700][38.628s][info][gc,marking  ] GC(403) Concurrent Rebuild Remembered Sets 1.255ms
[2025-11-06T12:04:28.991+0700][38.637s][info][gc,start    ] GC(403) Pause Cleanup
[2025-11-06T12:04:28.991+0700][38.637s][info][gc          ] GC(403) Pause Cleanup 7826M->7826M(8132M) 0.265ms
[2025-11-06T12:04:28.991+0700][38.637s][info][gc,cpu      ] GC(403) User=0.00s Sys=0.00s Real=0.00s
[2025-11-06T12:04:28.991+0700][38.637s][info][gc,marking  ] GC(403) Concurrent Cleanup for Next Mark
[2025-11-06T12:04:28.999+0700][38.645s][info][gc,marking  ] GC(403) Concurrent Cleanup for Next Mark 8.209ms
[2025-11-06T12:04:28.999+0700][38.646s][info][gc          ] GC(403) Concurrent Mark Cycle 22.513ms
[2025-11-06T12:04:29.000+0700][38.646s][info][gc,start    ] GC(404) Pause Young (Concurrent Start) (G1 Humongous Allocation)
[2025-11-06T12:04:29.000+0700][38.646s][info][gc,task     ] GC(404) Using 20 workers of 20 for evacuation
[2025-11-06T12:04:29.001+0700][38.647s][info][gc,phases   ] GC(404)   Pre Evacuate Collection Set: 0.2ms
[2025-11-06T12:04:29.001+0700][38.647s][info][gc,phases   ] GC(404)   Merge Heap Roots: 0.4ms
[2025-11-06T12:04:29.001+0700][38.647s][info][gc,phases   ] GC(404)   Evacuate Collection Set: 0.3ms
[2025-11-06T12:04:29.001+0700][38.647s][info][gc,phases   ] GC(404)   Post Evacuate Collection Set: 0.1ms
[2025-11-06T12:04:29.001+0700][38.648s][info][gc,phases   ] GC(404)   Other: 0.2ms
[2025-11-06T12:04:29.001+0700][38.648s][info][gc,heap     ] GC(404) Eden regions: 0->0(101)
[2025-11-06T12:04:29.001+0700][38.648s][info][gc,heap     ] GC(404) Survivor regions: 0->0(13)
[2025-11-06T12:04:29.001+0700][38.648s][info][gc,heap     ] GC(404) Old regions: 1->1
[2025-11-06T12:04:29.001+0700][38.648s][info][gc,heap     ] GC(404) Archive regions: 0->0
[2025-11-06T12:04:29.001+0700][38.648s][info][gc,heap     ] GC(404) Humongous regions: 1959->1959
[2025-11-06T12:04:29.001+0700][38.648s][info][gc,metaspace] GC(404) Metaspace: 9471K(9728K)->9471K(9728K) NonClass: 8331K(8448K)->8331K(8448K) Class: 1140K(1280K)->1140K(1280K)
[2025-11-06T12:04:29.001+0700][38.648s][info][gc          ] GC(404) Pause Young (Concurrent Start) (G1 Humongous Allocation) 7838M->7838M(8132M) 1.341ms
[2025-11-06T12:04:29.001+0700][38.648s][info][gc,cpu      ] GC(404) User=0.00s Sys=0.00s Real=0.00s
[2025-11-06T12:04:29.001+0700][38.648s][info][gc          ] GC(405) Concurrent Mark Cycle
[2025-11-06T12:04:29.001+0700][38.648s][info][gc,marking  ] GC(405) Concurrent Clear Claimed Marks
[2025-11-06T12:04:29.001+0700][38.648s][info][gc,marking  ] GC(405) Concurrent Clear Claimed Marks 0.008ms
[2025-11-06T12:04:29.001+0700][38.648s][info][gc,marking  ] GC(405) Concurrent Scan Root Regions
[2025-11-06T12:04:29.001+0700][38.648s][info][gc,marking  ] GC(405) Concurrent Scan Root Regions 0.006ms
[2025-11-06T12:04:29.001+0700][38.648s][info][gc,marking  ] GC(405) Concurrent Mark
[2025-11-06T12:04:29.001+0700][38.648s][info][gc,marking  ] GC(405) Concurrent Mark From Roots
[2025-11-06T12:04:29.001+0700][38.648s][info][gc,task     ] GC(405) Using 5 workers of 5 for marking
[2025-11-06T12:04:29.005+0700][38.651s][info][gc,marking  ] GC(405) Concurrent Mark From Roots 3.230ms
[2025-11-06T12:04:29.005+0700][38.651s][info][gc,marking  ] GC(405) Concurrent Preclean
[2025-11-06T12:04:29.005+0700][38.651s][info][gc,marking  ] GC(405) Concurrent Preclean 0.103ms
[2025-11-06T12:04:29.005+0700][38.651s][info][gc,start    ] GC(405) Pause Remark
[2025-11-06T12:04:29.006+0700][38.652s][info][gc          ] GC(405) Pause Remark 7850M->7850M(8132M) 0.707ms
[2025-11-06T12:04:29.006+0700][38.652s][info][gc,cpu      ] GC(405) User=0.00s Sys=0.00s Real=0.00s
[2025-11-06T12:04:29.006+0700][38.652s][info][gc,marking  ] GC(405) Concurrent Mark 4.528ms
[2025-11-06T12:04:29.006+0700][38.652s][info][gc,marking  ] GC(405) Concurrent Rebuild Remembered Sets
[2025-11-06T12:04:29.007+0700][38.654s][info][gc,marking  ] GC(405) Concurrent Rebuild Remembered Sets 1.256ms
[2025-11-06T12:04:29.022+0700][38.668s][info][gc,start    ] GC(405) Pause Cleanup
[2025-11-06T12:04:29.022+0700][38.668s][info][gc          ] GC(405) Pause Cleanup 7862M->7862M(8132M) 0.279ms
[2025-11-06T12:04:29.022+0700][38.668s][info][gc,cpu      ] GC(405) User=0.00s Sys=0.00s Real=0.00s
[2025-11-06T12:04:29.022+0700][38.668s][info][gc,marking  ] GC(405) Concurrent Cleanup for Next Mark
[2025-11-06T12:04:29.030+0700][38.676s][info][gc,marking  ] GC(405) Concurrent Cleanup for Next Mark 8.035ms
[2025-11-06T12:04:29.030+0700][38.676s][info][gc          ] GC(405) Concurrent Mark Cycle 28.687ms
[2025-11-06T12:04:29.031+0700][38.678s][info][gc,start    ] GC(406) Pause Young (Concurrent Start) (G1 Humongous Allocation)
[2025-11-06T12:04:29.031+0700][38.678s][info][gc,task     ] GC(406) Using 20 workers of 20 for evacuation
[2025-11-06T12:04:29.032+0700][38.678s][info][gc,phases   ] GC(406)   Pre Evacuate Collection Set: 0.2ms
[2025-11-06T12:04:29.032+0700][38.679s][info][gc,phases   ] GC(406)   Merge Heap Roots: 0.3ms
[2025-11-06T12:04:29.032+0700][38.679s][info][gc,phases   ] GC(406)   Evacuate Collection Set: 0.2ms
[2025-11-06T12:04:29.032+0700][38.679s][info][gc,phases   ] GC(406)   Post Evacuate Collection Set: 0.1ms
[2025-11-06T12:04:29.032+0700][38.679s][info][gc,phases   ] GC(406)   Other: 0.2ms
[2025-11-06T12:04:29.032+0700][38.679s][info][gc,heap     ] GC(406) Eden regions: 0->0(101)
[2025-11-06T12:04:29.032+0700][38.679s][info][gc,heap     ] GC(406) Survivor regions: 0->0(13)
[2025-11-06T12:04:29.032+0700][38.679s][info][gc,heap     ] GC(406) Old regions: 1->1
[2025-11-06T12:04:29.032+0700][38.679s][info][gc,heap     ] GC(406) Archive regions: 0->0
[2025-11-06T12:04:29.032+0700][38.679s][info][gc,heap     ] GC(406) Humongous regions: 1968->1968
[2025-11-06T12:04:29.032+0700][38.679s][info][gc,metaspace] GC(406) Metaspace: 9471K(9728K)->9471K(9728K) NonClass: 8331K(8448K)->8331K(8448K) Class: 1140K(1280K)->1140K(1280K)
[2025-11-06T12:04:29.032+0700][38.679s][info][gc          ] GC(406) Pause Young (Concurrent Start) (G1 Humongous Allocation) 7874M->7874M(8132M) 0.960ms
[2025-11-06T12:04:29.032+0700][38.679s][info][gc,cpu      ] GC(406) User=0.00s Sys=0.00s Real=0.00s
[2025-11-06T12:04:29.032+0700][38.679s][info][gc          ] GC(407) Concurrent Mark Cycle
[2025-11-06T12:04:29.032+0700][38.679s][info][gc,marking  ] GC(407) Concurrent Clear Claimed Marks
[2025-11-06T12:04:29.032+0700][38.679s][info][gc,marking  ] GC(407) Concurrent Clear Claimed Marks 0.008ms
[2025-11-06T12:04:29.032+0700][38.679s][info][gc,marking  ] GC(407) Concurrent Scan Root Regions
[2025-11-06T12:04:29.032+0700][38.679s][info][gc,marking  ] GC(407) Concurrent Scan Root Regions 0.005ms
[2025-11-06T12:04:29.032+0700][38.679s][info][gc,marking  ] GC(407) Concurrent Mark
[2025-11-06T12:04:29.032+0700][38.679s][info][gc,marking  ] GC(407) Concurrent Mark From Roots
[2025-11-06T12:04:29.032+0700][38.679s][info][gc,task     ] GC(407) Using 5 workers of 5 for marking
[2025-11-06T12:04:29.035+0700][38.681s][info][gc,marking  ] GC(407) Concurrent Mark From Roots 2.555ms
[2025-11-06T12:04:29.035+0700][38.681s][info][gc,marking  ] GC(407) Concurrent Preclean
[2025-11-06T12:04:29.035+0700][38.681s][info][gc,marking  ] GC(407) Concurrent Preclean 0.105ms
[2025-11-06T12:04:29.035+0700][38.682s][info][gc,start    ] GC(407) Pause Remark
[2025-11-06T12:04:29.036+0700][38.682s][info][gc          ] GC(407) Pause Remark 7886M->7886M(8132M) 0.638ms
[2025-11-06T12:04:29.036+0700][38.682s][info][gc,cpu      ] GC(407) User=0.00s Sys=0.00s Real=0.00s
[2025-11-06T12:04:29.036+0700][38.682s][info][gc,marking  ] GC(407) Concurrent Mark 3.831ms
[2025-11-06T12:04:29.036+0700][38.683s][info][gc,marking  ] GC(407) Concurrent Rebuild Remembered Sets
[2025-11-06T12:04:29.038+0700][38.684s][info][gc,marking  ] GC(407) Concurrent Rebuild Remembered Sets 1.429ms
[2025-11-06T12:04:29.054+0700][38.700s][info][gc,start    ] GC(407) Pause Cleanup
[2025-11-06T12:04:29.054+0700][38.700s][info][gc          ] GC(407) Pause Cleanup 7898M->7898M(8132M) 0.284ms
[2025-11-06T12:04:29.054+0700][38.700s][info][gc,cpu      ] GC(407) User=0.00s Sys=0.00s Real=0.00s
[2025-11-06T12:04:29.054+0700][38.700s][info][gc,marking  ] GC(407) Concurrent Cleanup for Next Mark
[2025-11-06T12:04:29.062+0700][38.709s][info][gc,marking  ] GC(407) Concurrent Cleanup for Next Mark 8.363ms
[2025-11-06T12:04:29.062+0700][38.709s][info][gc          ] GC(407) Concurrent Mark Cycle 30.114ms
[2025-11-06T12:04:29.575+0700][39.221s][info][gc,start    ] GC(408) Pause Young (Concurrent Start) (G1 Humongous Allocation)
[2025-11-06T12:04:29.575+0700][39.221s][info][gc,task     ] GC(408) Using 20 workers of 20 for evacuation
[2025-11-06T12:04:29.575+0700][39.222s][info][gc,phases   ] GC(408)   Pre Evacuate Collection Set: 0.2ms
[2025-11-06T12:04:29.575+0700][39.222s][info][gc,phases   ] GC(408)   Merge Heap Roots: 0.2ms
[2025-11-06T12:04:29.575+0700][39.222s][info][gc,phases   ] GC(408)   Evacuate Collection Set: 0.1ms
[2025-11-06T12:04:29.575+0700][39.222s][info][gc,phases   ] GC(408)   Post Evacuate Collection Set: 0.1ms
[2025-11-06T12:04:29.575+0700][39.222s][info][gc,phases   ] GC(408)   Other: 0.2ms
[2025-11-06T12:04:29.575+0700][39.222s][info][gc,heap     ] GC(408) Eden regions: 1->0(101)
[2025-11-06T12:04:29.575+0700][39.222s][info][gc,heap     ] GC(408) Survivor regions: 0->0(13)
[2025-11-06T12:04:29.575+0700][39.222s][info][gc,heap     ] GC(408) Old regions: 1->1
[2025-11-06T12:04:29.575+0700][39.222s][info][gc,heap     ] GC(408) Archive regions: 0->0
[2025-11-06T12:04:29.575+0700][39.222s][info][gc,heap     ] GC(408) Humongous regions: 1980->1980
[2025-11-06T12:04:29.575+0700][39.222s][info][gc,metaspace] GC(408) Metaspace: 9471K(9728K)->9471K(9728K) NonClass: 8331K(8448K)->8331K(8448K) Class: 1140K(1280K)->1140K(1280K)
[2025-11-06T12:04:29.575+0700][39.222s][info][gc          ] GC(408) Pause Young (Concurrent Start) (G1 Humongous Allocation) 7924M->7922M(8132M) 0.823ms
[2025-11-06T12:04:29.575+0700][39.222s][info][gc,cpu      ] GC(408) User=0.00s Sys=0.00s Real=0.00s
[2025-11-06T12:04:29.576+0700][39.222s][info][gc          ] GC(409) Concurrent Mark Cycle
[2025-11-06T12:04:29.576+0700][39.222s][info][gc,marking  ] GC(409) Concurrent Clear Claimed Marks
[2025-11-06T12:04:29.576+0700][39.222s][info][gc,marking  ] GC(409) Concurrent Clear Claimed Marks 0.018ms
[2025-11-06T12:04:29.576+0700][39.222s][info][gc,marking  ] GC(409) Concurrent Scan Root Regions
[2025-11-06T12:04:29.576+0700][39.222s][info][gc,marking  ] GC(409) Concurrent Scan Root Regions 0.006ms
[2025-11-06T12:04:29.576+0700][39.222s][info][gc,marking  ] GC(409) Concurrent Mark
[2025-11-06T12:04:29.576+0700][39.222s][info][gc,marking  ] GC(409) Concurrent Mark From Roots
[2025-11-06T12:04:29.576+0700][39.222s][info][gc,task     ] GC(409) Using 5 workers of 5 for marking
[2025-11-06T12:04:29.578+0700][39.225s][info][gc,marking  ] GC(409) Concurrent Mark From Roots 2.695ms
[2025-11-06T12:04:29.578+0700][39.225s][info][gc,marking  ] GC(409) Concurrent Preclean
[2025-11-06T12:04:29.578+0700][39.225s][info][gc,marking  ] GC(409) Concurrent Preclean 0.102ms
[2025-11-06T12:04:29.579+0700][39.226s][info][gc,start    ] GC(409) Pause Remark
[2025-11-06T12:04:29.580+0700][39.226s][info][gc          ] GC(409) Pause Remark 7934M->7934M(8132M) 0.618ms
[2025-11-06T12:04:29.580+0700][39.226s][info][gc,cpu      ] GC(409) User=0.00s Sys=0.00s Real=0.00s
[2025-11-06T12:04:29.580+0700][39.226s][info][gc,marking  ] GC(409) Concurrent Mark 4.428ms
[2025-11-06T12:04:29.580+0700][39.226s][info][gc,marking  ] GC(409) Concurrent Rebuild Remembered Sets
[2025-11-06T12:04:29.581+0700][39.228s][info][gc,marking  ] GC(409) Concurrent Rebuild Remembered Sets 1.297ms
[2025-11-06T12:04:29.591+0700][39.237s][info][gc,start    ] GC(409) Pause Cleanup
[2025-11-06T12:04:29.591+0700][39.237s][info][gc          ] GC(409) Pause Cleanup 7946M->7946M(8132M) 0.169ms
[2025-11-06T12:04:29.591+0700][39.237s][info][gc,cpu      ] GC(409) User=0.00s Sys=0.00s Real=0.00s
[2025-11-06T12:04:29.591+0700][39.237s][info][gc,marking  ] GC(409) Concurrent Cleanup for Next Mark
[2025-11-06T12:04:29.599+0700][39.246s][info][gc,marking  ] GC(409) Concurrent Cleanup for Next Mark 8.687ms
[2025-11-06T12:04:29.600+0700][39.246s][info][gc          ] GC(409) Concurrent Mark Cycle 24.027ms
[2025-11-06T12:04:29.601+0700][39.247s][info][gc,start    ] GC(410) Pause Young (Concurrent Start) (G1 Humongous Allocation)
[2025-11-06T12:04:29.601+0700][39.247s][info][gc,task     ] GC(410) Using 20 workers of 20 for evacuation
[2025-11-06T12:04:29.602+0700][39.249s][info][gc,phases   ] GC(410)   Pre Evacuate Collection Set: 0.2ms
[2025-11-06T12:04:29.602+0700][39.249s][info][gc,phases   ] GC(410)   Merge Heap Roots: 0.3ms
[2025-11-06T12:04:29.602+0700][39.249s][info][gc,phases   ] GC(410)   Evacuate Collection Set: 0.4ms
[2025-11-06T12:04:29.602+0700][39.249s][info][gc,phases   ] GC(410)   Post Evacuate Collection Set: 0.2ms
[2025-11-06T12:04:29.602+0700][39.249s][info][gc,phases   ] GC(410)   Other: 0.1ms
[2025-11-06T12:04:29.602+0700][39.249s][info][gc,heap     ] GC(410) Eden regions: 0->0(101)
[2025-11-06T12:04:29.602+0700][39.249s][info][gc,heap     ] GC(410) Survivor regions: 0->0(13)
[2025-11-06T12:04:29.602+0700][39.249s][info][gc,heap     ] GC(410) Old regions: 1->1
[2025-11-06T12:04:29.602+0700][39.249s][info][gc,heap     ] GC(410) Archive regions: 0->0
[2025-11-06T12:04:29.602+0700][39.249s][info][gc,heap     ] GC(410) Humongous regions: 1992->1992
[2025-11-06T12:04:29.603+0700][39.249s][info][gc,metaspace] GC(410) Metaspace: 9471K(9728K)->9471K(9728K) NonClass: 8331K(8448K)->8331K(8448K) Class: 1140K(1280K)->1140K(1280K)
[2025-11-06T12:04:29.603+0700][39.249s][info][gc          ] GC(410) Pause Young (Concurrent Start) (G1 Humongous Allocation) 7970M->7970M(8132M) 1.420ms
[2025-11-06T12:04:29.603+0700][39.249s][info][gc,cpu      ] GC(410) User=0.00s Sys=0.00s Real=0.00s
[2025-11-06T12:04:29.603+0700][39.249s][info][gc          ] GC(411) Concurrent Mark Cycle
[2025-11-06T12:04:29.603+0700][39.249s][info][gc,marking  ] GC(411) Concurrent Clear Claimed Marks
[2025-11-06T12:04:29.603+0700][39.249s][info][gc,marking  ] GC(411) Concurrent Clear Claimed Marks 0.018ms
[2025-11-06T12:04:29.603+0700][39.249s][info][gc,marking  ] GC(411) Concurrent Scan Root Regions
[2025-11-06T12:04:29.603+0700][39.249s][info][gc,marking  ] GC(411) Concurrent Scan Root Regions 0.011ms
[2025-11-06T12:04:29.603+0700][39.249s][info][gc,marking  ] GC(411) Concurrent Mark
[2025-11-06T12:04:29.603+0700][39.249s][info][gc,marking  ] GC(411) Concurrent Mark From Roots
[2025-11-06T12:04:29.603+0700][39.249s][info][gc,task     ] GC(411) Using 5 workers of 5 for marking
[2025-11-06T12:04:29.606+0700][39.252s][info][gc,marking  ] GC(411) Concurrent Mark From Roots 2.844ms
[2025-11-06T12:04:29.606+0700][39.252s][info][gc,marking  ] GC(411) Concurrent Preclean
[2025-11-06T12:04:29.606+0700][39.252s][info][gc,marking  ] GC(411) Concurrent Preclean 0.104ms
[2025-11-06T12:04:29.607+0700][39.253s][info][gc,start    ] GC(411) Pause Remark
[2025-11-06T12:04:29.607+0700][39.254s][info][gc          ] GC(411) Pause Remark 7982M->7982M(8132M) 0.609ms
[2025-11-06T12:04:29.608+0700][39.254s][info][gc,cpu      ] GC(411) User=0.00s Sys=0.00s Real=0.00s
[2025-11-06T12:04:29.608+0700][39.254s][info][gc,marking  ] GC(411) Concurrent Mark 4.545ms
[2025-11-06T12:04:29.608+0700][39.254s][info][gc,marking  ] GC(411) Concurrent Rebuild Remembered Sets
[2025-11-06T12:04:29.609+0700][39.255s][info][gc,marking  ] GC(411) Concurrent Rebuild Remembered Sets 1.211ms
[2025-11-06T12:04:29.622+0700][39.268s][info][gc,start    ] GC(411) Pause Cleanup
[2025-11-06T12:04:29.622+0700][39.268s][info][gc          ] GC(411) Pause Cleanup 7994M->7994M(8132M) 0.451ms
[2025-11-06T12:04:29.622+0700][39.268s][info][gc,cpu      ] GC(411) User=0.00s Sys=0.00s Real=0.00s
[2025-11-06T12:04:29.622+0700][39.268s][info][gc,marking  ] GC(411) Concurrent Cleanup for Next Mark
[2025-11-06T12:04:29.630+0700][39.276s][info][gc,marking  ] GC(411) Concurrent Cleanup for Next Mark 7.889ms
[2025-11-06T12:04:29.630+0700][39.276s][info][gc          ] GC(411) Concurrent Mark Cycle 26.932ms
[2025-11-06T12:04:29.631+0700][39.277s][info][gc,start    ] GC(412) Pause Young (Concurrent Start) (G1 Humongous Allocation)
[2025-11-06T12:04:29.631+0700][39.277s][info][gc,task     ] GC(412) Using 20 workers of 20 for evacuation
[2025-11-06T12:04:29.632+0700][39.278s][info][gc,phases   ] GC(412)   Pre Evacuate Collection Set: 0.1ms
[2025-11-06T12:04:29.632+0700][39.278s][info][gc,phases   ] GC(412)   Merge Heap Roots: 0.3ms
[2025-11-06T12:04:29.632+0700][39.278s][info][gc,phases   ] GC(412)   Evacuate Collection Set: 0.2ms
[2025-11-06T12:04:29.632+0700][39.278s][info][gc,phases   ] GC(412)   Post Evacuate Collection Set: 0.2ms
[2025-11-06T12:04:29.632+0700][39.278s][info][gc,phases   ] GC(412)   Other: 0.2ms
[2025-11-06T12:04:29.632+0700][39.278s][info][gc,heap     ] GC(412) Eden regions: 0->0(101)
[2025-11-06T12:04:29.632+0700][39.278s][info][gc,heap     ] GC(412) Survivor regions: 0->0(13)
[2025-11-06T12:04:29.632+0700][39.278s][info][gc,heap     ] GC(412) Old regions: 1->1
[2025-11-06T12:04:29.632+0700][39.278s][info][gc,heap     ] GC(412) Archive regions: 0->0
[2025-11-06T12:04:29.632+0700][39.278s][info][gc,heap     ] GC(412) Humongous regions: 2001->2001
[2025-11-06T12:04:29.632+0700][39.278s][info][gc,metaspace] GC(412) Metaspace: 9471K(9728K)->9471K(9728K) NonClass: 8331K(8448K)->8331K(8448K) Class: 1140K(1280K)->1140K(1280K)
[2025-11-06T12:04:29.632+0700][39.278s][info][gc          ] GC(412) Pause Young (Concurrent Start) (G1 Humongous Allocation) 8006M->8006M(8132M) 0.953ms
[2025-11-06T12:04:29.632+0700][39.278s][info][gc,cpu      ] GC(412) User=0.00s Sys=0.00s Real=0.00s
[2025-11-06T12:04:29.632+0700][39.278s][info][gc          ] GC(413) Concurrent Mark Cycle
[2025-11-06T12:04:29.632+0700][39.278s][info][gc,marking  ] GC(413) Concurrent Clear Claimed Marks
[2025-11-06T12:04:29.632+0700][39.278s][info][gc,marking  ] GC(413) Concurrent Clear Claimed Marks 0.013ms
[2025-11-06T12:04:29.632+0700][39.278s][info][gc,marking  ] GC(413) Concurrent Scan Root Regions
[2025-11-06T12:04:29.632+0700][39.278s][info][gc,marking  ] GC(413) Concurrent Scan Root Regions 0.005ms
[2025-11-06T12:04:29.632+0700][39.278s][info][gc,marking  ] GC(413) Concurrent Mark
[2025-11-06T12:04:29.632+0700][39.278s][info][gc,marking  ] GC(413) Concurrent Mark From Roots
[2025-11-06T12:04:29.632+0700][39.278s][info][gc,task     ] GC(413) Using 5 workers of 5 for marking
[2025-11-06T12:04:29.634+0700][39.281s][info][gc,marking  ] GC(413) Concurrent Mark From Roots 2.502ms
[2025-11-06T12:04:29.634+0700][39.281s][info][gc,marking  ] GC(413) Concurrent Preclean
[2025-11-06T12:04:29.634+0700][39.281s][info][gc,marking  ] GC(413) Concurrent Preclean 0.103ms
[2025-11-06T12:04:29.652+0700][39.298s][info][gc,start    ] GC(413) Pause Remark
[2025-11-06T12:04:29.653+0700][39.299s][info][gc          ] GC(413) Pause Remark 8018M->8018M(8132M) 0.957ms
[2025-11-06T12:04:29.653+0700][39.299s][info][gc,cpu      ] GC(413) User=0.00s Sys=0.00s Real=0.00s
[2025-11-06T12:04:29.653+0700][39.299s][info][gc,marking  ] GC(413) Concurrent Mark 20.809ms
[2025-11-06T12:04:29.653+0700][39.299s][info][gc,marking  ] GC(413) Concurrent Rebuild Remembered Sets
[2025-11-06T12:04:29.654+0700][39.301s][info][gc,marking  ] GC(413) Concurrent Rebuild Remembered Sets 1.700ms
[2025-11-06T12:04:29.668+0700][39.314s][info][gc,start    ] GC(413) Pause Cleanup
[2025-11-06T12:04:29.668+0700][39.314s][info][gc          ] GC(413) Pause Cleanup 8030M->8030M(8132M) 0.289ms
[2025-11-06T12:04:29.668+0700][39.314s][info][gc,cpu      ] GC(413) User=0.00s Sys=0.00s Real=0.00s
[2025-11-06T12:04:29.668+0700][39.314s][info][gc,marking  ] GC(413) Concurrent Cleanup for Next Mark
[2025-11-06T12:04:29.676+0700][39.322s][info][gc,marking  ] GC(413) Concurrent Cleanup for Next Mark 8.112ms
[2025-11-06T12:04:29.676+0700][39.323s][info][gc          ] GC(413) Concurrent Mark Cycle 44.309ms
[2025-11-06T12:04:30.178+0700][39.824s][info][gc,start    ] GC(414) Pause Young (Concurrent Start) (G1 Humongous Allocation)
[2025-11-06T12:04:30.178+0700][39.824s][info][gc,task     ] GC(414) Using 20 workers of 20 for evacuation
[2025-11-06T12:04:30.178+0700][39.824s][info][gc,phases   ] GC(414)   Pre Evacuate Collection Set: 0.2ms
[2025-11-06T12:04:30.178+0700][39.824s][info][gc,phases   ] GC(414)   Merge Heap Roots: 0.2ms
[2025-11-06T12:04:30.178+0700][39.824s][info][gc,phases   ] GC(414)   Evacuate Collection Set: 0.1ms
[2025-11-06T12:04:30.178+0700][39.824s][info][gc,phases   ] GC(414)   Post Evacuate Collection Set: 0.1ms
[2025-11-06T12:04:30.178+0700][39.824s][info][gc,phases   ] GC(414)   Other: 0.2ms
[2025-11-06T12:04:30.178+0700][39.824s][info][gc,heap     ] GC(414) Eden regions: 1->0(101)
[2025-11-06T12:04:30.178+0700][39.824s][info][gc,heap     ] GC(414) Survivor regions: 0->0(13)
[2025-11-06T12:04:30.178+0700][39.824s][info][gc,heap     ] GC(414) Old regions: 1->1
[2025-11-06T12:04:30.178+0700][39.824s][info][gc,heap     ] GC(414) Archive regions: 0->0
[2025-11-06T12:04:30.178+0700][39.824s][info][gc,heap     ] GC(414) Humongous regions: 2010->2010
[2025-11-06T12:04:30.178+0700][39.824s][info][gc,metaspace] GC(414) Metaspace: 9471K(9728K)->9471K(9728K) NonClass: 8331K(8448K)->8331K(8448K) Class: 1140K(1280K)->1140K(1280K)
[2025-11-06T12:04:30.178+0700][39.824s][info][gc          ] GC(414) Pause Young (Concurrent Start) (G1 Humongous Allocation) 8044M->8042M(8132M) 0.785ms
[2025-11-06T12:04:30.178+0700][39.824s][info][gc,cpu      ] GC(414) User=0.00s Sys=0.00s Real=0.00s
[2025-11-06T12:04:30.178+0700][39.824s][info][gc          ] GC(415) Concurrent Mark Cycle
[2025-11-06T12:04:30.178+0700][39.824s][info][gc,marking  ] GC(415) Concurrent Clear Claimed Marks
[2025-11-06T12:04:30.179+0700][39.824s][info][gc,marking  ] GC(415) Concurrent Clear Claimed Marks 0.009ms
[2025-11-06T12:04:30.179+0700][39.824s][info][gc,marking  ] GC(415) Concurrent Scan Root Regions
[2025-11-06T12:04:30.179+0700][39.824s][info][gc,marking  ] GC(415) Concurrent Scan Root Regions 0.010ms
[2025-11-06T12:04:30.179+0700][39.824s][info][gc,marking  ] GC(415) Concurrent Mark
[2025-11-06T12:04:30.179+0700][39.824s][info][gc,marking  ] GC(415) Concurrent Mark From Roots
[2025-11-06T12:04:30.179+0700][39.824s][info][gc,task     ] GC(415) Using 5 workers of 5 for marking
[2025-11-06T12:04:30.181+0700][39.827s][info][gc,marking  ] GC(415) Concurrent Mark From Roots 2.532ms
[2025-11-06T12:04:30.181+0700][39.827s][info][gc,marking  ] GC(415) Concurrent Preclean
[2025-11-06T12:04:30.181+0700][39.827s][info][gc,marking  ] GC(415) Concurrent Preclean 0.103ms
[2025-11-06T12:04:30.182+0700][39.828s][info][gc,start    ] GC(415) Pause Remark
[2025-11-06T12:04:30.182+0700][39.828s][info][gc          ] GC(415) Pause Remark 8054M->8054M(8132M) 0.587ms
[2025-11-06T12:04:30.182+0700][39.828s][info][gc,cpu      ] GC(415) User=0.00s Sys=0.00s Real=0.00s
[2025-11-06T12:04:30.182+0700][39.828s][info][gc,marking  ] GC(415) Concurrent Mark 3.937ms
[2025-11-06T12:04:30.182+0700][39.828s][info][gc,marking  ] GC(415) Concurrent Rebuild Remembered Sets
[2025-11-06T12:04:30.184+0700][39.830s][info][gc,marking  ] GC(415) Concurrent Rebuild Remembered Sets 1.276ms
[2025-11-06T12:04:30.193+0700][39.839s][info][gc,start    ] GC(415) Pause Cleanup
[2025-11-06T12:04:30.193+0700][39.839s][info][gc          ] GC(415) Pause Cleanup 8066M->8066M(8132M) 0.302ms
[2025-11-06T12:04:30.193+0700][39.839s][info][gc,cpu      ] GC(415) User=0.00s Sys=0.00s Real=0.00s
[2025-11-06T12:04:30.193+0700][39.839s][info][gc,marking  ] GC(415) Concurrent Cleanup for Next Mark
[2025-11-06T12:04:30.200+0700][39.846s][info][gc,marking  ] GC(415) Concurrent Cleanup for Next Mark 7.461ms
[2025-11-06T12:04:30.200+0700][39.846s][info][gc          ] GC(415) Concurrent Mark Cycle 22.029ms
[2025-11-06T12:04:30.201+0700][39.847s][info][gc,start    ] GC(416) Pause Young (Concurrent Start) (G1 Humongous Allocation)
[2025-11-06T12:04:30.201+0700][39.847s][info][gc,task     ] GC(416) Using 20 workers of 20 for evacuation
[2025-11-06T12:04:30.203+0700][39.849s][info][gc,phases   ] GC(416)   Pre Evacuate Collection Set: 0.5ms
[2025-11-06T12:04:30.203+0700][39.849s][info][gc,phases   ] GC(416)   Merge Heap Roots: 0.4ms
[2025-11-06T12:04:30.203+0700][39.849s][info][gc,phases   ] GC(416)   Evacuate Collection Set: 0.4ms
[2025-11-06T12:04:30.203+0700][39.849s][info][gc,phases   ] GC(416)   Post Evacuate Collection Set: 0.1ms
[2025-11-06T12:04:30.203+0700][39.849s][info][gc,phases   ] GC(416)   Other: 0.4ms
[2025-11-06T12:04:30.203+0700][39.849s][info][gc,heap     ] GC(416) Eden regions: 0->0(101)
[2025-11-06T12:04:30.203+0700][39.849s][info][gc,heap     ] GC(416) Survivor regions: 0->0(13)
[2025-11-06T12:04:30.203+0700][39.849s][info][gc,heap     ] GC(416) Old regions: 1->1
[2025-11-06T12:04:30.203+0700][39.849s][info][gc,heap     ] GC(416) Archive regions: 0->0
[2025-11-06T12:04:30.203+0700][39.849s][info][gc,heap     ] GC(416) Humongous regions: 2019->2019
[2025-11-06T12:04:30.203+0700][39.849s][info][gc,metaspace] GC(416) Metaspace: 9471K(9728K)->9471K(9728K) NonClass: 8331K(8448K)->8331K(8448K) Class: 1140K(1280K)->1140K(1280K)
[2025-11-06T12:04:30.203+0700][39.849s][info][gc          ] GC(416) Pause Young (Concurrent Start) (G1 Humongous Allocation) 8078M->8078M(8132M) 1.832ms
[2025-11-06T12:04:30.203+0700][39.849s][info][gc,cpu      ] GC(416) User=0.00s Sys=0.00s Real=0.00s
[2025-11-06T12:04:30.203+0700][39.849s][info][gc          ] GC(417) Concurrent Mark Cycle
[2025-11-06T12:04:30.203+0700][39.849s][info][gc,marking  ] GC(417) Concurrent Clear Claimed Marks
[2025-11-06T12:04:30.203+0700][39.849s][info][gc,marking  ] GC(417) Concurrent Clear Claimed Marks 0.008ms
[2025-11-06T12:04:30.203+0700][39.849s][info][gc,marking  ] GC(417) Concurrent Scan Root Regions
[2025-11-06T12:04:30.203+0700][39.849s][info][gc,marking  ] GC(417) Concurrent Scan Root Regions 0.005ms
[2025-11-06T12:04:30.203+0700][39.849s][info][gc,marking  ] GC(417) Concurrent Mark
[2025-11-06T12:04:30.203+0700][39.849s][info][gc,marking  ] GC(417) Concurrent Mark From Roots
[2025-11-06T12:04:30.203+0700][39.849s][info][gc,task     ] GC(417) Using 5 workers of 5 for marking
[2025-11-06T12:04:30.207+0700][39.853s][info][gc,marking  ] GC(417) Concurrent Mark From Roots 4.136ms
[2025-11-06T12:04:30.207+0700][39.853s][info][gc,marking  ] GC(417) Concurrent Preclean
[2025-11-06T12:04:30.208+0700][39.853s][info][gc,marking  ] GC(417) Concurrent Preclean 0.104ms
[2025-11-06T12:04:30.223+0700][39.868s][info][gc,start    ] GC(417) Pause Remark
[2025-11-06T12:04:30.223+0700][39.869s][info][gc          ] GC(417) Pause Remark 8102M->8102M(8132M) 0.722ms
[2025-11-06T12:04:30.223+0700][39.869s][info][gc,cpu      ] GC(417) User=0.00s Sys=0.00s Real=0.00s
[2025-11-06T12:04:30.223+0700][39.869s][info][gc,marking  ] GC(417) Concurrent Mark 20.111ms
[2025-11-06T12:04:30.223+0700][39.869s][info][gc,marking  ] GC(417) Concurrent Rebuild Remembered Sets
[2025-11-06T12:04:30.225+0700][39.871s][info][gc,marking  ] GC(417) Concurrent Rebuild Remembered Sets 1.512ms
[2025-11-06T12:04:30.239+0700][39.884s][info][gc,start    ] GC(417) Pause Cleanup
[2025-11-06T12:04:30.239+0700][39.885s][info][gc          ] GC(417) Pause Cleanup 8114M->8114M(8132M) 0.212ms
[2025-11-06T12:04:30.239+0700][39.885s][info][gc,cpu      ] GC(417) User=0.00s Sys=0.00s Real=0.00s
[2025-11-06T12:04:30.239+0700][39.885s][info][gc,marking  ] GC(417) Concurrent Cleanup for Next Mark
[2025-11-06T12:04:30.244+0700][39.890s][info][gc,start    ] GC(418) Pause Young (Normal) (G1 Humongous Allocation)
[2025-11-06T12:04:30.245+0700][39.890s][info][gc,task     ] GC(418) Using 20 workers of 20 for evacuation
[2025-11-06T12:04:30.245+0700][39.891s][info][gc,phases   ] GC(418)   Pre Evacuate Collection Set: 0.2ms
[2025-11-06T12:04:30.246+0700][39.891s][info][gc,phases   ] GC(418)   Merge Heap Roots: 0.5ms
[2025-11-06T12:04:30.246+0700][39.891s][info][gc,phases   ] GC(418)   Evacuate Collection Set: 0.1ms
[2025-11-06T12:04:30.246+0700][39.891s][info][gc,phases   ] GC(418)   Post Evacuate Collection Set: 0.1ms
[2025-11-06T12:04:30.246+0700][39.891s][info][gc,phases   ] GC(418)   Other: 0.1ms
[2025-11-06T12:04:30.246+0700][39.891s][info][gc,heap     ] GC(418) Eden regions: 0->0(101)
[2025-11-06T12:04:30.246+0700][39.891s][info][gc,heap     ] GC(418) Survivor regions: 0->0(1)
[2025-11-06T12:04:30.246+0700][39.891s][info][gc,heap     ] GC(418) Old regions: 1->1
[2025-11-06T12:04:30.246+0700][39.891s][info][gc,heap     ] GC(418) Archive regions: 0->0
[2025-11-06T12:04:30.246+0700][39.891s][info][gc,heap     ] GC(418) Humongous regions: 2031->2031
[2025-11-06T12:04:30.246+0700][39.891s][info][gc,metaspace] GC(418) Metaspace: 9471K(9728K)->9471K(9728K) NonClass: 8331K(8448K)->8331K(8448K) Class: 1140K(1280K)->1140K(1280K)
[2025-11-06T12:04:30.246+0700][39.891s][info][gc          ] GC(418) Pause Young (Normal) (G1 Humongous Allocation) 8126M->8126M(8132M) 1.139ms
[2025-11-06T12:04:30.246+0700][39.892s][info][gc,cpu      ] GC(418) User=0.00s Sys=0.00s Real=0.00s
[2025-11-06T12:04:30.246+0700][39.892s][info][gc,ergo     ] Attempting full compaction
[2025-11-06T12:04:30.246+0700][39.892s][info][gc,task     ] GC(419) Using 20 workers of 20 for full compaction
[2025-11-06T12:04:30.246+0700][39.892s][info][gc,start    ] GC(419) Pause Full (G1 Compaction Pause)
[2025-11-06T12:04:30.253+0700][39.899s][info][gc,phases,start] GC(419) Phase 1: Mark live objects
[2025-11-06T12:04:30.258+0700][39.904s][info][gc,phases      ] GC(419) Phase 1: Mark live objects 4.759ms
[2025-11-06T12:04:30.258+0700][39.904s][info][gc,phases,start] GC(419) Phase 2: Prepare for compaction
[2025-11-06T12:04:30.262+0700][39.908s][info][gc,phases      ] GC(419) Phase 2: Prepare for compaction 3.830ms
[2025-11-06T12:04:30.262+0700][39.908s][info][gc,phases,start] GC(419) Phase 3: Adjust pointers
[2025-11-06T12:04:30.263+0700][39.909s][info][gc,phases      ] GC(419) Phase 3: Adjust pointers 1.584ms
[2025-11-06T12:04:30.263+0700][39.909s][info][gc,phases,start] GC(419) Phase 4: Compact heap
[2025-11-06T12:04:30.264+0700][39.910s][info][gc,phases      ] GC(419) Phase 4: Compact heap 0.524ms
[2025-11-06T12:04:30.273+0700][39.919s][info][gc,heap        ] GC(419) Eden regions: 0->0(101)
[2025-11-06T12:04:30.274+0700][39.919s][info][gc,heap        ] GC(419) Survivor regions: 0->0(1)
[2025-11-06T12:04:30.274+0700][39.919s][info][gc,heap        ] GC(419) Old regions: 1->1
[2025-11-06T12:04:30.274+0700][39.919s][info][gc,heap        ] GC(419) Archive regions: 0->0
[2025-11-06T12:04:30.274+0700][39.919s][info][gc,heap        ] GC(419) Humongous regions: 2031->2031
[2025-11-06T12:04:30.274+0700][39.920s][info][gc,metaspace   ] GC(419) Metaspace: 9471K(9728K)->9466K(9728K) NonClass: 8331K(8448K)->8327K(8448K) Class: 1140K(1280K)->1138K(1280K)
[2025-11-06T12:04:30.274+0700][39.920s][info][gc             ] GC(419) Pause Full (G1 Compaction Pause) 8126M->8126M(8132M) 27.694ms
[2025-11-06T12:04:30.274+0700][39.920s][info][gc,cpu         ] GC(419) User=0.50s Sys=0.00s Real=0.03s
[2025-11-06T12:04:30.274+0700][39.920s][info][gc,ergo        ] Attempting maximum full compaction clearing soft references
[2025-11-06T12:04:30.274+0700][39.920s][info][gc,task        ] GC(420) Using 20 workers of 20 for full compaction
[2025-11-06T12:04:30.274+0700][39.920s][info][gc,start       ] GC(420) Pause Full (G1 Compaction Pause)
[2025-11-06T12:04:30.274+0700][39.920s][info][gc,phases,start] GC(420) Phase 1: Mark live objects
[2025-11-06T12:04:30.276+0700][39.922s][info][gc,phases      ] GC(420) Phase 1: Mark live objects 1.470ms
[2025-11-06T12:04:30.276+0700][39.922s][info][gc,phases,start] GC(420) Phase 2: Prepare for compaction
[2025-11-06T12:04:30.277+0700][39.923s][info][gc,phases      ] GC(420) Phase 2: Prepare for compaction 1.708ms
[2025-11-06T12:04:30.277+0700][39.923s][info][gc,phases,start] GC(420) Phase 3: Adjust pointers
[2025-11-06T12:04:30.278+0700][39.924s][info][gc,phases      ] GC(420) Phase 3: Adjust pointers 0.674ms
[2025-11-06T12:04:30.278+0700][39.924s][info][gc,phases,start] GC(420) Phase 4: Compact heap
[2025-11-06T12:04:30.279+0700][39.925s][info][gc,phases      ] GC(420) Phase 4: Compact heap 1.004ms
[2025-11-06T12:04:30.289+0700][39.935s][info][gc,heap        ] GC(420) Eden regions: 0->0(101)
[2025-11-06T12:04:30.289+0700][39.935s][info][gc,heap        ] GC(420) Survivor regions: 0->0(1)
[2025-11-06T12:04:30.289+0700][39.935s][info][gc,heap        ] GC(420) Old regions: 1->1
[2025-11-06T12:04:30.289+0700][39.935s][info][gc,heap        ] GC(420) Archive regions: 0->0
[2025-11-06T12:04:30.289+0700][39.935s][info][gc,heap        ] GC(420) Humongous regions: 2031->2031
[2025-11-06T12:04:30.289+0700][39.935s][info][gc,metaspace   ] GC(420) Metaspace: 9466K(9728K)->9466K(9728K) NonClass: 8327K(8448K)->8327K(8448K) Class: 1138K(1280K)->1138K(1280K)
[2025-11-06T12:04:30.289+0700][39.935s][info][gc             ] GC(420) Pause Full (G1 Compaction Pause) 8126M->8126M(8132M) 14.933ms
[2025-11-06T12:04:30.289+0700][39.935s][info][gc,cpu         ] GC(420) User=0.27s Sys=0.00s Real=0.02s
[2025-11-06T12:04:30.289+0700][39.935s][info][gc,marking     ] GC(417) Concurrent Cleanup for Next Mark 50.659ms
[2025-11-06T12:04:30.290+0700][39.935s][info][gc,marking     ] GC(417) Concurrent Mark Abort
[2025-11-06T12:04:30.290+0700][39.935s][info][gc             ] GC(417) Concurrent Mark Cycle 86.321ms
[2025-11-06T12:04:30.293+0700][39.939s][info][gc,start       ] GC(421) Pause Young (Normal) (G1 Evacuation Pause)
[2025-11-06T12:04:30.293+0700][39.939s][info][gc,task        ] GC(421) Using 20 workers of 20 for evacuation
[2025-11-06T12:04:30.294+0700][39.940s][info][gc             ] GC(421) To-space exhausted
[2025-11-06T12:04:30.294+0700][39.940s][info][gc,phases      ] GC(421)   Pre Evacuate Collection Set: 0.1ms
[2025-11-06T12:04:30.294+0700][39.940s][info][gc,phases      ] GC(421)   Merge Heap Roots: 0.0ms
[2025-11-06T12:04:30.294+0700][39.940s][info][gc,phases      ] GC(421)   Evacuate Collection Set: 0.1ms
[2025-11-06T12:04:30.294+0700][39.940s][info][gc,phases      ] GC(421)   Post Evacuate Collection Set: 0.5ms
[2025-11-06T12:04:30.294+0700][39.940s][info][gc,phases      ] GC(421)   Other: 0.1ms
[2025-11-06T12:04:30.294+0700][39.940s][info][gc,heap        ] GC(421) Eden regions: 1->0(101)
[2025-11-06T12:04:30.294+0700][39.940s][info][gc,heap        ] GC(421) Survivor regions: 0->0(0)
[2025-11-06T12:04:30.294+0700][39.940s][info][gc,heap        ] GC(421) Old regions: 1->2
[2025-11-06T12:04:30.294+0700][39.940s][info][gc,heap        ] GC(421) Archive regions: 0->0
[2025-11-06T12:04:30.294+0700][39.940s][info][gc,heap        ] GC(421) Humongous regions: 2031->2031
[2025-11-06T12:04:30.294+0700][39.940s][info][gc,metaspace   ] GC(421) Metaspace: 9483K(9728K)->9483K(9728K) NonClass: 8341K(8448K)->8341K(8448K) Class: 1142K(1280K)->1142K(1280K)
[2025-11-06T12:04:30.294+0700][39.940s][info][gc             ] GC(421) Pause Young (Normal) (G1 Evacuation Pause) 8130M->8130M(8132M) 0.844ms
[2025-11-06T12:04:30.294+0700][39.940s][info][gc,cpu         ] GC(421) User=0.00s Sys=0.00s Real=0.00s
[2025-11-06T12:04:30.294+0700][39.940s][info][gc,ergo        ] Attempting full compaction
[2025-11-06T12:04:30.294+0700][39.940s][info][gc,task        ] GC(422) Using 20 workers of 20 for full compaction
[2025-11-06T12:04:30.294+0700][39.940s][info][gc,start       ] GC(422) Pause Full (G1 Compaction Pause)
[2025-11-06T12:04:30.294+0700][39.940s][info][gc,phases,start] GC(422) Phase 1: Mark live objects
[2025-11-06T12:04:30.296+0700][39.942s][info][gc,phases      ] GC(422) Phase 1: Mark live objects 1.706ms
[2025-11-06T12:04:30.296+0700][39.942s][info][gc,phases,start] GC(422) Phase 2: Prepare for compaction
[2025-11-06T12:04:30.298+0700][39.944s][info][gc,phases      ] GC(422) Phase 2: Prepare for compaction 1.764ms
[2025-11-06T12:04:30.298+0700][39.944s][info][gc,phases,start] GC(422) Phase 3: Adjust pointers
[2025-11-06T12:04:30.299+0700][39.944s][info][gc,phases      ] GC(422) Phase 3: Adjust pointers 0.746ms
[2025-11-06T12:04:30.299+0700][39.944s][info][gc,phases,start] GC(422) Phase 4: Compact heap
[2025-11-06T12:04:30.299+0700][39.945s][info][gc,phases      ] GC(422) Phase 4: Compact heap 0.923ms
[2025-11-06T12:04:30.310+0700][39.956s][info][gc,heap        ] GC(422) Eden regions: 0->0(3)
[2025-11-06T12:04:30.310+0700][39.956s][info][gc,heap        ] GC(422) Survivor regions: 0->0(0)
[2025-11-06T12:04:30.310+0700][39.956s][info][gc,heap        ] GC(422) Old regions: 2->2
[2025-11-06T12:04:30.310+0700][39.956s][info][gc,heap        ] GC(422) Archive regions: 0->0
[2025-11-06T12:04:30.310+0700][39.956s][info][gc,heap        ] GC(422) Humongous regions: 2031->0
[2025-11-06T12:04:30.310+0700][39.956s][info][gc,metaspace   ] GC(422) Metaspace: 9483K(9728K)->9481K(9728K) NonClass: 8341K(8448K)->8339K(8448K) Class: 1142K(1280K)->1141K(1280K)
[2025-11-06T12:04:30.310+0700][39.956s][info][gc             ] GC(422) Pause Full (G1 Compaction Pause) 8130M->2M(28M) 15.793ms
[2025-11-06T12:04:30.310+0700][39.956s][info][gc,cpu         ] GC(422) User=0.12s Sys=0.03s Real=0.02s
[2025-11-06T12:04:30.318+0700][39.964s][info][gc,heap,exit   ] Heap
[2025-11-06T12:04:30.318+0700][39.964s][info][gc,heap,exit   ]  garbage-first heap   total 28672K, used 2324K [0x0000000603c00000, 0x0000000800000000)
[2025-11-06T12:04:30.318+0700][39.964s][info][gc,heap,exit   ]   region size 4096K, 1 young (4096K), 0 survivors (0K)
[2025-11-06T12:04:30.318+0700][39.964s][info][gc,heap,exit   ]  Metaspace       used 9481K, committed 9728K, reserved 1114112K
[2025-11-06T12:04:30.318+0700][39.964s][info][gc,heap,exit   ]   class space    used 1141K, committed 1280K, reserved 1048576K
